{
  "bomFormat": "CycloneDX",
  "components": [
    {
      "author": "",
      "bom-ref": "CycloneDxRef-Component-futures-task-0.3.34",
      "description": "Tools for working with tasks.\n",
      "externalReferences": [
        {
          "type": "website",
          "url": "https://rust-lang.github.io/futures-rs"
        },
        {
          "type": "vcs",
          "url": "https://github.com/rust-lang/futures-rs"
        }
      ],
      "licenses": [
        {
          "expression": "MIT OR Apache-2.0"
        }
      ],
      "name": "futures-task",
      "purl": "pkg:cargo/futures-task@0.3.34",
      "type": "library",
      "version": "0.3.34"
    },
    {
      "author": "",
      "bom-ref": "CycloneDxRef-Component-crossbeam-channel-0.5.16",
      "description": "Multi-producer multi-consumer channels for message passing",
      "externalReferences": [
        {
          "type": "website",
          "url": "https://github.com/crossbeam-rs/crossbeam/tree/master/crossbeam-channel"
        },
        {
          "type": "vcs",
          "url": "https://github.com/crossbeam-rs/crossbeam"
        }
      ],
      "licenses": [
        {
          "expression": "MIT OR Apache-2.0"
        }
      ],
      "name": "crossbeam-channel",
      "purl": "pkg:cargo/crossbeam-channel@0.5.16",
      "type": "library",
      "version": "0.5.16"
    },
    {
      "author": "Sebastian Thiel <sebastian.thiel@icloud.com>",
      "bom-ref": "CycloneDxRef-Component-gix-trace-0.1.21",
      "description": "A crate to provide minimal `tracing` support that can be turned off to zero cost",
      "externalReferences": [
        {
          "type": "vcs",
          "url": "https://github.com/GitoxideLabs/gitoxide"
        }
      ],
      "licenses": [
        {
          "expression": "MIT OR Apache-2.0"
        }
      ],
      "name": "gix-trace",
      "purl": "pkg:cargo/gix-trace@0.1.21",
      "type": "library",
      "version": "0.1.21"
    },
    {
      "author": "Sebastian Thiel <sebastian.thiel@icloud.com>",
      "bom-ref": "CycloneDxRef-Component-gix-url-0.37.1",
      "description": "A crate of the gitoxide project implementing parsing and serialization of gix-url",
      "externalReferences": [
        {
          "type": "vcs",
          "url": "https://github.com/GitoxideLabs/gitoxide"
        }
      ],
      "licenses": [
        {
          "expression": "MIT OR Apache-2.0"
        }
      ],
      "name": "gix-url",
      "purl": "pkg:cargo/gix-url@0.37.1",
      "type": "library",
      "version": "0.37.1"
    },
    {
      "author": "David Tolnay <dtolnay@gmail.com>",
      "bom-ref": "CycloneDxRef-Component-thiserror-impl-2.0.20",
      "description": "Implementation detail of the `thiserror` crate",
      "externalReferences": [
        {
          "type": "vcs",
          "url": "https://github.com/dtolnay/thiserror"
        }
      ],
      "licenses": [
        {
          "expression": "MIT OR Apache-2.0"
        }
      ],
      "name": "thiserror-impl",
      "purl": "pkg:cargo/thiserror-impl@2.0.20",
      "type": "application",
      "version": "2.0.20"
    },
    {
      "author": "Sebastian Thiel <sebastian.thiel@icloud.com>",
      "bom-ref": "CycloneDxRef-Component-gix-submodule-0.33.0",
      "description": "A crate of the gitoxide project dealing git submodules",
      "externalReferences": [
        {
          "type": "vcs",
          "url": "https://github.com/GitoxideLabs/gitoxide"
        }
      ],
      "licenses": [
        {
          "expression": "MIT OR Apache-2.0"
        }
      ],
      "name": "gix-submodule",
      "purl": "pkg:cargo/gix-submodule@0.33.0",
      "type": "library",
      "version": "0.33.0"
    },
    {
      "author": "Sebastian Thiel <sebastian.thiel@icloud.com>",
      "bom-ref": "CycloneDxRef-Component-gix-revwalk-0.34.0",
      "description": "A crate providing utilities for walking the revision graph",
      "externalReferences": [
        {
          "type": "vcs",
          "url": "https://github.com/GitoxideLabs/gitoxide"
        }
      ],
      "licenses": [
        {
          "expression": "MIT OR Apache-2.0"
        }
      ],
      "name": "gix-revwalk",
      "purl": "pkg:cargo/gix-revwalk@0.34.0",
      "type": "library",
      "version": "0.34.0"
    },
    {
      "author": "Sebastian Thiel <sebastian.thiel@icloud.com>",
      "bom-ref": "CycloneDxRef-Component-gix-dir-0.28.0",
      "description": "A crate of the gitoxide project dealing with directory walks",
      "externalReferences": [
        {
          "type": "vcs",
          "url": "https://github.com/GitoxideLabs/gitoxide"
        }
      ],
      "licenses": [
        {
          "expression": "MIT OR Apache-2.0"
        }
      ],
      "name": "gix-dir",
      "purl": "pkg:cargo/gix-dir@0.28.0",
      "type": "library",
      "version": "0.28.0"
    },
    {
      "author": "Michal 'vorner' Vaner <vorner@vorner.cz>",
      "bom-ref": "CycloneDxRef-Component-arc-swap-1.9.2",
      "description": "Atomically swappable Arc",
      "externalReferences": [
        {
          "type": "documentation",
          "url": "https://docs.rs/arc-swap"
        },
        {
          "type": "vcs",
          "url": "https://github.com/vorner/arc-swap"
        }
      ],
      "licenses": [
        {
          "expression": "MIT OR Apache-2.0"
        }
      ],
      "name": "arc-swap",
      "purl": "pkg:cargo/arc-swap@1.9.2",
      "type": "library",
      "version": "1.9.2"
    },
    {
      "author": "Nick Fitzgerald <fitzgen@gmail.com>",
      "bom-ref": "CycloneDxRef-Component-bumpalo-3.20.3",
      "description": "A fast bump allocation arena for Rust.",
      "externalReferences": [
        {
          "type": "documentation",
          "url": "https://docs.rs/bumpalo"
        },
        {
          "type": "vcs",
          "url": "https://github.com/fitzgen/bumpalo"
        }
      ],
      "licenses": [
        {
          "expression": "MIT OR Apache-2.0"
        }
      ],
      "name": "bumpalo",
      "purl": "pkg:cargo/bumpalo@3.20.3",
      "type": "library",
      "version": "3.20.3"
    },
    {
      "author": "Sebastian Thiel <sebastian.thiel@icloud.com>",
      "bom-ref": "CycloneDxRef-Component-gix-worktree-state-0.33.0",
      "description": "A crate of the gitoxide project implementing setting the worktree to a particular state",
      "externalReferences": [
        {
          "type": "vcs",
          "url": "https://github.com/GitoxideLabs/gitoxide"
        }
      ],
      "licenses": [
        {
          "expression": "MIT OR Apache-2.0"
        }
      ],
      "name": "gix-worktree-state",
      "purl": "pkg:cargo/gix-worktree-state@0.33.0",
      "type": "library",
      "version": "0.33.0"
    },
    {
      "author": "Hyunsik Choi <hyunsik.choi@gmail.com>, MrCroxx <mrcroxx@outlook.com>, Rob Ede <robjtede@icloud.com>",
      "bom-ref": "CycloneDxRef-Component-bytesize-2.7.0",
      "description": "Semantic wrapper for byte count representations",
      "externalReferences": [
        {
          "type": "vcs",
          "url": "https://github.com/bytesize-rs/bytesize"
        }
      ],
      "licenses": [
        {
          "expression": "Apache-2.0"
        }
      ],
      "name": "bytesize",
      "purl": "pkg:cargo/bytesize@2.7.0",
      "type": "library",
      "version": "2.7.0"
    },
    {
      "author": "Sebastian Thiel <sebastian.thiel@icloud.com>",
      "bom-ref": "CycloneDxRef-Component-gix-pack-0.73.0",
      "description": "Implements git packs and related data structures",
      "externalReferences": [
        {
          "type": "vcs",
          "url": "https://github.com/GitoxideLabs/gitoxide"
        }
      ],
      "licenses": [
        {
          "expression": "MIT OR Apache-2.0"
        }
      ],
      "name": "gix-pack",
      "purl": "pkg:cargo/gix-pack@0.73.0",
      "type": "library",
      "version": "0.73.0"
    },
    {
      "author": "Andrew Gallant <jamslam@gmail.com>",
      "bom-ref": "CycloneDxRef-Component-byteorder-1.5.0",
      "description": "Library for reading/writing numbers in big-endian and little-endian.",
      "externalReferences": [
        {
          "type": "documentation",
          "url": "https://docs.rs/byteorder"
        },
        {
          "type": "website",
          "url": "https://github.com/BurntSushi/byteorder"
        },
        {
          "type": "vcs",
          "url": "https://github.com/BurntSushi/byteorder"
        }
      ],
      "licenses": [
        {
          "expression": "Unlicense OR MIT"
        }
      ],
      "name": "byteorder",
      "purl": "pkg:cargo/byteorder@1.5.0",
      "type": "library",
      "version": "1.5.0"
    },
    {
      "author": "RustCrypto Developers",
      "bom-ref": "CycloneDxRef-Component-block-buffer-0.10.4",
      "description": "Buffer type for block processing of data",
      "externalReferences": [
        {
          "type": "documentation",
          "url": "https://docs.rs/block-buffer"
        },
        {
          "type": "vcs",
          "url": "https://github.com/RustCrypto/utils"
        }
      ],
      "licenses": [
        {
          "expression": "MIT OR Apache-2.0"
        }
      ],
      "name": "block-buffer",
      "purl": "pkg:cargo/block-buffer@0.10.4",
      "type": "library",
      "version": "0.10.4"
    },
    {
      "author": "Alex Crichton <alex@alexcrichton.com>",
      "bom-ref": "CycloneDxRef-Component-filetime-0.2.29",
      "description": "Platform-agnostic accessors of timestamps in File metadata\n",
      "externalReferences": [
        {
          "type": "documentation",
          "url": "https://docs.rs/filetime"
        },
        {
          "type": "website",
          "url": "https://github.com/alexcrichton/filetime"
        },
        {
          "type": "vcs",
          "url": "https://github.com/alexcrichton/filetime"
        }
      ],
      "licenses": [
        {
          "expression": "MIT OR Apache-2.0"
        }
      ],
      "name": "filetime",
      "purl": "pkg:cargo/filetime@0.2.29",
      "type": "library",
      "version": "0.2.29"
    },
    {
      "author": "Peter Atashian <retep998@gmail.com>",
      "bom-ref": "CycloneDxRef-Component-winapi-i686-pc-windows-gnu-0.4.0",
      "description": "Import libraries for the i686-pc-windows-gnu target. Please don't use this crate directly, depend on winapi instead.",
      "externalReferences": [
        {
          "type": "vcs",
          "url": "https://github.com/retep998/winapi-rs"
        }
      ],
      "licenses": [
        {
          "expression": "MIT OR Apache-2.0"
        }
      ],
      "name": "winapi-i686-pc-windows-gnu",
      "purl": "pkg:cargo/winapi-i686-pc-windows-gnu@0.4.0",
      "type": "library",
      "version": "0.4.0"
    },
    {
      "author": "Microsoft",
      "bom-ref": "CycloneDxRef-Component-windows_aarch64_msvc-0.52.6",
      "description": "Import lib for Windows",
      "externalReferences": [
        {
          "type": "vcs",
          "url": "https://github.com/microsoft/windows-rs"
        }
      ],
      "licenses": [
        {
          "expression": "MIT OR Apache-2.0"
        }
      ],
      "name": "windows_aarch64_msvc",
      "purl": "pkg:cargo/windows_aarch64_msvc@0.52.6",
      "type": "library",
      "version": "0.52.6"
    },
    {
      "author": "Sebastian Thiel <sebastian.thiel@icloud.com>",
      "bom-ref": "CycloneDxRef-Component-gix-utils-0.3.5",
      "description": "A crate with `gitoxide` utilities that don't need feature toggles",
      "externalReferences": [
        {
          "type": "vcs",
          "url": "https://github.com/GitoxideLabs/gitoxide"
        }
      ],
      "licenses": [
        {
          "expression": "MIT OR Apache-2.0"
        }
      ],
      "name": "gix-utils",
      "purl": "pkg:cargo/gix-utils@0.3.5",
      "type": "library",
      "version": "0.3.5"
    },
    {
      "author": "The Rust Project Developers",
      "bom-ref": "CycloneDxRef-Component-bitflags-2.13.1",
      "description": "A macro to generate structures which behave like bitflags.\n",
      "externalReferences": [
        {
          "type": "documentation",
          "url": "https://docs.rs/bitflags"
        },
        {
          "type": "website",
          "url": "https://github.com/bitflags/bitflags"
        },
        {
          "type": "vcs",
          "url": "https://github.com/bitflags/bitflags"
        }
      ],
      "licenses": [
        {
          "expression": "MIT OR Apache-2.0"
        }
      ],
      "name": "bitflags",
      "purl": "pkg:cargo/bitflags@2.13.1",
      "type": "library",
      "version": "2.13.1"
    },
    {
      "author": "MDeiml",
      "bom-ref": "CycloneDxRef-Component-tree-sitter-md-0.5.3",
      "description": "Markdown grammar for tree-sitter",
      "externalReferences": [
        {
          "type": "vcs",
          "url": "https://github.com/tree-sitter-grammars/tree-sitter-markdown"
        }
      ],
      "licenses": [
        {
          "expression": "MIT"
        }
      ],
      "name": "tree-sitter-md",
      "purl": "pkg:cargo/tree-sitter-md@0.5.3",
      "type": "library",
      "version": "0.5.3"
    },
    {
      "author": "The Rust Project Developers, Andrew Gallant <jamslam@gmail.com>",
      "bom-ref": "CycloneDxRef-Component-regex-automata-0.4.16",
      "description": "Automata construction and matching using regular expressions.",
      "externalReferences": [
        {
          "type": "documentation",
          "url": "https://docs.rs/regex-automata"
        },
        {
          "type": "website",
          "url": "https://github.com/rust-lang/regex/tree/master/regex-automata"
        },
        {
          "type": "vcs",
          "url": "https://github.com/rust-lang/regex"
        }
      ],
      "licenses": [
        {
          "expression": "MIT OR Apache-2.0"
        }
      ],
      "name": "regex-automata",
      "purl": "pkg:cargo/regex-automata@0.4.16",
      "type": "library",
      "version": "0.4.16"
    },
    {
      "author": "Ashley Mannix<ashleymannix@live.com.au>, Dylan DPC<dylan.dpc@gmail.com>, Hunar Roop Kahlon<hunar.roop@gmail.com>",
      "bom-ref": "CycloneDxRef-Component-uuid-1.24.1",
      "description": "A library to generate and parse UUIDs.",
      "externalReferences": [
        {
          "type": "documentation",
          "url": "https://docs.rs/uuid"
        },
        {
          "type": "website",
          "url": "https://github.com/uuid-rs/uuid"
        },
        {
          "type": "vcs",
          "url": "https://github.com/uuid-rs/uuid"
        }
      ],
      "licenses": [
        {
          "expression": "Apache-2.0 OR MIT"
        }
      ],
      "name": "uuid",
      "purl": "pkg:cargo/uuid@1.24.1",
      "type": "library",
      "version": "1.24.1"
    },
    {
      "author": "Jack O'Connor <oconnor663@gmail.com>, Samuel Neves",
      "bom-ref": "CycloneDxRef-Component-blake3-1.8.5",
      "description": "the BLAKE3 hash function",
      "externalReferences": [
        {
          "type": "documentation",
          "url": "https://docs.rs/blake3"
        },
        {
          "type": "vcs",
          "url": "https://github.com/BLAKE3-team/BLAKE3"
        }
      ],
      "licenses": [
        {
          "expression": "CC0-1.0 OR Apache-2.0 OR Apache-2.0"
        }
      ],
      "name": "blake3",
      "purl": "pkg:cargo/blake3@1.8.5",
      "type": "library",
      "version": "1.8.5"
    },
    {
      "author": "zhangsoledad <787953403@qq.com>",
      "bom-ref": "CycloneDxRef-Component-faster-hex-0.10.0",
      "description": "Fast hex encoding.",
      "externalReferences": [
        {
          "type": "website",
          "url": "https://github.com/NervosFoundation/faster-hex"
        },
        {
          "type": "vcs",
          "url": "https://github.com/NervosFoundation/faster-hex"
        }
      ],
      "licenses": [
        {
          "expression": "MIT"
        }
      ],
      "name": "faster-hex",
      "purl": "pkg:cargo/faster-hex@0.10.0",
      "type": "library",
      "version": "0.10.0"
    },
    {
      "author": "Sebastian Thiel <sebastian.thiel@icloud.com>",
      "bom-ref": "CycloneDxRef-Component-gix-shallow-0.13.0",
      "description": "Handle files specifying the shallow boundary",
      "externalReferences": [
        {
          "type": "vcs",
          "url": "https://github.com/GitoxideLabs/gitoxide"
        }
      ],
      "licenses": [
        {
          "expression": "MIT OR Apache-2.0"
        }
      ],
      "name": "gix-shallow",
      "purl": "pkg:cargo/gix-shallow@0.13.0",
      "type": "library",
      "version": "0.13.0"
    },
    {
      "author": "Sebastian Thiel <sebastian.thiel@icloud.com>",
      "bom-ref": "CycloneDxRef-Component-gix-discover-0.54.0",
      "description": "Discover git repositories and check if a directory is a git repository",
      "externalReferences": [
        {
          "type": "vcs",
          "url": "https://github.com/GitoxideLabs/gitoxide"
        }
      ],
      "licenses": [
        {
          "expression": "MIT OR Apache-2.0"
        }
      ],
      "name": "gix-discover",
      "purl": "pkg:cargo/gix-discover@0.54.0",
      "type": "library",
      "version": "0.54.0"
    },
    {
      "author": "",
      "bom-ref": "CycloneDxRef-Component-typenum-1.20.1",
      "description": "Typenum is a Rust library for type-level numbers evaluated at\n    compile time. It currently supports bits, unsigned integers, and signed\n    integers. It also provides a type-level array of type-level numbers, but its\n    implementation is incomplete.",
      "externalReferences": [
        {
          "type": "documentation",
          "url": "https://docs.rs/typenum"
        },
        {
          "type": "vcs",
          "url": "https://github.com/paholg/typenum"
        }
      ],
      "licenses": [
        {
          "expression": "MIT OR Apache-2.0"
        }
      ],
      "name": "typenum",
      "purl": "pkg:cargo/typenum@1.20.1",
      "type": "library",
      "version": "1.20.1"
    },
    {
      "author": "Stjepan Glavina <stjepang@gmail.com>",
      "bom-ref": "CycloneDxRef-Component-fastrand-2.5.0",
      "description": "A simple and fast random number generator",
      "externalReferences": [
        {
          "type": "vcs",
          "url": "https://github.com/smol-rs/fastrand"
        }
      ],
      "licenses": [
        {
          "expression": "Apache-2.0 OR MIT"
        }
      ],
      "name": "fastrand",
      "purl": "pkg:cargo/fastrand@2.5.0",
      "type": "library",
      "version": "2.5.0"
    },
    {
      "author": "Sebastian Thiel <sebastian.thiel@icloud.com>",
      "bom-ref": "CycloneDxRef-Component-gix-protocol-0.64.0",
      "description": "A crate of the gitoxide project for implementing git protocols",
      "externalReferences": [
        {
          "type": "vcs",
          "url": "https://github.com/GitoxideLabs/gitoxide"
        }
      ],
      "licenses": [
        {
          "expression": "MIT OR Apache-2.0"
        }
      ],
      "name": "gix-protocol",
      "purl": "pkg:cargo/gix-protocol@0.64.0",
      "type": "library",
      "version": "0.64.0"
    },
    {
      "author": "David Tolnay <dtolnay@gmail.com>",
      "bom-ref": "CycloneDxRef-Component-itoa-1.0.18",
      "description": "Fast integer primitive to string conversion",
      "externalReferences": [
        {
          "type": "documentation",
          "url": "https://docs.rs/itoa"
        },
        {
          "type": "vcs",
          "url": "https://github.com/dtolnay/itoa"
        }
      ],
      "licenses": [
        {
          "expression": "MIT OR Apache-2.0"
        }
      ],
      "name": "itoa",
      "purl": "pkg:cargo/itoa@1.0.18",
      "type": "library",
      "version": "1.0.18"
    },
    {
      "author": "Dan Gohman <dev@sunfishcode.online>",
      "bom-ref": "CycloneDxRef-Component-linux-raw-sys-0.12.1",
      "description": "Generated bindings for Linux's userspace API",
      "externalReferences": [
        {
          "type": "documentation",
          "url": "https://docs.rs/linux-raw-sys"
        },
        {
          "type": "vcs",
          "url": "https://github.com/sunfishcode/linux-raw-sys"
        }
      ],
      "licenses": [
        {
          "expression": "Apache-2.0 OR Apache-2.0 OR MIT"
        }
      ],
      "name": "linux-raw-sys",
      "purl": "pkg:cargo/linux-raw-sys@0.12.1",
      "type": "library",
      "version": "0.12.1"
    },
    {
      "author": "Bob Chatman <bob.chatman@gmail.com>",
      "bom-ref": "CycloneDxRef-Component-human_format-1.2.1",
      "description": "Rust Port of human-format from node, formatting numbers for us, while the machines are still at bay.",
      "externalReferences": [
        {
          "type": "documentation",
          "url": "https://docs.rs/human_format"
        },
        {
          "type": "website",
          "url": "https://bobgneu.github.io/human-format-rs/"
        },
        {
          "type": "vcs",
          "url": "https://github.com/BobGneu/human-format-rs"
        }
      ],
      "licenses": [
        {
          "expression": "MIT"
        }
      ],
      "name": "human_format",
      "purl": "pkg:cargo/human_format@1.2.1",
      "type": "library",
      "version": "1.2.1"
    },
    {
      "author": "Microsoft",
      "bom-ref": "CycloneDxRef-Component-windows_i686_gnullvm-0.52.6",
      "description": "Import lib for Windows",
      "externalReferences": [
        {
          "type": "vcs",
          "url": "https://github.com/microsoft/windows-rs"
        }
      ],
      "licenses": [
        {
          "expression": "MIT OR Apache-2.0"
        }
      ],
      "name": "windows_i686_gnullvm",
      "purl": "pkg:cargo/windows_i686_gnullvm@0.52.6",
      "type": "library",
      "version": "0.52.6"
    },
    {
      "author": "Sebastian Thiel <sebastian.thiel@icloud.com>",
      "bom-ref": "CycloneDxRef-Component-gix-revision-0.48.0",
      "description": "A crate of the gitoxide project dealing with finding names for revisions and parsing specifications",
      "externalReferences": [
        {
          "type": "vcs",
          "url": "https://github.com/GitoxideLabs/gitoxide"
        }
      ],
      "licenses": [
        {
          "expression": "MIT OR Apache-2.0"
        }
      ],
      "name": "gix-revision",
      "purl": "pkg:cargo/gix-revision@0.48.0",
      "type": "library",
      "version": "0.48.0"
    },
    {
      "author": "Sebastian Thiel <sebastian.thiel@icloud.com>",
      "bom-ref": "CycloneDxRef-Component-gix-attributes-0.34.0",
      "description": "A crate of the gitoxide project dealing .gitattributes files",
      "externalReferences": [
        {
          "type": "vcs",
          "url": "https://github.com/GitoxideLabs/gitoxide"
        }
      ],
      "licenses": [
        {
          "expression": "MIT OR Apache-2.0"
        }
      ],
      "name": "gix-attributes",
      "purl": "pkg:cargo/gix-attributes@0.34.0",
      "type": "library",
      "version": "0.34.0"
    },
    {
      "author": "Sebastian Thiel <sebastian.thiel@icloud.com>",
      "bom-ref": "CycloneDxRef-Component-gix-refspec-0.44.0",
      "description": "A crate of the gitoxide project for parsing and representing refspecs",
      "externalReferences": [
        {
          "type": "vcs",
          "url": "https://github.com/GitoxideLabs/gitoxide"
        }
      ],
      "licenses": [
        {
          "expression": "MIT OR Apache-2.0"
        }
      ],
      "name": "gix-refspec",
      "purl": "pkg:cargo/gix-refspec@0.44.0",
      "type": "library",
      "version": "0.44.0"
    },
    {
      "author": "",
      "bom-ref": "CycloneDxRef-Component-futures-util-0.3.34",
      "description": "Common utilities and extension traits for the futures-rs library.\n",
      "externalReferences": [
        {
          "type": "website",
          "url": "https://rust-lang.github.io/futures-rs"
        },
        {
          "type": "vcs",
          "url": "https://github.com/rust-lang/futures-rs"
        }
      ],
      "licenses": [
        {
          "expression": "MIT OR Apache-2.0"
        }
      ],
      "name": "futures-util",
      "purl": "pkg:cargo/futures-util@0.3.34",
      "type": "library",
      "version": "0.3.34"
    },
    {
      "author": "RustCrypto Developers",
      "bom-ref": "CycloneDxRef-Component-sha2-0.10.9",
      "description": "Pure Rust implementation of the SHA-2 hash function family\nincluding SHA-224, SHA-256, SHA-384, and SHA-512.\n",
      "externalReferences": [
        {
          "type": "documentation",
          "url": "https://docs.rs/sha2"
        },
        {
          "type": "vcs",
          "url": "https://github.com/RustCrypto/hashes"
        }
      ],
      "licenses": [
        {
          "expression": "MIT OR Apache-2.0"
        }
      ],
      "name": "sha2",
      "purl": "pkg:cargo/sha2@0.10.9",
      "type": "library",
      "version": "0.10.9"
    },
    {
      "author": "Max Brunsfeld <maxbrunsfeld@gmail.com>, Amaan Qureshi <amaanq12@gmail.com>",
      "bom-ref": "CycloneDxRef-Component-tree-sitter-0.26.11",
      "description": "Rust bindings to the Tree-sitter parsing library",
      "externalReferences": [
        {
          "type": "documentation",
          "url": "https://docs.rs/tree-sitter"
        },
        {
          "type": "website",
          "url": "https://tree-sitter.github.io/tree-sitter"
        },
        {
          "type": "vcs",
          "url": "https://github.com/tree-sitter/tree-sitter"
        }
      ],
      "licenses": [
        {
          "expression": "MIT"
        }
      ],
      "name": "tree-sitter",
      "purl": "pkg:cargo/tree-sitter@0.26.11",
      "type": "library",
      "version": "0.26.11"
    },
    {
      "author": "Sebastian Thiel <sebastian.thiel@icloud.com>",
      "bom-ref": "CycloneDxRef-Component-prodash-31.0.0",
      "description": "A dashboard for visualizing progress of asynchronous and possibly blocking tasks",
      "externalReferences": [
        {
          "type": "vcs",
          "url": "https://github.com/GitoxideLabs/prodash"
        }
      ],
      "licenses": [
        {
          "expression": "MIT"
        }
      ],
      "name": "prodash",
      "purl": "pkg:cargo/prodash@31.0.0",
      "type": "library",
      "version": "31.0.0"
    },
    {
      "author": "Jorge Aparicio <jorge@japaric.io>",
      "bom-ref": "CycloneDxRef-Component-hash32-0.3.1",
      "description": "32-bit hashing algorithms",
      "externalReferences": [
        {
          "type": "vcs",
          "url": "https://github.com/japaric/hash32"
        }
      ],
      "licenses": [
        {
          "expression": "MIT OR Apache-2.0"
        }
      ],
      "name": "hash32",
      "purl": "pkg:cargo/hash32@0.3.1",
      "type": "library",
      "version": "0.3.1"
    },
    {
      "author": "Sebastian Thiel <sebastian.thiel@icloud.com>",
      "bom-ref": "CycloneDxRef-Component-gix-path-0.12.4",
      "description": "A crate of the gitoxide project dealing paths and their conversions",
      "externalReferences": [
        {
          "type": "vcs",
          "url": "https://github.com/GitoxideLabs/gitoxide"
        }
      ],
      "licenses": [
        {
          "expression": "MIT OR Apache-2.0"
        }
      ],
      "name": "gix-path",
      "purl": "pkg:cargo/gix-path@0.12.4",
      "type": "library",
      "version": "0.12.4"
    },
    {
      "author": "David Tolnay <dtolnay@gmail.com>",
      "bom-ref": "CycloneDxRef-Component-rustversion-1.0.23",
      "description": "Conditional compilation according to rustc compiler version",
      "externalReferences": [
        {
          "type": "documentation",
          "url": "https://docs.rs/rustversion"
        },
        {
          "type": "vcs",
          "url": "https://github.com/dtolnay/rustversion"
        }
      ],
      "licenses": [
        {
          "expression": "MIT OR Apache-2.0"
        }
      ],
      "name": "rustversion",
      "purl": "pkg:cargo/rustversion@1.0.23",
      "type": "application",
      "version": "1.0.23"
    },
    {
      "author": "RustCrypto Developers",
      "bom-ref": "CycloneDxRef-Component-digest-0.10.7",
      "description": "Traits for cryptographic hash functions and message authentication codes",
      "externalReferences": [
        {
          "type": "documentation",
          "url": "https://docs.rs/digest"
        },
        {
          "type": "vcs",
          "url": "https://github.com/RustCrypto/traits"
        }
      ],
      "licenses": [
        {
          "expression": "MIT OR Apache-2.0"
        }
      ],
      "name": "digest",
      "purl": "pkg:cargo/digest@0.10.7",
      "type": "library",
      "version": "0.10.7"
    },
    {
      "author": "Peter Atashian <retep998@gmail.com>",
      "bom-ref": "CycloneDxRef-Component-winapi-0.3.9",
      "description": "Raw FFI bindings for all of Windows API.",
      "externalReferences": [
        {
          "type": "documentation",
          "url": "https://docs.rs/winapi/"
        },
        {
          "type": "vcs",
          "url": "https://github.com/retep998/winapi-rs"
        }
      ],
      "licenses": [
        {
          "expression": "MIT OR Apache-2.0"
        }
      ],
      "name": "winapi",
      "purl": "pkg:cargo/winapi@0.3.9",
      "type": "library",
      "version": "0.3.9"
    },
    {
      "author": "The Rust Project Developers",
      "bom-ref": "CycloneDxRef-Component-log-0.4.33",
      "description": "A lightweight logging facade for Rust\n",
      "externalReferences": [
        {
          "type": "documentation",
          "url": "https://docs.rs/log"
        },
        {
          "type": "vcs",
          "url": "https://github.com/rust-lang/log"
        }
      ],
      "licenses": [
        {
          "expression": "MIT OR Apache-2.0"
        }
      ],
      "name": "log",
      "purl": "pkg:cargo/log@0.4.33",
      "type": "library",
      "version": "0.4.33"
    },
    {
      "author": "Amanieu d'Antras <amanieu@gmail.com>",
      "bom-ref": "CycloneDxRef-Component-parking_lot_core-0.9.12",
      "description": "An advanced API for creating custom synchronization primitives.",
      "externalReferences": [
        {
          "type": "vcs",
          "url": "https://github.com/Amanieu/parking_lot"
        }
      ],
      "licenses": [
        {
          "expression": "MIT OR Apache-2.0"
        }
      ],
      "name": "parking_lot_core",
      "purl": "pkg:cargo/parking_lot_core@0.9.12",
      "type": "library",
      "version": "0.9.12"
    },
    {
      "author": "marmeladema <xademax@gmail.com>",
      "bom-ref": "CycloneDxRef-Component-clru-0.6.3",
      "description": "An LRU cache implementation with constant time operations and weighted semantic",
      "externalReferences": [
        {
          "type": "vcs",
          "url": "https://github.com/marmeladema/clru-rs"
        }
      ],
      "licenses": [
        {
          "expression": "MIT"
        }
      ],
      "name": "clru",
      "purl": "pkg:cargo/clru@0.6.3",
      "type": "library",
      "version": "0.6.3"
    },
    {
      "author": "Sebastian Thiel <sebastian.thiel@icloud.com>",
      "bom-ref": "CycloneDxRef-Component-gix-zlib-0.1.0",
      "description": "Zlib-rs streaming compression and decompression utilities used by gitoxide",
      "externalReferences": [
        {
          "type": "vcs",
          "url": "https://github.com/GitoxideLabs/gitoxide"
        }
      ],
      "licenses": [
        {
          "expression": "MIT OR Apache-2.0"
        }
      ],
      "name": "gix-zlib",
      "purl": "pkg:cargo/gix-zlib@0.1.0",
      "type": "library",
      "version": "0.1.0"
    },
    {
      "author": "Chris Wong <lambda.fairy@gmail.com>, Dan Gohman <dev@sunfishcode.online>",
      "bom-ref": "CycloneDxRef-Component-errno-0.3.14",
      "description": "Cross-platform interface to the `errno` variable.",
      "externalReferences": [
        {
          "type": "documentation",
          "url": "https://docs.rs/errno"
        },
        {
          "type": "vcs",
          "url": "https://github.com/lambda-fairy/rust-errno"
        }
      ],
      "licenses": [
        {
          "expression": "MIT OR Apache-2.0"
        }
      ],
      "name": "errno",
      "purl": "pkg:cargo/errno@0.3.14",
      "type": "library",
      "version": "0.3.14"
    },
    {
      "author": "The rust-url developers",
      "bom-ref": "CycloneDxRef-Component-percent-encoding-2.3.2",
      "description": "Percent encoding and decoding",
      "externalReferences": [
        {
          "type": "vcs",
          "url": "https://github.com/servo/rust-url/"
        }
      ],
      "licenses": [
        {
          "expression": "MIT OR Apache-2.0"
        }
      ],
      "name": "percent-encoding",
      "purl": "pkg:cargo/percent-encoding@2.3.2",
      "type": "library",
      "version": "2.3.2"
    },
    {
      "author": "Sebastian Thiel <sebastian.thiel@icloud.com>",
      "bom-ref": "CycloneDxRef-Component-gix-transport-0.58.1",
      "description": "A crate of the gitoxide project dedicated to implementing the git transport layer",
      "externalReferences": [
        {
          "type": "vcs",
          "url": "https://github.com/GitoxideLabs/gitoxide"
        }
      ],
      "licenses": [
        {
          "expression": "MIT OR Apache-2.0"
        }
      ],
      "name": "gix-transport",
      "purl": "pkg:cargo/gix-transport@0.58.1",
      "type": "library",
      "version": "0.58.1"
    },
    {
      "author": "Sebastian Thiel <sebastian.thiel@icloud.com>",
      "bom-ref": "CycloneDxRef-Component-gix-traverse-0.60.0",
      "description": "A crate of the gitoxide project",
      "externalReferences": [
        {
          "type": "vcs",
          "url": "https://github.com/GitoxideLabs/gitoxide"
        }
      ],
      "licenses": [
        {
          "expression": "MIT OR Apache-2.0"
        }
      ],
      "name": "gix-traverse",
      "purl": "pkg:cargo/gix-traverse@0.60.0",
      "type": "library",
      "version": "0.60.0"
    },
    {
      "author": "Pascal Kuthe <pascal.kuthe@semimod.de>",
      "bom-ref": "CycloneDxRef-Component-gix-hashtable-0.16.0",
      "description": "A crate that provides hashtable based data structures optimized to utilize ObjectId keys",
      "externalReferences": [
        {
          "type": "vcs",
          "url": "https://github.com/GitoxideLabs/gitoxide"
        }
      ],
      "licenses": [
        {
          "expression": "MIT OR Apache-2.0"
        }
      ],
      "name": "gix-hashtable",
      "purl": "pkg:cargo/gix-hashtable@0.16.0",
      "type": "library",
      "version": "0.16.0"
    },
    {
      "author": "",
      "bom-ref": "CycloneDxRef-Component-windows_i686_msvc-0.53.1",
      "description": "Import lib for Windows",
      "externalReferences": [
        {
          "type": "vcs",
          "url": "https://github.com/microsoft/windows-rs"
        }
      ],
      "licenses": [
        {
          "expression": "MIT OR Apache-2.0"
        }
      ],
      "name": "windows_i686_msvc",
      "purl": "pkg:cargo/windows_i686_msvc@0.53.1",
      "type": "library",
      "version": "0.53.1"
    },
    {
      "author": "",
      "bom-ref": "CycloneDxRef-Component-windows_x86_64_gnu-0.53.1",
      "description": "Import lib for Windows",
      "externalReferences": [
        {
          "type": "vcs",
          "url": "https://github.com/microsoft/windows-rs"
        }
      ],
      "licenses": [
        {
          "expression": "MIT OR Apache-2.0"
        }
      ],
      "name": "windows_x86_64_gnu",
      "purl": "pkg:cargo/windows_x86_64_gnu@0.53.1",
      "type": "library",
      "version": "0.53.1"
    },
    {
      "author": "pascalkuthe <pascalkuthe@pm.me>, Sebastian Thiel <sebastian.thiel@icloud.com>",
      "bom-ref": "CycloneDxRef-Component-gix-imara-diff-0.2.4",
      "description": "A high performance library for computing diffs, maintained as a modified copy of upstream imara-diff for gitoxide.",
      "externalReferences": [
        {
          "type": "vcs",
          "url": "https://github.com/GitoxideLabs/gitoxide"
        }
      ],
      "licenses": [
        {
          "expression": "Apache-2.0"
        }
      ],
      "name": "gix-imara-diff",
      "purl": "pkg:cargo/gix-imara-diff@0.2.4",
      "type": "library",
      "version": "0.2.4"
    },
    {
      "author": "RustCrypto Developers",
      "bom-ref": "CycloneDxRef-Component-sha1-checked-0.10.0",
      "description": "SHA-1 hash function with collision detection",
      "externalReferences": [
        {
          "type": "documentation",
          "url": "https://docs.rs/sha1-checked"
        },
        {
          "type": "vcs",
          "url": "https://github.com/RustCrypto/hashes"
        }
      ],
      "licenses": [
        {
          "expression": "MIT OR Apache-2.0"
        }
      ],
      "name": "sha1-checked",
      "purl": "pkg:cargo/sha1-checked@0.10.0",
      "type": "library",
      "version": "0.10.0"
    },
    {
      "author": "Sebastian Thiel <sebastian.thiel@icloud.com>",
      "bom-ref": "CycloneDxRef-Component-gix-features-0.49.0",
      "description": "A crate to integrate various capabilities using compile-time feature flags",
      "externalReferences": [
        {
          "type": "vcs",
          "url": "https://github.com/GitoxideLabs/gitoxide"
        }
      ],
      "licenses": [
        {
          "expression": "MIT OR Apache-2.0"
        }
      ],
      "name": "gix-features",
      "purl": "pkg:cargo/gix-features@0.49.0",
      "type": "library",
      "version": "0.49.0"
    },
    {
      "author": "David Tolnay <dtolnay@gmail.com>",
      "bom-ref": "CycloneDxRef-Component-syn-2.0.119",
      "description": "Parser for Rust source code",
      "externalReferences": [
        {
          "type": "documentation",
          "url": "https://docs.rs/syn"
        },
        {
          "type": "vcs",
          "url": "https://github.com/dtolnay/syn"
        }
      ],
      "licenses": [
        {
          "expression": "MIT OR Apache-2.0"
        }
      ],
      "name": "syn",
      "purl": "pkg:cargo/syn@2.0.119",
      "type": "library",
      "version": "2.0.119"
    },
    {
      "author": "Microsoft",
      "bom-ref": "CycloneDxRef-Component-windows-sys-0.60.2",
      "description": "Rust for Windows",
      "externalReferences": [
        {
          "type": "vcs",
          "url": "https://github.com/microsoft/windows-rs"
        }
      ],
      "licenses": [
        {
          "expression": "MIT OR Apache-2.0"
        }
      ],
      "name": "windows-sys",
      "purl": "pkg:cargo/windows-sys@0.60.2",
      "type": "library",
      "version": "0.60.2"
    },
    {
      "author": "",
      "bom-ref": "CycloneDxRef-Component-crossbeam-deque-0.8.7",
      "description": "Concurrent work-stealing deque",
      "externalReferences": [
        {
          "type": "website",
          "url": "https://github.com/crossbeam-rs/crossbeam/tree/master/crossbeam-deque"
        },
        {
          "type": "vcs",
          "url": "https://github.com/crossbeam-rs/crossbeam"
        }
      ],
      "licenses": [
        {
          "expression": "MIT OR Apache-2.0"
        }
      ],
      "name": "crossbeam-deque",
      "purl": "pkg:cargo/crossbeam-deque@0.8.7",
      "type": "library",
      "version": "0.8.7"
    },
    {
      "author": "David Tolnay <dtolnay@gmail.com>",
      "bom-ref": "CycloneDxRef-Component-syn-3.0.3",
      "description": "Parser for Rust source code",
      "externalReferences": [
        {
          "type": "documentation",
          "url": "https://docs.rs/syn"
        },
        {
          "type": "vcs",
          "url": "https://github.com/dtolnay/syn"
        }
      ],
      "licenses": [
        {
          "expression": "MIT OR Apache-2.0"
        }
      ],
      "name": "syn",
      "purl": "pkg:cargo/syn@3.0.3",
      "type": "library",
      "version": "3.0.3"
    },
    {
      "author": "Sebastian Thiel <sebastian.thiel@icloud.com>",
      "bom-ref": "CycloneDxRef-Component-gix-command-0.9.2",
      "description": "A crate of the gitoxide project handling internal git command execution",
      "externalReferences": [
        {
          "type": "vcs",
          "url": "https://github.com/GitoxideLabs/gitoxide"
        }
      ],
      "licenses": [
        {
          "expression": "MIT OR Apache-2.0"
        }
      ],
      "name": "gix-command",
      "purl": "pkg:cargo/gix-command@0.9.2",
      "type": "library",
      "version": "0.9.2"
    },
    {
      "author": "Christoph Rüßler <christoph.ruessler@mailbox.org>, Sebastian Thiel <sebastian.thiel@icloud.com>",
      "bom-ref": "CycloneDxRef-Component-gix-blame-0.16.0",
      "description": "A crate of the gitoxide project dedicated to implementing a 'blame' algorithm",
      "externalReferences": [
        {
          "type": "vcs",
          "url": "https://github.com/GitoxideLabs/gitoxide"
        }
      ],
      "licenses": [
        {
          "expression": "MIT OR Apache-2.0"
        }
      ],
      "name": "gix-blame",
      "purl": "pkg:cargo/gix-blame@0.16.0",
      "type": "library",
      "version": "0.16.0"
    },
    {
      "author": "wufz",
      "bom-ref": "CycloneDxRef-Component-io-close-0.3.7",
      "description": "An extension trait for safely dropping I/O writers such as File and BufWriter.",
      "externalReferences": [
        {
          "type": "vcs",
          "url": "https://gitlab.com/wufz/io-close"
        }
      ],
      "licenses": [
        {
          "expression": "MIT OR Apache-2.0"
        }
      ],
      "name": "io-close",
      "purl": "pkg:cargo/io-close@0.3.7",
      "type": "library",
      "version": "0.3.7"
    },
    {
      "author": "Max Brunsfeld <maxbrunsfeld@gmail.com>, Amaan Qureshi <amaanq12@gmail.com>",
      "bom-ref": "CycloneDxRef-Component-tree-sitter-typescript-0.23.2",
      "description": "TypeScript and TSX grammars for tree-sitter",
      "externalReferences": [
        {
          "type": "vcs",
          "url": "https://github.com/tree-sitter/tree-sitter-typescript"
        }
      ],
      "licenses": [
        {
          "expression": "MIT"
        }
      ],
      "name": "tree-sitter-typescript",
      "purl": "pkg:cargo/tree-sitter-typescript@0.23.2",
      "type": "library",
      "version": "0.23.2"
    },
    {
      "author": "Microsoft",
      "bom-ref": "CycloneDxRef-Component-windows_i686_msvc-0.52.6",
      "description": "Import lib for Windows",
      "externalReferences": [
        {
          "type": "vcs",
          "url": "https://github.com/microsoft/windows-rs"
        }
      ],
      "licenses": [
        {
          "expression": "MIT OR Apache-2.0"
        }
      ],
      "name": "windows_i686_msvc",
      "purl": "pkg:cargo/windows_i686_msvc@0.52.6",
      "type": "library",
      "version": "0.52.6"
    },
    {
      "author": "Sebastian Thiel <sebastian.thiel@icloud.com>",
      "bom-ref": "CycloneDxRef-Component-gix-actor-0.41.2",
      "description": "A way to identify git actors",
      "externalReferences": [
        {
          "type": "vcs",
          "url": "https://github.com/GitoxideLabs/gitoxide"
        }
      ],
      "licenses": [
        {
          "expression": "MIT OR Apache-2.0"
        }
      ],
      "name": "gix-actor",
      "purl": "pkg:cargo/gix-actor@0.41.2",
      "type": "library",
      "version": "0.41.2"
    },
    {
      "author": "Andrew Gallant <jamslam@gmail.com>",
      "bom-ref": "CycloneDxRef-Component-jiff-tzdb-0.1.8",
      "description": "The entire Time Zone Database embedded into your binary.",
      "externalReferences": [
        {
          "type": "documentation",
          "url": "https://docs.rs/jiff-tzdb"
        },
        {
          "type": "website",
          "url": "https://github.com/BurntSushi/jiff/tree/master/crates/jiff-tzdb"
        },
        {
          "type": "vcs",
          "url": "https://github.com/BurntSushi/jiff"
        }
      ],
      "licenses": [
        {
          "expression": "Unlicense OR MIT"
        }
      ],
      "name": "jiff-tzdb",
      "purl": "pkg:cargo/jiff-tzdb@0.1.8",
      "type": "library",
      "version": "0.1.8"
    },
    {
      "author": "Conor Davis <gitoxide@conor.fastmail.fm>, Sebastian Thiel <sebastian.thiel@icloud.com>",
      "bom-ref": "CycloneDxRef-Component-gix-commitgraph-0.38.0",
      "description": "Read-only access to the git commitgraph file format",
      "externalReferences": [
        {
          "type": "documentation",
          "url": "https://git-scm.com/docs/commit-graph"
        },
        {
          "type": "vcs",
          "url": "https://github.com/GitoxideLabs/gitoxide"
        }
      ],
      "licenses": [
        {
          "expression": "MIT OR Apache-2.0"
        }
      ],
      "name": "gix-commitgraph",
      "purl": "pkg:cargo/gix-commitgraph@0.38.0",
      "type": "library",
      "version": "0.38.0"
    },
    {
      "author": "",
      "bom-ref": "CycloneDxRef-Component-windows-sys-0.61.2",
      "description": "Rust for Windows",
      "externalReferences": [
        {
          "type": "vcs",
          "url": "https://github.com/microsoft/windows-rs"
        }
      ],
      "licenses": [
        {
          "expression": "MIT OR Apache-2.0"
        }
      ],
      "name": "windows-sys",
      "purl": "pkg:cargo/windows-sys@0.61.2",
      "type": "library",
      "version": "0.61.2"
    },
    {
      "author": "",
      "bom-ref": "CycloneDxRef-Component-crossbeam-utils-0.8.22",
      "description": "Utilities for concurrent programming",
      "externalReferences": [
        {
          "type": "website",
          "url": "https://github.com/crossbeam-rs/crossbeam/tree/master/crossbeam-utils"
        },
        {
          "type": "vcs",
          "url": "https://github.com/crossbeam-rs/crossbeam"
        }
      ],
      "licenses": [
        {
          "expression": "MIT OR Apache-2.0"
        }
      ],
      "name": "crossbeam-utils",
      "purl": "pkg:cargo/crossbeam-utils@0.8.22",
      "type": "library",
      "version": "0.8.22"
    },
    {
      "author": "",
      "bom-ref": "CycloneDxRef-Component-windows-targets-0.53.5",
      "description": "Import libs for Windows",
      "externalReferences": [
        {
          "type": "vcs",
          "url": "https://github.com/microsoft/windows-rs"
        }
      ],
      "licenses": [
        {
          "expression": "MIT OR Apache-2.0"
        }
      ],
      "name": "windows-targets",
      "purl": "pkg:cargo/windows-targets@0.53.5",
      "type": "library",
      "version": "0.53.5"
    },
    {
      "author": "Bartłomiej Kamiński <fizyk20@gmail.com>, Aaron Trent <novacrazy@gmail.com>",
      "bom-ref": "CycloneDxRef-Component-generic-array-0.14.7",
      "description": "Generic types implementing functionality of arrays",
      "externalReferences": [
        {
          "type": "documentation",
          "url": "http://fizyk20.github.io/generic-array/generic_array/"
        },
        {
          "type": "vcs",
          "url": "https://github.com/fizyk20/generic-array.git"
        }
      ],
      "licenses": [
        {
          "expression": "MIT"
        }
      ],
      "name": "generic-array",
      "purl": "pkg:cargo/generic-array@0.14.7",
      "type": "library",
      "version": "0.14.7"
    },
    {
      "author": "Amanieu d'Antras <amanieu@gmail.com>",
      "bom-ref": "CycloneDxRef-Component-lock_api-0.4.14",
      "description": "Wrappers to create fully-featured Mutex and RwLock types. Compatible with no_std.",
      "externalReferences": [
        {
          "type": "vcs",
          "url": "https://github.com/Amanieu/parking_lot"
        }
      ],
      "licenses": [
        {
          "expression": "MIT OR Apache-2.0"
        }
      ],
      "name": "lock_api",
      "purl": "pkg:cargo/lock_api@0.4.14",
      "type": "library",
      "version": "0.4.14"
    },
    {
      "author": "Sebastian Thiel <sebastian.thiel@icloud.com>",
      "bom-ref": "CycloneDxRef-Component-gix-config-value-0.19.1",
      "description": "A crate of the gitoxide project providing git-config value parsing",
      "externalReferences": [
        {
          "type": "vcs",
          "url": "https://github.com/GitoxideLabs/gitoxide"
        }
      ],
      "licenses": [
        {
          "expression": "MIT OR Apache-2.0"
        }
      ],
      "name": "gix-config-value",
      "purl": "pkg:cargo/gix-config-value@0.19.1",
      "type": "library",
      "version": "0.19.1"
    },
    {
      "author": "Alex Crichton <alex@alexcrichton.com>",
      "bom-ref": "CycloneDxRef-Component-fnv-1.0.7",
      "description": "Fowler–Noll–Vo hash function",
      "externalReferences": [
        {
          "type": "documentation",
          "url": "https://doc.servo.org/fnv/"
        },
        {
          "type": "vcs",
          "url": "https://github.com/servo/rust-fnv"
        }
      ],
      "licenses": [
        {
          "expression": "Apache-2.0 OR MIT"
        }
      ],
      "name": "fnv",
      "purl": "pkg:cargo/fnv@1.0.7",
      "type": "library",
      "version": "1.0.7"
    },
    {
      "author": "The Cranelift Project Developers",
      "bom-ref": "CycloneDxRef-Component-wasi-0.11.1+wasi-snapshot-preview1",
      "description": "Experimental WASI API bindings for Rust",
      "externalReferences": [
        {
          "type": "documentation",
          "url": "https://docs.rs/wasi"
        },
        {
          "type": "vcs",
          "url": "https://github.com/bytecodealliance/wasi"
        }
      ],
      "licenses": [
        {
          "expression": "Apache-2.0 OR Apache-2.0 OR MIT"
        }
      ],
      "name": "wasi",
      "purl": "pkg:cargo/wasi@0.11.1%2Bwasi-snapshot-preview1",
      "type": "library",
      "version": "0.11.1+wasi-snapshot-preview1"
    },
    {
      "author": "Cesar Eduardo Barros <cesarb@cesarb.eti.br>",
      "bom-ref": "CycloneDxRef-Component-constant_time_eq-0.4.2",
      "description": "Compares two equal-sized byte strings in constant time.",
      "externalReferences": [
        {
          "type": "documentation",
          "url": "https://docs.rs/constant_time_eq"
        },
        {
          "type": "vcs",
          "url": "https://github.com/cesarb/constant_time_eq"
        }
      ],
      "licenses": [
        {
          "expression": "CC0-1.0 OR MIT-0 OR Apache-2.0"
        }
      ],
      "name": "constant_time_eq",
      "purl": "pkg:cargo/constant_time_eq@0.4.2",
      "type": "library",
      "version": "0.4.2"
    },
    {
      "author": "Kornel <kornel@geekhood.net>",
      "bom-ref": "CycloneDxRef-Component-dunce-1.0.5",
      "description": "Normalize Windows paths to the most compatible format, avoiding UNC where possible",
      "externalReferences": [
        {
          "type": "documentation",
          "url": "https://docs.rs/dunce"
        },
        {
          "type": "website",
          "url": "https://lib.rs/crates/dunce"
        },
        {
          "type": "vcs",
          "url": "https://gitlab.com/kornelski/dunce"
        }
      ],
      "licenses": [
        {
          "expression": "CC0-1.0 OR MIT-0 OR Apache-2.0"
        }
      ],
      "name": "dunce",
      "purl": "pkg:cargo/dunce@1.0.5",
      "type": "library",
      "version": "1.0.5"
    },
    {
      "author": "The wasm-bindgen Developers",
      "bom-ref": "CycloneDxRef-Component-wasm-bindgen-shared-0.2.120",
      "description": "Shared support between wasm-bindgen and wasm-bindgen cli, an internal\ndependency.\n",
      "externalReferences": [
        {
          "type": "documentation",
          "url": "https://docs.rs/wasm-bindgen-shared"
        },
        {
          "type": "website",
          "url": "https://wasm-bindgen.github.io/wasm-bindgen/"
        },
        {
          "type": "vcs",
          "url": "https://github.com/wasm-bindgen/wasm-bindgen/tree/master/crates/shared"
        }
      ],
      "licenses": [
        {
          "expression": "MIT OR Apache-2.0"
        }
      ],
      "name": "wasm-bindgen-shared",
      "purl": "pkg:cargo/wasm-bindgen-shared@0.2.120",
      "type": "library",
      "version": "0.2.120"
    },
    {
      "author": "David Tolnay <dtolnay@gmail.com>",
      "bom-ref": "CycloneDxRef-Component-unicode-ident-1.0.24",
      "description": "Determine whether characters have the XID_Start or XID_Continue properties according to Unicode Standard Annex #31",
      "externalReferences": [
        {
          "type": "documentation",
          "url": "https://docs.rs/unicode-ident"
        },
        {
          "type": "vcs",
          "url": "https://github.com/dtolnay/unicode-ident"
        }
      ],
      "licenses": [
        {
          "expression": "(MIT OR Apache-2.0) AND Unicode-3.0"
        }
      ],
      "name": "unicode-ident",
      "purl": "pkg:cargo/unicode-ident@1.0.24",
      "type": "library",
      "version": "1.0.24"
    },
    {
      "author": "Acrimon <joel.wejdenstal@gmail.com>",
      "bom-ref": "CycloneDxRef-Component-dashmap-6.2.1",
      "description": "Blazing fast concurrent HashMap for Rust.",
      "externalReferences": [
        {
          "type": "documentation",
          "url": "https://docs.rs/dashmap"
        },
        {
          "type": "website",
          "url": "https://github.com/xacrimon/dashmap"
        },
        {
          "type": "vcs",
          "url": "https://github.com/xacrimon/dashmap"
        }
      ],
      "licenses": [
        {
          "expression": "MIT"
        }
      ],
      "name": "dashmap",
      "purl": "pkg:cargo/dashmap@6.2.1",
      "type": "library",
      "version": "6.2.1"
    },
    {
      "author": "David Tolnay <dtolnay@gmail.com>, Alex Crichton <alex@alexcrichton.com>",
      "bom-ref": "CycloneDxRef-Component-proc-macro2-1.0.107",
      "description": "A substitute implementation of the compiler's `proc_macro` API to decouple token-based libraries from the procedural macro use case.",
      "externalReferences": [
        {
          "type": "documentation",
          "url": "https://docs.rs/proc-macro2"
        },
        {
          "type": "vcs",
          "url": "https://github.com/dtolnay/proc-macro2"
        }
      ],
      "licenses": [
        {
          "expression": "MIT OR Apache-2.0"
        }
      ],
      "name": "proc-macro2",
      "purl": "pkg:cargo/proc-macro2@1.0.107",
      "type": "library",
      "version": "1.0.107"
    },
    {
      "author": "Andrew Gallant <jamslam@gmail.com>",
      "bom-ref": "CycloneDxRef-Component-walkdir-2.5.0",
      "description": "Recursively walk a directory.",
      "externalReferences": [
        {
          "type": "documentation",
          "url": "https://docs.rs/walkdir/"
        },
        {
          "type": "website",
          "url": "https://github.com/BurntSushi/walkdir"
        },
        {
          "type": "vcs",
          "url": "https://github.com/BurntSushi/walkdir"
        }
      ],
      "licenses": [
        {
          "expression": "Unlicense OR MIT"
        }
      ],
      "name": "walkdir",
      "purl": "pkg:cargo/walkdir@2.5.0",
      "type": "library",
      "version": "2.5.0"
    },
    {
      "author": "",
      "bom-ref": "CycloneDxRef-Component-windows_x86_64_msvc-0.53.1",
      "description": "Import lib for Windows",
      "externalReferences": [
        {
          "type": "vcs",
          "url": "https://github.com/microsoft/windows-rs"
        }
      ],
      "licenses": [
        {
          "expression": "MIT OR Apache-2.0"
        }
      ],
      "name": "windows_x86_64_msvc",
      "purl": "pkg:cargo/windows_x86_64_msvc@0.53.1",
      "type": "library",
      "version": "0.53.1"
    },
    {
      "author": "Michal 'vorner' Vaner <vorner@vorner.cz>, Thomas Himmelstoss <thimm@posteo.de>",
      "bom-ref": "CycloneDxRef-Component-signal-hook-0.4.4",
      "description": "Unix signal handling",
      "externalReferences": [
        {
          "type": "documentation",
          "url": "https://docs.rs/signal-hook"
        },
        {
          "type": "vcs",
          "url": "https://github.com/vorner/signal-hook"
        }
      ],
      "licenses": [
        {
          "expression": "MIT OR Apache-2.0"
        }
      ],
      "name": "signal-hook",
      "purl": "pkg:cargo/signal-hook@0.4.4",
      "type": "library",
      "version": "0.4.4"
    },
    {
      "author": "Microsoft",
      "bom-ref": "CycloneDxRef-Component-windows_x86_64_gnullvm-0.52.6",
      "description": "Import lib for Windows",
      "externalReferences": [
        {
          "type": "vcs",
          "url": "https://github.com/microsoft/windows-rs"
        }
      ],
      "licenses": [
        {
          "expression": "MIT OR Apache-2.0"
        }
      ],
      "name": "windows_x86_64_gnullvm",
      "purl": "pkg:cargo/windows_x86_64_gnullvm@0.52.6",
      "type": "library",
      "version": "0.52.6"
    },
    {
      "author": "Dan Gohman <dev@sunfishcode.online>",
      "bom-ref": "CycloneDxRef-Component-io-extras-0.19.0",
      "description": "File/socket handle/descriptor utilities",
      "externalReferences": [
        {
          "type": "vcs",
          "url": "https://github.com/sunfishcode/io-extras"
        }
      ],
      "licenses": [
        {
          "expression": "Apache-2.0 OR Apache-2.0 OR MIT"
        }
      ],
      "name": "io-extras",
      "purl": "pkg:cargo/io-extras@0.19.0",
      "type": "library",
      "version": "0.19.0"
    },
    {
      "author": "RustCrypto Developers",
      "bom-ref": "CycloneDxRef-Component-cpufeatures-0.3.0",
      "description": "Lightweight runtime CPU feature detection for aarch64, loongarch64, and x86/x86_64 targets,\nwith no_std support and support for mobile targets including Android and iOS\n",
      "externalReferences": [
        {
          "type": "documentation",
          "url": "https://docs.rs/cpufeatures"
        },
        {
          "type": "vcs",
          "url": "https://github.com/RustCrypto/utils"
        }
      ],
      "licenses": [
        {
          "expression": "MIT OR Apache-2.0"
        }
      ],
      "name": "cpufeatures",
      "purl": "pkg:cargo/cpufeatures@0.3.0",
      "type": "library",
      "version": "0.3.0"
    },
    {
      "author": "Andrew Gallant <jamslam@gmail.com>",
      "bom-ref": "CycloneDxRef-Component-jiff-core-0.1.0",
      "description": "Low level datetime primitives for the Jiff library.",
      "externalReferences": [
        {
          "type": "documentation",
          "url": "https://docs.rs/jiff-core"
        },
        {
          "type": "website",
          "url": "https://github.com/BurntSushi/jiff/tree/master/crates/jiff-core"
        },
        {
          "type": "vcs",
          "url": "https://github.com/BurntSushi/jiff"
        }
      ],
      "licenses": [
        {
          "expression": "Unlicense OR MIT"
        }
      ],
      "name": "jiff-core",
      "purl": "pkg:cargo/jiff-core@0.1.0",
      "type": "library",
      "version": "0.1.0"
    },
    {
      "author": "",
      "bom-ref": "CycloneDxRef-Component-windows-link-0.2.1",
      "description": "Linking for Windows",
      "externalReferences": [
        {
          "type": "vcs",
          "url": "https://github.com/microsoft/windows-rs"
        }
      ],
      "licenses": [
        {
          "expression": "MIT OR Apache-2.0"
        }
      ],
      "name": "windows-link",
      "purl": "pkg:cargo/windows-link@0.2.1",
      "type": "library",
      "version": "0.2.1"
    },
    {
      "author": "Amanieu d'Antras <amanieu@gmail.com>",
      "bom-ref": "CycloneDxRef-Component-hashbrown-0.16.1",
      "description": "A Rust port of Google's SwissTable hash map",
      "externalReferences": [
        {
          "type": "vcs",
          "url": "https://github.com/rust-lang/hashbrown"
        }
      ],
      "licenses": [
        {
          "expression": "MIT OR Apache-2.0"
        }
      ],
      "name": "hashbrown",
      "purl": "pkg:cargo/hashbrown@0.16.1",
      "type": "library",
      "version": "0.16.1"
    },
    {
      "author": "Andrew Gallant <jamslam@gmail.com>",
      "bom-ref": "CycloneDxRef-Component-globset-0.4.19",
      "description": "Cross platform single glob and glob set matching. Glob set matching is the\nprocess of matching one or more glob patterns against a single candidate path\nsimultaneously, and returning all of the globs that matched.\n",
      "externalReferences": [
        {
          "type": "documentation",
          "url": "https://docs.rs/globset"
        },
        {
          "type": "website",
          "url": "https://github.com/BurntSushi/ripgrep/tree/master/crates/globset"
        },
        {
          "type": "vcs",
          "url": "https://github.com/BurntSushi/ripgrep/tree/master/crates/globset"
        }
      ],
      "licenses": [
        {
          "expression": "Unlicense OR MIT"
        }
      ],
      "name": "globset",
      "purl": "pkg:cargo/globset@0.4.19",
      "type": "library",
      "version": "0.4.19"
    },
    {
      "author": "Microsoft",
      "bom-ref": "CycloneDxRef-Component-windows-targets-0.52.6",
      "description": "Import libs for Windows",
      "externalReferences": [
        {
          "type": "vcs",
          "url": "https://github.com/microsoft/windows-rs"
        }
      ],
      "licenses": [
        {
          "expression": "MIT OR Apache-2.0"
        }
      ],
      "name": "windows-targets",
      "purl": "pkg:cargo/windows-targets@0.52.6",
      "type": "library",
      "version": "0.52.6"
    },
    {
      "author": "Sebastian Thiel <sebastian.thiel@icloud.com>",
      "bom-ref": "CycloneDxRef-Component-gix-packetline-0.22.0",
      "description": "A crate of the gitoxide project implementing the pkt-line serialization format",
      "externalReferences": [
        {
          "type": "vcs",
          "url": "https://github.com/GitoxideLabs/gitoxide"
        }
      ],
      "licenses": [
        {
          "expression": "MIT OR Apache-2.0"
        }
      ],
      "name": "gix-packetline",
      "purl": "pkg:cargo/gix-packetline@0.22.0",
      "type": "library",
      "version": "0.22.0"
    },
    {
      "author": "Sebastian Thiel <sebastian.thiel@icloud.com>",
      "bom-ref": "CycloneDxRef-Component-gix-hash-0.26.0",
      "description": "Borrowed and owned git hash digests used to identify git objects",
      "externalReferences": [
        {
          "type": "vcs",
          "url": "https://github.com/GitoxideLabs/gitoxide"
        }
      ],
      "licenses": [
        {
          "expression": "MIT OR Apache-2.0"
        }
      ],
      "name": "gix-hash",
      "purl": "pkg:cargo/gix-hash@0.26.0",
      "type": "library",
      "version": "0.26.0"
    },
    {
      "author": "David Tolnay <dtolnay@gmail.com>",
      "bom-ref": "CycloneDxRef-Component-ryu-1.0.23",
      "description": "Fast floating point to string conversion",
      "externalReferences": [
        {
          "type": "documentation",
          "url": "https://docs.rs/ryu"
        },
        {
          "type": "vcs",
          "url": "https://github.com/dtolnay/ryu"
        }
      ],
      "licenses": [
        {
          "expression": "Apache-2.0 OR BSL-1.0"
        }
      ],
      "name": "ryu",
      "purl": "pkg:cargo/ryu@1.0.23",
      "type": "library",
      "version": "1.0.23"
    },
    {
      "author": "Alex Crichton <alex@alexcrichton.com>, Thomas de Zeeuw <thomasdezeeuw@gmail.com>",
      "bom-ref": "CycloneDxRef-Component-socket2-0.6.4",
      "description": "Utilities for handling networking sockets with a maximal amount of configuration\npossible intended.\n",
      "externalReferences": [
        {
          "type": "documentation",
          "url": "https://docs.rs/socket2"
        },
        {
          "type": "website",
          "url": "https://github.com/rust-lang/socket2"
        },
        {
          "type": "vcs",
          "url": "https://github.com/rust-lang/socket2"
        }
      ],
      "licenses": [
        {
          "expression": "MIT OR Apache-2.0"
        }
      ],
      "name": "socket2",
      "purl": "pkg:cargo/socket2@0.6.4",
      "type": "library",
      "version": "0.6.4"
    },
    {
      "author": "",
      "bom-ref": "CycloneDxRef-Component-windows_aarch64_msvc-0.53.1",
      "description": "Import lib for Windows",
      "externalReferences": [
        {
          "type": "vcs",
          "url": "https://github.com/microsoft/windows-rs"
        }
      ],
      "licenses": [
        {
          "expression": "MIT OR Apache-2.0"
        }
      ],
      "name": "windows_aarch64_msvc",
      "purl": "pkg:cargo/windows_aarch64_msvc@0.53.1",
      "type": "library",
      "version": "0.53.1"
    },
    {
      "author": "David Tolnay <dtolnay@gmail.com>",
      "bom-ref": "CycloneDxRef-Component-quote-1.0.47",
      "description": "Quasi-quoting macro quote!(...)",
      "externalReferences": [
        {
          "type": "documentation",
          "url": "https://docs.rs/quote/"
        },
        {
          "type": "vcs",
          "url": "https://github.com/dtolnay/quote"
        }
      ],
      "licenses": [
        {
          "expression": "MIT OR Apache-2.0"
        }
      ],
      "name": "quote",
      "purl": "pkg:cargo/quote@1.0.47",
      "type": "library",
      "version": "1.0.47"
    },
    {
      "author": "Sebastian Thiel <sebastian.thiel@icloud.com>",
      "bom-ref": "CycloneDxRef-Component-gix-filter-0.33.0",
      "description": "A crate of the gitoxide project implementing git filters",
      "externalReferences": [
        {
          "type": "vcs",
          "url": "https://github.com/GitoxideLabs/gitoxide"
        }
      ],
      "licenses": [
        {
          "expression": "MIT OR Apache-2.0"
        }
      ],
      "name": "gix-filter",
      "purl": "pkg:cargo/gix-filter@0.33.0",
      "type": "library",
      "version": "0.33.0"
    },
    {
      "author": "bluss",
      "bom-ref": "CycloneDxRef-Component-scopeguard-1.2.0",
      "description": "A RAII scope guard that will run a given closure when it goes out of scope,\neven if the code between panics (assuming unwinding panic).\n\nDefines the macros `defer!`, `defer_on_unwind!`, `defer_on_success!` as\nshorthands for guards with one of the implemented strategies.\n",
      "externalReferences": [
        {
          "type": "documentation",
          "url": "https://docs.rs/scopeguard/"
        },
        {
          "type": "vcs",
          "url": "https://github.com/bluss/scopeguard"
        }
      ],
      "licenses": [
        {
          "expression": "MIT OR Apache-2.0"
        }
      ],
      "name": "scopeguard",
      "purl": "pkg:cargo/scopeguard@1.2.0",
      "type": "library",
      "version": "1.2.0"
    },
    {
      "author": "Sebastian Thiel <sebastian.thiel@icloud.com>",
      "bom-ref": "CycloneDxRef-Component-gix-date-0.15.6",
      "description": "A crate of the gitoxide project parsing dates the way git does",
      "externalReferences": [
        {
          "type": "vcs",
          "url": "https://github.com/GitoxideLabs/gitoxide"
        }
      ],
      "licenses": [
        {
          "expression": "MIT OR Apache-2.0"
        }
      ],
      "name": "gix-date",
      "purl": "pkg:cargo/gix-date@0.15.6",
      "type": "library",
      "version": "0.15.6"
    },
    {
      "author": "Andrew Gallant <jamslam@gmail.com>",
      "bom-ref": "CycloneDxRef-Component-bstr-1.13.1",
      "description": "A string type that is not required to be valid UTF-8.",
      "externalReferences": [
        {
          "type": "documentation",
          "url": "https://docs.rs/bstr"
        },
        {
          "type": "website",
          "url": "https://github.com/BurntSushi/bstr"
        },
        {
          "type": "vcs",
          "url": "https://github.com/BurntSushi/bstr"
        }
      ],
      "licenses": [
        {
          "expression": "MIT OR Apache-2.0"
        }
      ],
      "name": "bstr",
      "purl": "pkg:cargo/bstr@1.13.1",
      "type": "library",
      "version": "1.13.1"
    },
    {
      "author": "Sebastian Thiel <sebastian.thiel@icloud.com>",
      "bom-ref": "CycloneDxRef-Component-gix-fs-0.22.0",
      "description": "A crate providing file system specific utilities to `gitoxide`",
      "externalReferences": [
        {
          "type": "vcs",
          "url": "https://github.com/GitoxideLabs/gitoxide"
        }
      ],
      "licenses": [
        {
          "expression": "MIT OR Apache-2.0"
        }
      ],
      "name": "gix-fs",
      "purl": "pkg:cargo/gix-fs@0.22.0",
      "type": "library",
      "version": "0.22.0"
    },
    {
      "author": "Amanieu d'Antras <amanieu@gmail.com>",
      "bom-ref": "CycloneDxRef-Component-parking_lot-0.12.5",
      "description": "More compact and efficient implementations of the standard synchronization primitives.",
      "externalReferences": [
        {
          "type": "vcs",
          "url": "https://github.com/Amanieu/parking_lot"
        }
      ],
      "licenses": [
        {
          "expression": "MIT OR Apache-2.0"
        }
      ],
      "name": "parking_lot",
      "purl": "pkg:cargo/parking_lot@0.12.5",
      "type": "library",
      "version": "0.12.5"
    },
    {
      "author": "Max Brunsfeld <maxbrunsfeld@gmail.com>, Amaan Qureshi <amaanq12@gmail.com>",
      "bom-ref": "CycloneDxRef-Component-tree-sitter-rust-0.24.2",
      "description": "Rust grammar for tree-sitter",
      "externalReferences": [
        {
          "type": "vcs",
          "url": "https://github.com/tree-sitter/tree-sitter-rust"
        }
      ],
      "licenses": [
        {
          "expression": "MIT"
        }
      ],
      "name": "tree-sitter-rust",
      "purl": "pkg:cargo/tree-sitter-rust@0.24.2",
      "type": "library",
      "version": "0.24.2"
    },
    {
      "author": "Tokio Contributors <team@tokio.rs>",
      "bom-ref": "CycloneDxRef-Component-tokio-macros-2.7.0",
      "description": "Tokio's proc macros.\n",
      "externalReferences": [
        {
          "type": "website",
          "url": "https://tokio.rs"
        },
        {
          "type": "vcs",
          "url": "https://github.com/tokio-rs/tokio"
        }
      ],
      "licenses": [
        {
          "expression": "MIT"
        }
      ],
      "name": "tokio-macros",
      "purl": "pkg:cargo/tokio-macros@2.7.0",
      "type": "application",
      "version": "2.7.0"
    },
    {
      "author": "kwantam <kwantam@gmail.com>, Manish Goregaokar <manishsmail@gmail.com>",
      "bom-ref": "CycloneDxRef-Component-unicode-normalization-0.1.25",
      "description": "This crate provides functions for normalization of\nUnicode strings, including Canonical and Compatible\nDecomposition and Recomposition, as described in\nUnicode Standard Annex #15.\n",
      "externalReferences": [
        {
          "type": "documentation",
          "url": "https://docs.rs/unicode-normalization/"
        },
        {
          "type": "website",
          "url": "https://github.com/unicode-rs/unicode-normalization"
        },
        {
          "type": "vcs",
          "url": "https://github.com/unicode-rs/unicode-normalization"
        }
      ],
      "licenses": [
        {
          "expression": "MIT OR Apache-2.0"
        }
      ],
      "name": "unicode-normalization",
      "purl": "pkg:cargo/unicode-normalization@0.1.25",
      "type": "library",
      "version": "0.1.25"
    },
    {
      "author": "Microsoft",
      "bom-ref": "CycloneDxRef-Component-windows-sys-0.59.0",
      "description": "Rust for Windows",
      "externalReferences": [
        {
          "type": "vcs",
          "url": "https://github.com/microsoft/windows-rs"
        }
      ],
      "licenses": [
        {
          "expression": "MIT OR Apache-2.0"
        }
      ],
      "name": "windows-sys",
      "purl": "pkg:cargo/windows-sys@0.59.0",
      "type": "library",
      "version": "0.59.0"
    },
    {
      "author": "Andrew Gallant <jamslam@gmail.com>",
      "bom-ref": "CycloneDxRef-Component-jiff-tzdb-platform-0.1.3",
      "description": "The entire Time Zone Database embedded into your binary for specific platforms.\n",
      "externalReferences": [
        {
          "type": "documentation",
          "url": "https://docs.rs/jiff-tzdb-platform"
        },
        {
          "type": "website",
          "url": "https://github.com/BurntSushi/jiff/tree/master/crates/jiff-tzdb-platform"
        },
        {
          "type": "vcs",
          "url": "https://github.com/BurntSushi/jiff"
        }
      ],
      "licenses": [
        {
          "expression": "Unlicense OR MIT"
        }
      ],
      "name": "jiff-tzdb-platform",
      "purl": "pkg:cargo/jiff-tzdb-platform@0.1.3",
      "type": "library",
      "version": "0.1.3"
    },
    {
      "author": "Sam Rijs <srijs@airpost.net>, Alex Crichton <alex@alexcrichton.com>",
      "bom-ref": "CycloneDxRef-Component-crc32fast-1.5.0",
      "description": "Fast, SIMD-accelerated CRC32 (IEEE) checksum computation",
      "externalReferences": [
        {
          "type": "vcs",
          "url": "https://github.com/srijs/rust-crc32fast"
        }
      ],
      "licenses": [
        {
          "expression": "MIT OR Apache-2.0"
        }
      ],
      "name": "crc32fast",
      "purl": "pkg:cargo/crc32fast@1.5.0",
      "type": "library",
      "version": "1.5.0"
    },
    {
      "author": "Dan Burkert <dan@danburkert.com>, Yevhenii Reizner <razrfalcon@gmail.com>, The Contributors",
      "bom-ref": "CycloneDxRef-Component-memmap2-0.9.11",
      "description": "Cross-platform Rust API for memory-mapped file IO",
      "externalReferences": [
        {
          "type": "documentation",
          "url": "https://docs.rs/memmap2"
        },
        {
          "type": "vcs",
          "url": "https://github.com/RazrFalcon/memmap2-rs"
        }
      ],
      "licenses": [
        {
          "expression": "MIT OR Apache-2.0"
        }
      ],
      "name": "memmap2",
      "purl": "pkg:cargo/memmap2@0.9.11",
      "type": "library",
      "version": "0.9.11"
    },
    {
      "author": "Steven Allen <steven@stebalien.com>, The Rust Project Developers, Ashley Mannix <ashleymannix@live.com.au>, Jason White <me@jasonwhite.io>",
      "bom-ref": "CycloneDxRef-Component-tempfile-3.27.0",
      "description": "A library for managing temporary files and directories.",
      "externalReferences": [
        {
          "type": "documentation",
          "url": "https://docs.rs/tempfile"
        },
        {
          "type": "website",
          "url": "https://stebalien.com/projects/tempfile-rs/"
        },
        {
          "type": "vcs",
          "url": "https://github.com/Stebalien/tempfile"
        }
      ],
      "licenses": [
        {
          "expression": "MIT OR Apache-2.0"
        }
      ],
      "name": "tempfile",
      "purl": "pkg:cargo/tempfile@3.27.0",
      "type": "library",
      "version": "3.27.0"
    },
    {
      "author": "Sebastian Thiel <sebastian.thiel@icloud.com>",
      "bom-ref": "CycloneDxRef-Component-gix-worktree-0.55.0",
      "description": "A crate of the gitoxide project for shared worktree related types and utilities.",
      "externalReferences": [
        {
          "type": "vcs",
          "url": "https://github.com/GitoxideLabs/gitoxide"
        }
      ],
      "licenses": [
        {
          "expression": "MIT OR Apache-2.0"
        }
      ],
      "name": "gix-worktree",
      "purl": "pkg:cargo/gix-worktree@0.55.0",
      "type": "library",
      "version": "0.55.0"
    },
    {
      "author": "Carl Lerche <me@carllerche.com>",
      "bom-ref": "CycloneDxRef-Component-slab-0.4.12",
      "description": "Pre-allocated storage for a uniform data type",
      "externalReferences": [
        {
          "type": "vcs",
          "url": "https://github.com/tokio-rs/slab"
        }
      ],
      "licenses": [
        {
          "expression": "MIT"
        }
      ],
      "name": "slab",
      "purl": "pkg:cargo/slab@0.4.12",
      "type": "library",
      "version": "0.4.12"
    },
    {
      "author": "",
      "bom-ref": "CycloneDxRef-Component-portable-atomic-1.13.1",
      "description": "Portable atomic types including support for 128-bit atomics, atomic float, etc.\n",
      "externalReferences": [
        {
          "type": "vcs",
          "url": "https://github.com/taiki-e/portable-atomic"
        }
      ],
      "licenses": [
        {
          "expression": "Apache-2.0 OR MIT"
        }
      ],
      "name": "portable-atomic",
      "purl": "pkg:cargo/portable-atomic@1.13.1",
      "type": "library",
      "version": "1.13.1"
    },
    {
      "author": "Andrew Gallant <jamslam@gmail.com>, bluss",
      "bom-ref": "CycloneDxRef-Component-memchr-2.8.3",
      "description": "Provides extremely fast (uses SIMD on x86_64, aarch64 and wasm32) routines for\n1, 2 or 3 byte search and single substring search.\n",
      "externalReferences": [
        {
          "type": "documentation",
          "url": "https://docs.rs/memchr/"
        },
        {
          "type": "website",
          "url": "https://github.com/BurntSushi/memchr"
        },
        {
          "type": "vcs",
          "url": "https://github.com/BurntSushi/memchr"
        }
      ],
      "licenses": [
        {
          "expression": "Unlicense OR MIT"
        }
      ],
      "name": "memchr",
      "purl": "pkg:cargo/memchr@2.8.3",
      "type": "library",
      "version": "2.8.3"
    },
    {
      "author": "The Rust Project Developers, Andrew Gallant <jamslam@gmail.com>",
      "bom-ref": "CycloneDxRef-Component-regex-syntax-0.8.11",
      "description": "A regular expression parser.",
      "externalReferences": [
        {
          "type": "documentation",
          "url": "https://docs.rs/regex-syntax"
        },
        {
          "type": "website",
          "url": "https://github.com/rust-lang/regex/tree/master/regex-syntax"
        },
        {
          "type": "vcs",
          "url": "https://github.com/rust-lang/regex"
        }
      ],
      "licenses": [
        {
          "expression": "MIT OR Apache-2.0"
        }
      ],
      "name": "regex-syntax",
      "purl": "pkg:cargo/regex-syntax@0.8.11",
      "type": "library",
      "version": "0.8.11"
    },
    {
      "author": "Andrew Gallant <jamslam@gmail.com>",
      "bom-ref": "CycloneDxRef-Component-jiff-0.2.35",
      "description": "A date-time library that encourages you to jump into the pit of success.\n\nThis library is heavily inspired by the Temporal project.\n",
      "externalReferences": [
        {
          "type": "documentation",
          "url": "https://docs.rs/jiff"
        },
        {
          "type": "vcs",
          "url": "https://github.com/BurntSushi/jiff"
        }
      ],
      "licenses": [
        {
          "expression": "Unlicense OR MIT"
        }
      ],
      "name": "jiff",
      "purl": "pkg:cargo/jiff@0.2.35",
      "type": "library",
      "version": "0.2.35"
    },
    {
      "author": "Amanieu d'Antras <amanieu@gmail.com>",
      "bom-ref": "CycloneDxRef-Component-hashbrown-0.14.5",
      "description": "A Rust port of Google's SwissTable hash map",
      "externalReferences": [
        {
          "type": "vcs",
          "url": "https://github.com/rust-lang/hashbrown"
        }
      ],
      "licenses": [
        {
          "expression": "MIT OR Apache-2.0"
        }
      ],
      "name": "hashbrown",
      "purl": "pkg:cargo/hashbrown@0.14.5",
      "type": "library",
      "version": "0.14.5"
    },
    {
      "author": "The Knurling-rs developers",
      "bom-ref": "CycloneDxRef-Component-defmt-macros-1.1.1",
      "description": "defmt macros",
      "externalReferences": [
        {
          "type": "vcs",
          "url": "https://github.com/knurling-rs/defmt"
        }
      ],
      "licenses": [
        {
          "expression": "MIT OR Apache-2.0"
        }
      ],
      "name": "defmt-macros",
      "purl": "pkg:cargo/defmt-macros@1.1.1",
      "type": "application",
      "version": "1.1.1"
    },
    {
      "author": "Sebastian Thiel <sebastian.thiel@icloud.com>",
      "bom-ref": "CycloneDxRef-Component-gix-credentials-0.39.1",
      "description": "A crate of the gitoxide project to interact with git credentials helpers",
      "externalReferences": [
        {
          "type": "vcs",
          "url": "https://github.com/GitoxideLabs/gitoxide"
        }
      ],
      "licenses": [
        {
          "expression": "MIT OR Apache-2.0"
        }
      ],
      "name": "gix-credentials",
      "purl": "pkg:cargo/gix-credentials@0.39.1",
      "type": "library",
      "version": "0.39.1"
    },
    {
      "author": "Jorge Aparicio <jorge@japaric.io>, Per Lindgren <per.lindgren@ltu.se>, Emil Fresk <emil.fresk@gmail.com>",
      "bom-ref": "CycloneDxRef-Component-heapless-0.8.0",
      "description": "`static` friendly data structures that don't require dynamic memory allocation",
      "externalReferences": [
        {
          "type": "documentation",
          "url": "https://docs.rs/heapless"
        },
        {
          "type": "vcs",
          "url": "https://github.com/rust-embedded/heapless"
        }
      ],
      "licenses": [
        {
          "expression": "MIT OR Apache-2.0"
        }
      ],
      "name": "heapless",
      "purl": "pkg:cargo/heapless@0.8.0",
      "type": "library",
      "version": "0.8.0"
    },
    {
      "author": "",
      "bom-ref": "CycloneDxRef-Component-pin-project-lite-0.2.17",
      "description": "A lightweight version of pin-project written with declarative macros.\n",
      "externalReferences": [
        {
          "type": "vcs",
          "url": "https://github.com/taiki-e/pin-project-lite"
        }
      ],
      "licenses": [
        {
          "expression": "Apache-2.0 OR MIT"
        }
      ],
      "name": "pin-project-lite",
      "purl": "pkg:cargo/pin-project-lite@0.2.17",
      "type": "library",
      "version": "0.2.17"
    },
    {
      "author": "Steven Fackler <sfackler@gmail.com>",
      "bom-ref": "CycloneDxRef-Component-streaming-iterator-0.1.9",
      "description": "Streaming iterators",
      "externalReferences": [
        {
          "type": "vcs",
          "url": "https://github.com/sfackler/streaming-iterator"
        }
      ],
      "licenses": [
        {
          "expression": "MIT OR Apache-2.0"
        }
      ],
      "name": "streaming-iterator",
      "purl": "pkg:cargo/streaming-iterator@0.1.9",
      "type": "library",
      "version": "0.1.9"
    },
    {
      "author": "Microsoft",
      "bom-ref": "CycloneDxRef-Component-windows_x86_64_msvc-0.52.6",
      "description": "Import lib for Windows",
      "externalReferences": [
        {
          "type": "vcs",
          "url": "https://github.com/microsoft/windows-rs"
        }
      ],
      "licenses": [
        {
          "expression": "MIT OR Apache-2.0"
        }
      ],
      "name": "windows_x86_64_msvc",
      "purl": "pkg:cargo/windows_x86_64_msvc@0.52.6",
      "type": "library",
      "version": "0.52.6"
    },
    {
      "author": "Sebastian Thiel <sebastian.thiel@icloud.com>",
      "bom-ref": "CycloneDxRef-Component-gix-odb-0.83.0",
      "description": "Implements various git object databases",
      "externalReferences": [
        {
          "type": "vcs",
          "url": "https://github.com/GitoxideLabs/gitoxide"
        }
      ],
      "licenses": [
        {
          "expression": "MIT OR Apache-2.0"
        }
      ],
      "name": "gix-odb",
      "purl": "pkg:cargo/gix-odb@0.83.0",
      "type": "library",
      "version": "0.83.0"
    },
    {
      "author": "Sebastian Thiel <sebastian.thiel@icloud.com>",
      "bom-ref": "CycloneDxRef-Component-gix-tempfile-24.0.0",
      "description": "A tempfile implementation with a global registry to assure cleanup",
      "externalReferences": [
        {
          "type": "vcs",
          "url": "https://github.com/GitoxideLabs/gitoxide"
        }
      ],
      "licenses": [
        {
          "expression": "MIT OR Apache-2.0"
        }
      ],
      "name": "gix-tempfile",
      "purl": "pkg:cargo/gix-tempfile@24.0.0",
      "type": "library",
      "version": "24.0.0"
    },
    {
      "author": "David Tolnay <dtolnay@gmail.com>",
      "bom-ref": "CycloneDxRef-Component-thiserror-2.0.20",
      "description": "derive(Error)",
      "externalReferences": [
        {
          "type": "documentation",
          "url": "https://docs.rs/thiserror"
        },
        {
          "type": "vcs",
          "url": "https://github.com/dtolnay/thiserror"
        }
      ],
      "licenses": [
        {
          "expression": "MIT OR Apache-2.0"
        }
      ],
      "name": "thiserror",
      "purl": "pkg:cargo/thiserror@2.0.20",
      "type": "library",
      "version": "2.0.20"
    },
    {
      "author": "Jeremy Soller <jackpot51@gmail.com>",
      "bom-ref": "CycloneDxRef-Component-redox_syscall-0.5.18",
      "description": "A Rust library to access raw Redox system calls",
      "externalReferences": [
        {
          "type": "documentation",
          "url": "https://docs.rs/redox_syscall"
        },
        {
          "type": "vcs",
          "url": "https://gitlab.redox-os.org/redox-os/syscall"
        }
      ],
      "licenses": [
        {
          "expression": "MIT"
        }
      ],
      "name": "redox_syscall",
      "purl": "pkg:cargo/redox_syscall@0.5.18",
      "type": "library",
      "version": "0.5.18"
    },
    {
      "author": "Tomasz Miąsko <tomasz.miasko@gmail.com>",
      "bom-ref": "CycloneDxRef-Component-shell-words-1.1.1",
      "description": "Process command line according to parsing rules of UNIX shell",
      "externalReferences": [
        {
          "type": "vcs",
          "url": "https://github.com/tmiasko/shell-words"
        }
      ],
      "licenses": [
        {
          "expression": "MIT OR Apache-2.0"
        }
      ],
      "name": "shell-words",
      "purl": "pkg:cargo/shell-words@1.1.1",
      "type": "library",
      "version": "1.1.1"
    },
    {
      "author": "Microsoft",
      "bom-ref": "CycloneDxRef-Component-windows_x86_64_gnu-0.52.6",
      "description": "Import lib for Windows",
      "externalReferences": [
        {
          "type": "vcs",
          "url": "https://github.com/microsoft/windows-rs"
        }
      ],
      "licenses": [
        {
          "expression": "MIT OR Apache-2.0"
        }
      ],
      "name": "windows_x86_64_gnu",
      "purl": "pkg:cargo/windows_x86_64_gnu@0.52.6",
      "type": "library",
      "version": "0.52.6"
    },
    {
      "author": "Soveu <marx.tomasz@gmail.com>",
      "bom-ref": "CycloneDxRef-Component-tinyvec_macros-0.1.1",
      "description": "Some macros for tiny containers",
      "externalReferences": [
        {
          "type": "vcs",
          "url": "https://github.com/Soveu/tinyvec_macros"
        }
      ],
      "licenses": [
        {
          "expression": "MIT OR Apache-2.0 OR Zlib"
        }
      ],
      "name": "tinyvec_macros",
      "purl": "pkg:cargo/tinyvec_macros@0.1.1",
      "type": "library",
      "version": "0.1.1"
    },
    {
      "author": "The wasm-bindgen Developers",
      "bom-ref": "CycloneDxRef-Component-wasm-bindgen-macro-support-0.2.120",
      "description": "Implementation APIs for the `#[wasm_bindgen]` attribute",
      "externalReferences": [
        {
          "type": "documentation",
          "url": "https://docs.rs/wasm-bindgen"
        },
        {
          "type": "website",
          "url": "https://wasm-bindgen.github.io/wasm-bindgen/"
        },
        {
          "type": "vcs",
          "url": "https://github.com/wasm-bindgen/wasm-bindgen/tree/master/crates/macro-support"
        }
      ],
      "licenses": [
        {
          "expression": "MIT OR Apache-2.0"
        }
      ],
      "name": "wasm-bindgen-macro-support",
      "purl": "pkg:cargo/wasm-bindgen-macro-support@0.2.120",
      "type": "library",
      "version": "0.2.120"
    },
    {
      "author": "",
      "bom-ref": "CycloneDxRef-Component-indexmap-2.14.0",
      "description": "A hash table with consistent order and fast iteration.",
      "externalReferences": [
        {
          "type": "documentation",
          "url": "https://docs.rs/indexmap/"
        },
        {
          "type": "vcs",
          "url": "https://github.com/indexmap-rs/indexmap"
        }
      ],
      "licenses": [
        {
          "expression": "Apache-2.0 OR MIT"
        }
      ],
      "name": "indexmap",
      "purl": "pkg:cargo/indexmap@2.14.0",
      "type": "library",
      "version": "2.14.0"
    },
    {
      "author": "Philipp korber <philippkorber@gmail.com>, darkstalker <slayerbeast@gmail.com>, daboross <daboross@daboross.net>, Zac Burns (That3Percent) <that3percent@gmail.com>",
      "bom-ref": "CycloneDxRef-Component-maybe-owned-0.3.4",
      "description": "provides a `MaybeOwned` (and `MaybeOwnedMut`) type similar to std's `Cow` but it implements `From<T>` and `From<&'a T>` and does not require `ToOwned`",
      "externalReferences": [
        {
          "type": "vcs",
          "url": "https://github.com/rustonaut/maybe-owned"
        }
      ],
      "licenses": [
        {
          "expression": "MIT OR Apache-2.0"
        }
      ],
      "name": "maybe-owned",
      "purl": "pkg:cargo/maybe-owned@0.3.4",
      "type": "library",
      "version": "0.3.4"
    },
    {
      "author": "",
      "bom-ref": "CycloneDxRef-Component-windows_x86_64_gnullvm-0.53.1",
      "description": "Import lib for Windows",
      "externalReferences": [
        {
          "type": "vcs",
          "url": "https://github.com/microsoft/windows-rs"
        }
      ],
      "licenses": [
        {
          "expression": "MIT OR Apache-2.0"
        }
      ],
      "name": "windows_x86_64_gnullvm",
      "purl": "pkg:cargo/windows_x86_64_gnullvm@0.53.1",
      "type": "library",
      "version": "0.53.1"
    },
    {
      "author": "Andrew Gallant <jamslam@gmail.com>",
      "bom-ref": "CycloneDxRef-Component-jiff-static-0.2.35",
      "description": "Create static TimeZone values for Jiff (useful in core-only environments).",
      "externalReferences": [
        {
          "type": "documentation",
          "url": "https://docs.rs/jiff-tzdb"
        },
        {
          "type": "website",
          "url": "https://github.com/BurntSushi/jiff/tree/master/crates/jiff-static"
        },
        {
          "type": "vcs",
          "url": "https://github.com/BurntSushi/jiff"
        }
      ],
      "licenses": [
        {
          "expression": "Unlicense OR MIT"
        }
      ],
      "name": "jiff-static",
      "purl": "pkg:cargo/jiff-static@0.2.35",
      "type": "application",
      "version": "0.2.35"
    },
    {
      "author": "",
      "bom-ref": "CycloneDxRef-Component-r-efi-6.0.0",
      "description": "UEFI Reference Specification Protocol Constants and Definitions",
      "externalReferences": [
        {
          "type": "website",
          "url": "https://github.com/r-efi/r-efi/wiki"
        },
        {
          "type": "vcs",
          "url": "https://github.com/r-efi/r-efi"
        }
      ],
      "licenses": [
        {
          "expression": "MIT OR Apache-2.0 OR LGPL-2.1-or-later"
        }
      ],
      "name": "r-efi",
      "purl": "pkg:cargo/r-efi@6.0.0",
      "type": "library",
      "version": "6.0.0"
    },
    {
      "author": "Sebastian Thiel <sebastian.thiel@icloud.com>, Pascal Kuthe <pascal.kuthe@semimod.de>",
      "bom-ref": "CycloneDxRef-Component-gix-status-0.33.0",
      "description": "A crate of the gitoxide project dealing with 'git status'-like functionality",
      "externalReferences": [
        {
          "type": "vcs",
          "url": "https://github.com/GitoxideLabs/gitoxide"
        }
      ],
      "licenses": [
        {
          "expression": "MIT OR Apache-2.0"
        }
      ],
      "name": "gix-status",
      "purl": "pkg:cargo/gix-status@0.33.0",
      "type": "library",
      "version": "0.33.0"
    },
    {
      "author": "The Rust Project Developers, Andrew Gallant <jamslam@gmail.com>",
      "bom-ref": "CycloneDxRef-Component-regex-1.13.1",
      "description": "An implementation of regular expressions for Rust. This implementation uses\nfinite automata and guarantees linear time matching on all inputs.\n",
      "externalReferences": [
        {
          "type": "documentation",
          "url": "https://docs.rs/regex"
        },
        {
          "type": "website",
          "url": "https://github.com/rust-lang/regex"
        },
        {
          "type": "vcs",
          "url": "https://github.com/rust-lang/regex"
        }
      ],
      "licenses": [
        {
          "expression": "MIT OR Apache-2.0"
        }
      ],
      "name": "regex",
      "purl": "pkg:cargo/regex@1.13.1",
      "type": "library",
      "version": "1.13.1"
    },
    {
      "author": "Sebastian Thiel <sebastian.thiel@icloud.com>",
      "bom-ref": "CycloneDxRef-Component-gix-error-0.2.5",
      "description": "A crate of the gitoxide project to provide common errors and error-handling utilities",
      "externalReferences": [
        {
          "type": "vcs",
          "url": "https://github.com/GitoxideLabs/gitoxide"
        }
      ],
      "licenses": [
        {
          "expression": "MIT OR Apache-2.0"
        }
      ],
      "name": "gix-error",
      "purl": "pkg:cargo/gix-error@0.2.5",
      "type": "library",
      "version": "0.2.5"
    },
    {
      "author": "RustCrypto Developers",
      "bom-ref": "CycloneDxRef-Component-cpufeatures-0.2.17",
      "description": "Lightweight runtime CPU feature detection for aarch64, loongarch64, and x86/x86_64 targets, \nwith no_std support and support for mobile targets including Android and iOS\n",
      "externalReferences": [
        {
          "type": "documentation",
          "url": "https://docs.rs/cpufeatures"
        },
        {
          "type": "vcs",
          "url": "https://github.com/RustCrypto/utils"
        }
      ],
      "licenses": [
        {
          "expression": "MIT OR Apache-2.0"
        }
      ],
      "name": "cpufeatures",
      "purl": "pkg:cargo/cpufeatures@0.2.17",
      "type": "library",
      "version": "0.2.17"
    },
    {
      "author": "Max Brunsfeld <maxbrunsfeld@gmail.com>, Amaan Qureshi <amaanq12@gmail.com>",
      "bom-ref": "CycloneDxRef-Component-tree-sitter-javascript-0.25.0",
      "description": "JavaScript grammar for tree-sitter",
      "externalReferences": [
        {
          "type": "vcs",
          "url": "https://github.com/tree-sitter/tree-sitter-javascript"
        }
      ],
      "licenses": [
        {
          "expression": "MIT"
        }
      ],
      "name": "tree-sitter-javascript",
      "purl": "pkg:cargo/tree-sitter-javascript@0.25.0",
      "type": "library",
      "version": "0.25.0"
    },
    {
      "author": "Andrew Gallant <jamslam@gmail.com>",
      "bom-ref": "CycloneDxRef-Component-aho-corasick-1.1.5",
      "description": "Fast multiple substring searching.",
      "externalReferences": [
        {
          "type": "website",
          "url": "https://github.com/BurntSushi/aho-corasick"
        },
        {
          "type": "vcs",
          "url": "https://github.com/BurntSushi/aho-corasick"
        }
      ],
      "licenses": [
        {
          "expression": "Unlicense OR MIT"
        }
      ],
      "name": "aho-corasick",
      "purl": "pkg:cargo/aho-corasick@1.1.5",
      "type": "library",
      "version": "1.1.5"
    },
    {
      "author": "The wasm-bindgen Developers",
      "bom-ref": "CycloneDxRef-Component-wasm-bindgen-macro-0.2.120",
      "description": "Definition of the `#[wasm_bindgen]` attribute, an internal dependency\n",
      "externalReferences": [
        {
          "type": "documentation",
          "url": "https://docs.rs/wasm-bindgen"
        },
        {
          "type": "website",
          "url": "https://wasm-bindgen.github.io/wasm-bindgen/"
        },
        {
          "type": "vcs",
          "url": "https://github.com/wasm-bindgen/wasm-bindgen/tree/master/crates/macro"
        }
      ],
      "licenses": [
        {
          "expression": "MIT OR Apache-2.0"
        }
      ],
      "name": "wasm-bindgen-macro",
      "purl": "pkg:cargo/wasm-bindgen-macro@0.2.120",
      "type": "application",
      "version": "0.2.120"
    },
    {
      "author": "Jakub Konka <kubkon@jakubkonka.com>, Dan Gohman <dev@sunfishcode.online>",
      "bom-ref": "CycloneDxRef-Component-winx-0.36.4",
      "description": "Windows API helper library",
      "externalReferences": [
        {
          "type": "documentation",
          "url": "https://docs.rs/winx"
        },
        {
          "type": "vcs",
          "url": "https://github.com/sunfishcode/winx"
        }
      ],
      "licenses": [
        {
          "expression": "Apache-2.0"
        }
      ],
      "name": "winx",
      "purl": "pkg:cargo/winx@0.36.4",
      "type": "library",
      "version": "0.36.4"
    },
    {
      "author": "Sebastian Thiel <sebastian.thiel@icloud.com>",
      "bom-ref": "CycloneDxRef-Component-gix-prompt-0.16.0",
      "description": "A crate of the gitoxide project for handling prompts in the terminal",
      "externalReferences": [
        {
          "type": "vcs",
          "url": "https://github.com/GitoxideLabs/gitoxide"
        }
      ],
      "licenses": [
        {
          "expression": "MIT OR Apache-2.0"
        }
      ],
      "name": "gix-prompt",
      "purl": "pkg:cargo/gix-prompt@0.16.0",
      "type": "library",
      "version": "0.16.0"
    },
    {
      "author": "The Rand Project Developers",
      "bom-ref": "CycloneDxRef-Component-getrandom-0.4.3",
      "description": "A small cross-platform library for retrieving random data from system source",
      "externalReferences": [
        {
          "type": "documentation",
          "url": "https://docs.rs/getrandom"
        },
        {
          "type": "vcs",
          "url": "https://github.com/rust-random/getrandom"
        }
      ],
      "licenses": [
        {
          "expression": "MIT OR Apache-2.0"
        }
      ],
      "name": "getrandom",
      "purl": "pkg:cargo/getrandom@0.4.3",
      "type": "library",
      "version": "0.4.3"
    },
    {
      "author": "Sebastian Thiel <sebastian.thiel@icloud.com>",
      "bom-ref": "CycloneDxRef-Component-gix-glob-0.27.0",
      "description": "A crate of the gitoxide project dealing with pattern matching",
      "externalReferences": [
        {
          "type": "vcs",
          "url": "https://github.com/GitoxideLabs/gitoxide"
        }
      ],
      "licenses": [
        {
          "expression": "MIT OR Apache-2.0"
        }
      ],
      "name": "gix-glob",
      "purl": "pkg:cargo/gix-glob@0.27.0",
      "type": "library",
      "version": "0.27.0"
    },
    {
      "author": "Sebastian Thiel <sebastian.thiel@icloud.com>",
      "bom-ref": "CycloneDxRef-Component-gix-mailmap-0.33.2",
      "description": "A crate of the gitoxide project for parsing mailmap files",
      "externalReferences": [
        {
          "type": "vcs",
          "url": "https://github.com/GitoxideLabs/gitoxide"
        }
      ],
      "licenses": [
        {
          "expression": "MIT OR Apache-2.0"
        }
      ],
      "name": "gix-mailmap",
      "purl": "pkg:cargo/gix-mailmap@0.33.2",
      "type": "library",
      "version": "0.33.2"
    },
    {
      "author": "Dan Gohman <dev@sunfishcode.online>",
      "bom-ref": "CycloneDxRef-Component-ambient-authority-0.0.2",
      "description": "Ambient Authority",
      "externalReferences": [
        {
          "type": "vcs",
          "url": "https://github.com/sunfishcode/ambient-authority"
        }
      ],
      "licenses": [
        {
          "expression": "Apache-2.0 OR Apache-2.0 OR MIT"
        }
      ],
      "name": "ambient-authority",
      "purl": "pkg:cargo/ambient-authority@0.0.2",
      "type": "library",
      "version": "0.0.2"
    },
    {
      "author": "The Servo Project Developers, Matt Brubeck <mbrubeck@limpet.net>",
      "bom-ref": "CycloneDxRef-Component-uluru-3.1.0",
      "description": "A simple, fast, LRU cache implementation",
      "externalReferences": [
        {
          "type": "vcs",
          "url": "https://github.com/servo/uluru"
        }
      ],
      "licenses": [
        {
          "expression": "MPL-2.0"
        }
      ],
      "name": "uluru",
      "purl": "pkg:cargo/uluru@3.1.0",
      "type": "library",
      "version": "3.1.0"
    },
    {
      "author": "Andrew Gallant <jamslam@gmail.com>",
      "bom-ref": "CycloneDxRef-Component-ignore-0.4.31",
      "description": "A fast library for efficiently matching ignore files such as `.gitignore`\nagainst file paths.\n",
      "externalReferences": [
        {
          "type": "documentation",
          "url": "https://docs.rs/ignore"
        },
        {
          "type": "website",
          "url": "https://github.com/BurntSushi/ripgrep/tree/master/crates/ignore"
        },
        {
          "type": "vcs",
          "url": "https://github.com/BurntSushi/ripgrep/tree/master/crates/ignore"
        }
      ],
      "licenses": [
        {
          "expression": "Unlicense OR MIT"
        }
      ],
      "name": "ignore",
      "purl": "pkg:cargo/ignore@0.4.31",
      "type": "library",
      "version": "0.4.31"
    },
    {
      "author": "The Knurling-rs developers",
      "bom-ref": "CycloneDxRef-Component-defmt-1.1.1",
      "description": "A highly efficient logging framework that targets resource-constrained devices, like microcontrollers",
      "externalReferences": [
        {
          "type": "website",
          "url": "https://knurling.ferrous-systems.com/"
        },
        {
          "type": "vcs",
          "url": "https://github.com/knurling-rs/defmt"
        }
      ],
      "licenses": [
        {
          "expression": "MIT OR Apache-2.0"
        }
      ],
      "name": "defmt",
      "purl": "pkg:cargo/defmt@1.1.1",
      "type": "library",
      "version": "1.1.1"
    },
    {
      "author": "The Servo Project Developers",
      "bom-ref": "CycloneDxRef-Component-smallvec-1.15.2",
      "description": "'Small vector' optimization: store up to a small number of items on the stack",
      "externalReferences": [
        {
          "type": "documentation",
          "url": "https://docs.rs/smallvec/"
        },
        {
          "type": "vcs",
          "url": "https://github.com/servo/rust-smallvec"
        }
      ],
      "licenses": [
        {
          "expression": "MIT OR Apache-2.0"
        }
      ],
      "name": "smallvec",
      "purl": "pkg:cargo/smallvec@1.15.2",
      "type": "library",
      "version": "1.15.2"
    },
    {
      "author": "Dan Gohman <dev@sunfishcode.online>, Jakub Konka <kubkon@jakubkonka.com>",
      "bom-ref": "CycloneDxRef-Component-cap-std-4.0.2",
      "description": "Capability-based version of the Rust standard library",
      "externalReferences": [
        {
          "type": "vcs",
          "url": "https://github.com/bytecodealliance/cap-std"
        }
      ],
      "licenses": [
        {
          "expression": "Apache-2.0 OR Apache-2.0 OR MIT"
        }
      ],
      "name": "cap-std",
      "purl": "pkg:cargo/cap-std@4.0.2",
      "type": "library",
      "version": "4.0.2"
    },
    {
      "author": "RustCrypto Developers",
      "bom-ref": "CycloneDxRef-Component-crypto-common-0.1.7",
      "description": "Common cryptographic traits",
      "externalReferences": [
        {
          "type": "documentation",
          "url": "https://docs.rs/crypto-common"
        },
        {
          "type": "vcs",
          "url": "https://github.com/RustCrypto/traits"
        }
      ],
      "licenses": [
        {
          "expression": "MIT OR Apache-2.0"
        }
      ],
      "name": "crypto-common",
      "purl": "pkg:cargo/crypto-common@0.1.7",
      "type": "library",
      "version": "0.1.7"
    },
    {
      "author": "Dan Gohman <dev@sunfishcode.online>, Jakub Konka <kubkon@jakubkonka.com>",
      "bom-ref": "CycloneDxRef-Component-cap-primitives-4.0.2",
      "description": "Capability-based primitives",
      "externalReferences": [
        {
          "type": "vcs",
          "url": "https://github.com/bytecodealliance/cap-std"
        }
      ],
      "licenses": [
        {
          "expression": "Apache-2.0 OR Apache-2.0 OR MIT"
        }
      ],
      "name": "cap-primitives",
      "purl": "pkg:cargo/cap-primitives@4.0.2",
      "type": "library",
      "version": "4.0.2"
    },
    {
      "author": "Kris Price <kris@krisprice.nz>",
      "bom-ref": "CycloneDxRef-Component-ipnet-2.12.1",
      "description": "Provides types and useful methods for working with IPv4 and IPv6 network addresses, commonly called IP prefixes. The new `IpNet`, `Ipv4Net`, and `Ipv6Net` types build on the existing `IpAddr`, `Ipv4Addr`, and `Ipv6Addr` types already provided in Rust's standard library and align to their design to stay consistent. The module also provides useful traits that extend `Ipv4Addr` and `Ipv6Addr` with methods for `Add`, `Sub`, `BitAnd`, and `BitOr` operations. The module only uses stable feature so it is guaranteed to compile using the stable toolchain.",
      "externalReferences": [
        {
          "type": "documentation",
          "url": "https://docs.rs/ipnet"
        },
        {
          "type": "vcs",
          "url": "https://github.com/krisprice/ipnet"
        }
      ],
      "licenses": [
        {
          "expression": "MIT OR Apache-2.0"
        }
      ],
      "name": "ipnet",
      "purl": "pkg:cargo/ipnet@2.12.1",
      "type": "library",
      "version": "2.12.1"
    },
    {
      "author": "",
      "bom-ref": "CycloneDxRef-Component-equivalent-1.0.2",
      "description": "Traits for key comparison in maps.",
      "externalReferences": [
        {
          "type": "vcs",
          "url": "https://github.com/indexmap-rs/equivalent"
        }
      ],
      "licenses": [
        {
          "expression": "Apache-2.0 OR MIT"
        }
      ],
      "name": "equivalent",
      "purl": "pkg:cargo/equivalent@1.0.2",
      "type": "library",
      "version": "1.0.2"
    },
    {
      "author": "Sebastian Thiel <sebastian.thiel@icloud.com>",
      "bom-ref": "CycloneDxRef-Component-gix-quote-0.7.2",
      "description": "A crate of the gitoxide project dealing with various quotations used by git",
      "externalReferences": [
        {
          "type": "vcs",
          "url": "https://github.com/GitoxideLabs/gitoxide"
        }
      ],
      "licenses": [
        {
          "expression": "MIT OR Apache-2.0"
        }
      ],
      "name": "gix-quote",
      "purl": "pkg:cargo/gix-quote@0.7.2",
      "type": "library",
      "version": "0.7.2"
    },
    {
      "author": "Erick Tryzelaar <erick.tryzelaar@gmail.com>, David Tolnay <dtolnay@gmail.com>",
      "bom-ref": "CycloneDxRef-Component-serde_json-1.0.145",
      "description": "A JSON serialization file format",
      "externalReferences": [
        {
          "type": "documentation",
          "url": "https://docs.rs/serde_json"
        },
        {
          "type": "vcs",
          "url": "https://github.com/serde-rs/json"
        }
      ],
      "licenses": [
        {
          "expression": "MIT OR Apache-2.0"
        }
      ],
      "name": "serde_json",
      "purl": "pkg:cargo/serde_json@1.0.145",
      "type": "library",
      "version": "1.0.145"
    },
    {
      "author": "Tokio Contributors <team@tokio.rs>",
      "bom-ref": "CycloneDxRef-Component-tokio-1.53.1",
      "description": "An event-driven, non-blocking I/O platform for writing asynchronous I/O\nbacked applications.\n",
      "externalReferences": [
        {
          "type": "website",
          "url": "https://tokio.rs"
        },
        {
          "type": "vcs",
          "url": "https://github.com/tokio-rs/tokio"
        }
      ],
      "licenses": [
        {
          "expression": "MIT"
        }
      ],
      "name": "tokio",
      "purl": "pkg:cargo/tokio@1.53.1",
      "type": "library",
      "version": "1.53.1"
    },
    {
      "author": "",
      "bom-ref": "CycloneDxRef-Component-windows_i686_gnu-0.53.1",
      "description": "Import lib for Windows",
      "externalReferences": [
        {
          "type": "vcs",
          "url": "https://github.com/microsoft/windows-rs"
        }
      ],
      "licenses": [
        {
          "expression": "MIT OR Apache-2.0"
        }
      ],
      "name": "windows_i686_gnu",
      "purl": "pkg:cargo/windows_i686_gnu@0.53.1",
      "type": "library",
      "version": "0.53.1"
    },
    {
      "author": "",
      "bom-ref": "CycloneDxRef-Component-crossbeam-epoch-0.9.20",
      "description": "Epoch-based garbage collection",
      "externalReferences": [
        {
          "type": "website",
          "url": "https://github.com/crossbeam-rs/crossbeam/tree/master/crossbeam-epoch"
        },
        {
          "type": "vcs",
          "url": "https://github.com/crossbeam-rs/crossbeam"
        }
      ],
      "licenses": [
        {
          "expression": "MIT OR Apache-2.0"
        }
      ],
      "name": "crossbeam-epoch",
      "purl": "pkg:cargo/crossbeam-epoch@0.9.20",
      "type": "library",
      "version": "0.9.20"
    },
    {
      "author": "The Rust Project Developers",
      "bom-ref": "CycloneDxRef-Component-bitflags-1.3.2",
      "description": "A macro to generate structures which behave like bitflags.\n",
      "externalReferences": [
        {
          "type": "documentation",
          "url": "https://docs.rs/bitflags"
        },
        {
          "type": "website",
          "url": "https://github.com/bitflags/bitflags"
        },
        {
          "type": "vcs",
          "url": "https://github.com/bitflags/bitflags"
        }
      ],
      "licenses": [
        {
          "expression": "MIT OR Apache-2.0"
        }
      ],
      "name": "bitflags",
      "purl": "pkg:cargo/bitflags@1.3.2",
      "type": "library",
      "version": "1.3.2"
    },
    {
      "author": "Dan Gohman <dev@sunfishcode.online>",
      "bom-ref": "CycloneDxRef-Component-io-lifetimes-3.0.1",
      "description": "A low-level I/O ownership and borrowing library",
      "externalReferences": [
        {
          "type": "vcs",
          "url": "https://github.com/sunfishcode/io-lifetimes"
        }
      ],
      "licenses": [
        {
          "expression": "Apache-2.0 OR Apache-2.0 OR MIT"
        }
      ],
      "name": "io-lifetimes",
      "purl": "pkg:cargo/io-lifetimes@3.0.1",
      "type": "library",
      "version": "3.0.1"
    },
    {
      "author": "Dan Gohman <dev@sunfishcode.online>",
      "bom-ref": "CycloneDxRef-Component-io-lifetimes-2.0.4",
      "description": "A low-level I/O ownership and borrowing library",
      "externalReferences": [
        {
          "type": "vcs",
          "url": "https://github.com/sunfishcode/io-lifetimes"
        }
      ],
      "licenses": [
        {
          "expression": "Apache-2.0 OR Apache-2.0 OR MIT"
        }
      ],
      "name": "io-lifetimes",
      "purl": "pkg:cargo/io-lifetimes@2.0.4",
      "type": "library",
      "version": "2.0.4"
    },
    {
      "author": "Aleksey Kladov <aleksey.kladov@gmail.com>",
      "bom-ref": "CycloneDxRef-Component-once_cell-1.21.4",
      "description": "Single assignment cells and lazy values.",
      "externalReferences": [
        {
          "type": "documentation",
          "url": "https://docs.rs/once_cell"
        },
        {
          "type": "vcs",
          "url": "https://github.com/matklad/once_cell"
        }
      ],
      "licenses": [
        {
          "expression": "MIT OR Apache-2.0"
        }
      ],
      "name": "once_cell",
      "purl": "pkg:cargo/once_cell@1.21.4",
      "type": "library",
      "version": "1.21.4"
    },
    {
      "author": "Matthew D. Steele <mdsteele@alum.mit.edu>",
      "bom-ref": "CycloneDxRef-Component-cfb-0.7.3",
      "description": "Read/write Compound File Binary (structured storage) files",
      "externalReferences": [
        {
          "type": "documentation",
          "url": "http://mdsteele.github.io/rust-cfb/"
        },
        {
          "type": "vcs",
          "url": "https://github.com/mdsteele/rust-cfb"
        }
      ],
      "licenses": [
        {
          "expression": "MIT"
        }
      ],
      "name": "cfb",
      "purl": "pkg:cargo/cfb@0.7.3",
      "type": "library",
      "version": "0.7.3"
    },
    {
      "author": "Max Brunsfeld <maxbrunsfeld@gmail.com>, Amaan Qureshi <amaanq12@gmail.com>",
      "bom-ref": "CycloneDxRef-Component-tree-sitter-language-0.1.7",
      "description": "The tree-sitter Language type, used by the library and by language implementations",
      "externalReferences": [
        {
          "type": "documentation",
          "url": "https://docs.rs/tree-sitter-language"
        },
        {
          "type": "website",
          "url": "https://tree-sitter.github.io/tree-sitter"
        },
        {
          "type": "vcs",
          "url": "https://github.com/tree-sitter/tree-sitter"
        }
      ],
      "licenses": [
        {
          "expression": "MIT"
        }
      ],
      "name": "tree-sitter-language",
      "purl": "pkg:cargo/tree-sitter-language@0.1.7",
      "type": "library",
      "version": "0.1.7"
    },
    {
      "author": "Sebastian Thiel <sebastian.thiel@icloud.com>",
      "bom-ref": "CycloneDxRef-Component-gix-index-0.54.0",
      "description": "A work-in-progress crate of the gitoxide project dedicated implementing the git index file",
      "externalReferences": [
        {
          "type": "vcs",
          "url": "https://github.com/GitoxideLabs/gitoxide"
        }
      ],
      "licenses": [
        {
          "expression": "MIT OR Apache-2.0"
        }
      ],
      "name": "gix-index",
      "purl": "pkg:cargo/gix-index@0.54.0",
      "type": "library",
      "version": "0.54.0"
    },
    {
      "author": "Dan Gohman <dev@sunfishcode.online>",
      "bom-ref": "CycloneDxRef-Component-fs-set-times-0.20.3",
      "description": "Set filesystem timestamps",
      "externalReferences": [
        {
          "type": "documentation",
          "url": "https://docs.rs/fs-set-times"
        },
        {
          "type": "vcs",
          "url": "https://github.com/bytecodealliance/fs-set-times"
        }
      ],
      "licenses": [
        {
          "expression": "Apache-2.0 OR Apache-2.0 OR MIT"
        }
      ],
      "name": "fs-set-times",
      "purl": "pkg:cargo/fs-set-times@0.20.3",
      "type": "library",
      "version": "0.20.3"
    },
    {
      "author": "Alexis Sellier <self@cloudhead.io>",
      "bom-ref": "CycloneDxRef-Component-nonempty-0.12.0",
      "description": "Correct by construction non-empty vector",
      "externalReferences": [
        {
          "type": "vcs",
          "url": "https://github.com/cloudhead/nonempty"
        }
      ],
      "licenses": [
        {
          "expression": "MIT"
        }
      ],
      "name": "nonempty",
      "purl": "pkg:cargo/nonempty@0.12.0",
      "type": "library",
      "version": "0.12.0"
    },
    {
      "author": "Robert Grosse <n210241048576@gmail.com>",
      "bom-ref": "CycloneDxRef-Component-stable_deref_trait-1.2.1",
      "description": "An unsafe marker trait for types like Box and Rc that dereference to a stable address even when moved, and hence can be used with libraries such as owning_ref and rental.\n",
      "externalReferences": [
        {
          "type": "documentation",
          "url": "https://docs.rs/stable_deref_trait/1.2.1/stable_deref_trait"
        },
        {
          "type": "vcs",
          "url": "https://github.com/storyyeller/stable_deref_trait"
        }
      ],
      "licenses": [
        {
          "expression": "MIT OR Apache-2.0"
        }
      ],
      "name": "stable_deref_trait",
      "purl": "pkg:cargo/stable_deref_trait@1.2.1",
      "type": "library",
      "version": "1.2.1"
    },
    {
      "author": "",
      "bom-ref": "CycloneDxRef-Component-bisync_macros-0.2.3",
      "description": "macro implementations for the bisync crate",
      "externalReferences": [
        {
          "type": "vcs",
          "url": "https://github.com/JM4ier/bisync"
        }
      ],
      "licenses": [
        {
          "expression": "MIT OR Apache-2.0"
        }
      ],
      "name": "bisync_macros",
      "purl": "pkg:cargo/bisync_macros@0.2.3",
      "type": "application",
      "version": "0.2.3"
    },
    {
      "author": "",
      "bom-ref": "CycloneDxRef-Component-windows_aarch64_gnullvm-0.53.1",
      "description": "Import lib for Windows",
      "externalReferences": [
        {
          "type": "vcs",
          "url": "https://github.com/microsoft/windows-rs"
        }
      ],
      "licenses": [
        {
          "expression": "MIT OR Apache-2.0"
        }
      ],
      "name": "windows_aarch64_gnullvm",
      "purl": "pkg:cargo/windows_aarch64_gnullvm@0.53.1",
      "type": "library",
      "version": "0.53.1"
    },
    {
      "author": "RustCrypto Developers",
      "bom-ref": "CycloneDxRef-Component-sha1-0.10.7",
      "description": "SHA-1 hash function",
      "externalReferences": [
        {
          "type": "documentation",
          "url": "https://docs.rs/sha1"
        },
        {
          "type": "vcs",
          "url": "https://github.com/RustCrypto/hashes"
        }
      ],
      "licenses": [
        {
          "expression": "MIT OR Apache-2.0"
        }
      ],
      "name": "sha1",
      "purl": "pkg:cargo/sha1@0.10.7",
      "type": "library",
      "version": "0.10.7"
    },
    {
      "author": "The Knurling-rs developers",
      "bom-ref": "CycloneDxRef-Component-defmt-parser-1.0.0",
      "description": "Parsing library for defmt format strings",
      "externalReferences": [
        {
          "type": "vcs",
          "url": "https://github.com/knurling-rs/defmt"
        }
      ],
      "licenses": [
        {
          "expression": "MIT OR Apache-2.0"
        }
      ],
      "name": "defmt-parser",
      "purl": "pkg:cargo/defmt-parser@1.0.0",
      "type": "library",
      "version": "1.0.0"
    },
    {
      "author": "Sebastian Thiel <sebastian.thiel@icloud.com>",
      "bom-ref": "CycloneDxRef-Component-gix-bitmap-0.3.3",
      "description": "A crate of the gitoxide project dedicated implementing the standard git bitmap format",
      "externalReferences": [
        {
          "type": "vcs",
          "url": "https://github.com/GitoxideLabs/gitoxide"
        }
      ],
      "licenses": [
        {
          "expression": "MIT OR Apache-2.0"
        }
      ],
      "name": "gix-bitmap",
      "purl": "pkg:cargo/gix-bitmap@0.3.3",
      "type": "library",
      "version": "0.3.3"
    },
    {
      "author": "Edward Shen <code@eddie.sh>",
      "bom-ref": "CycloneDxRef-Component-gix-config-0.59.0",
      "description": "A git-config file parser and editor from the gitoxide project",
      "externalReferences": [
        {
          "type": "vcs",
          "url": "https://github.com/GitoxideLabs/gitoxide"
        }
      ],
      "licenses": [
        {
          "expression": "MIT OR Apache-2.0"
        }
      ],
      "name": "gix-config",
      "purl": "pkg:cargo/gix-config@0.59.0",
      "type": "library",
      "version": "0.59.0"
    },
    {
      "author": "Carl Lerche <me@carllerche.com>, Thomas de Zeeuw <thomasdezeeuw@gmail.com>, Tokio Contributors <team@tokio.rs>",
      "bom-ref": "CycloneDxRef-Component-mio-1.2.1",
      "description": "Lightweight non-blocking I/O.",
      "externalReferences": [
        {
          "type": "website",
          "url": "https://github.com/tokio-rs/mio"
        },
        {
          "type": "vcs",
          "url": "https://github.com/tokio-rs/mio"
        }
      ],
      "licenses": [
        {
          "expression": "MIT"
        }
      ],
      "name": "mio",
      "purl": "pkg:cargo/mio@1.2.1",
      "type": "library",
      "version": "1.2.1"
    },
    {
      "author": "Sebastian Thiel <sebastian.thiel@icloud.com>",
      "bom-ref": "CycloneDxRef-Component-gix-sec-0.14.2",
      "description": "A crate of the gitoxide project providing a shared trust model",
      "externalReferences": [
        {
          "type": "vcs",
          "url": "https://github.com/GitoxideLabs/gitoxide"
        }
      ],
      "licenses": [
        {
          "expression": "MIT OR Apache-2.0"
        }
      ],
      "name": "gix-sec",
      "purl": "pkg:cargo/gix-sec@0.14.2",
      "type": "library",
      "version": "0.14.2"
    },
    {
      "author": "Sebastian Thiel <sebastian.thiel@icloud.com>",
      "bom-ref": "CycloneDxRef-Component-gix-diff-0.66.0",
      "description": "Calculate differences between various git objects",
      "externalReferences": [
        {
          "type": "vcs",
          "url": "https://github.com/GitoxideLabs/gitoxide"
        }
      ],
      "licenses": [
        {
          "expression": "MIT OR Apache-2.0"
        }
      ],
      "name": "gix-diff",
      "purl": "pkg:cargo/gix-diff@0.66.0",
      "type": "library",
      "version": "0.66.0"
    },
    {
      "author": "Sebastian Thiel <sebastian.thiel@icloud.com>",
      "bom-ref": "CycloneDxRef-Component-gix-ref-0.66.0",
      "description": "A crate to handle git references",
      "externalReferences": [
        {
          "type": "vcs",
          "url": "https://github.com/GitoxideLabs/gitoxide"
        }
      ],
      "licenses": [
        {
          "expression": "MIT OR Apache-2.0"
        }
      ],
      "name": "gix-ref",
      "purl": "pkg:cargo/gix-ref@0.66.0",
      "type": "library",
      "version": "0.66.0"
    },
    {
      "author": "",
      "bom-ref": "CycloneDxRef-Component-windows_i686_gnullvm-0.53.1",
      "description": "Import lib for Windows",
      "externalReferences": [
        {
          "type": "vcs",
          "url": "https://github.com/microsoft/windows-rs"
        }
      ],
      "licenses": [
        {
          "expression": "MIT OR Apache-2.0"
        }
      ],
      "name": "windows_i686_gnullvm",
      "purl": "pkg:cargo/windows_i686_gnullvm@0.53.1",
      "type": "library",
      "version": "0.53.1"
    },
    {
      "author": "Orson Peters <orsonpeters@gmail.com>",
      "bom-ref": "CycloneDxRef-Component-foldhash-0.2.0",
      "description": "A fast, non-cryptographic, minimally DoS-resistant hashing algorithm.",
      "externalReferences": [
        {
          "type": "vcs",
          "url": "https://github.com/orlp/foldhash"
        }
      ],
      "licenses": [
        {
          "expression": "Zlib"
        }
      ],
      "name": "foldhash",
      "purl": "pkg:cargo/foldhash@0.2.0",
      "type": "library",
      "version": "0.2.0"
    },
    {
      "author": "Microsoft",
      "bom-ref": "CycloneDxRef-Component-windows_aarch64_gnullvm-0.52.6",
      "description": "Import lib for Windows",
      "externalReferences": [
        {
          "type": "vcs",
          "url": "https://github.com/microsoft/windows-rs"
        }
      ],
      "licenses": [
        {
          "expression": "MIT OR Apache-2.0"
        }
      ],
      "name": "windows_aarch64_gnullvm",
      "purl": "pkg:cargo/windows_aarch64_gnullvm@0.52.6",
      "type": "library",
      "version": "0.52.6"
    },
    {
      "author": "Sebastian Thiel <sebastian.thiel@icloud.com>",
      "bom-ref": "CycloneDxRef-Component-gix-chunk-0.7.3",
      "description": "Interact with the git chunk file format used in multi-pack index and commit-graph files",
      "externalReferences": [
        {
          "type": "documentation",
          "url": "https://github.com/git/git/blob/seen/Documentation/technical/chunk-format.txt"
        },
        {
          "type": "vcs",
          "url": "https://github.com/GitoxideLabs/gitoxide"
        }
      ],
      "licenses": [
        {
          "expression": "MIT OR Apache-2.0"
        }
      ],
      "name": "gix-chunk",
      "purl": "pkg:cargo/gix-chunk@0.7.3",
      "type": "library",
      "version": "0.7.3"
    },
    {
      "author": "Sebastian Thiel <sebastian.thiel@icloud.com>",
      "bom-ref": "CycloneDxRef-Component-gix-archive-0.35.0",
      "description": "archive generation from of a worktree stream",
      "externalReferences": [
        {
          "type": "vcs",
          "url": "https://github.com/GitoxideLabs/gitoxide"
        }
      ],
      "licenses": [
        {
          "expression": "MIT OR Apache-2.0"
        }
      ],
      "name": "gix-archive",
      "purl": "pkg:cargo/gix-archive@0.35.0",
      "type": "library",
      "version": "0.35.0"
    },
    {
      "author": "Dan Gohman <dev@sunfishcode.online>, Jakub Konka <kubkon@jakubkonka.com>",
      "bom-ref": "CycloneDxRef-Component-cap-fs-ext-4.0.2",
      "description": "Extension traits for `Dir`, `File`, etc.",
      "externalReferences": [
        {
          "type": "vcs",
          "url": "https://github.com/bytecodealliance/cap-std"
        }
      ],
      "licenses": [
        {
          "expression": "Apache-2.0 OR Apache-2.0 OR MIT"
        }
      ],
      "name": "cap-fs-ext",
      "purl": "pkg:cargo/cap-fs-ext@4.0.2",
      "type": "library",
      "version": "4.0.2"
    },
    {
      "author": "The wasm-bindgen Developers",
      "bom-ref": "CycloneDxRef-Component-js-sys-0.3.97",
      "description": "Bindings for all JS global objects and functions in all JS environments like\nNode.js and browsers, built on `#[wasm_bindgen]` using the `wasm-bindgen` crate.\n",
      "externalReferences": [
        {
          "type": "documentation",
          "url": "https://docs.rs/js-sys"
        },
        {
          "type": "website",
          "url": "https://wasm-bindgen.github.io/wasm-bindgen/"
        },
        {
          "type": "vcs",
          "url": "https://github.com/wasm-bindgen/wasm-bindgen/tree/master/crates/js-sys"
        }
      ],
      "licenses": [
        {
          "expression": "MIT OR Apache-2.0"
        }
      ],
      "name": "js-sys",
      "purl": "pkg:cargo/js-sys@0.3.97",
      "type": "library",
      "version": "0.3.97"
    },
    {
      "author": "David Roundy <roundyd@physics.oregonstate.edu>",
      "bom-ref": "CycloneDxRef-Component-arrayref-0.3.9",
      "description": "Macros to take array references of slices",
      "externalReferences": [
        {
          "type": "documentation",
          "url": "https://docs.rs/arrayref"
        },
        {
          "type": "vcs",
          "url": "https://github.com/droundy/arrayref"
        }
      ],
      "licenses": [
        {
          "expression": "BSD-2-Clause"
        }
      ],
      "name": "arrayref",
      "purl": "pkg:cargo/arrayref@0.3.9",
      "type": "library",
      "version": "0.3.9"
    },
    {
      "author": "Phil Booth <pmbooth@gmail.com>",
      "bom-ref": "CycloneDxRef-Component-unicode-bom-2.0.3",
      "description": "Unicode byte-order mark detection for files and byte arrays.",
      "externalReferences": [
        {
          "type": "documentation",
          "url": "https://philbooth.gitlab.io/unicode-bom/unicode_bom/"
        },
        {
          "type": "vcs",
          "url": "https://gitlab.com/philbooth/unicode-bom"
        }
      ],
      "licenses": [
        {
          "expression": "Apache-2.0"
        }
      ],
      "name": "unicode-bom",
      "purl": "pkg:cargo/unicode-bom@2.0.3",
      "type": "library",
      "version": "2.0.3"
    },
    {
      "author": "Henri Sivonen <hsivonen@hsivonen.fi>",
      "bom-ref": "CycloneDxRef-Component-encoding_rs-0.8.35",
      "description": "A Gecko-oriented implementation of the Encoding Standard",
      "externalReferences": [
        {
          "type": "documentation",
          "url": "https://docs.rs/encoding_rs/"
        },
        {
          "type": "website",
          "url": "https://docs.rs/encoding_rs/"
        },
        {
          "type": "vcs",
          "url": "https://github.com/hsivonen/encoding_rs"
        }
      ],
      "licenses": [
        {
          "expression": "(Apache-2.0 OR MIT) AND BSD-3-Clause"
        }
      ],
      "name": "encoding_rs",
      "purl": "pkg:cargo/encoding_rs@0.8.35",
      "type": "library",
      "version": "0.8.35"
    },
    {
      "author": "",
      "bom-ref": "CycloneDxRef-Component-futures-core-0.3.34",
      "description": "The core traits and types in for the `futures` library.\n",
      "externalReferences": [
        {
          "type": "website",
          "url": "https://rust-lang.github.io/futures-rs"
        },
        {
          "type": "vcs",
          "url": "https://github.com/rust-lang/futures-rs"
        }
      ],
      "licenses": [
        {
          "expression": "MIT OR Apache-2.0"
        }
      ],
      "name": "futures-core",
      "purl": "pkg:cargo/futures-core@0.3.34",
      "type": "library",
      "version": "0.3.34"
    },
    {
      "author": "Lokathor <zefria@gmail.com>",
      "bom-ref": "CycloneDxRef-Component-tinyvec-1.12.0",
      "description": "`tinyvec` provides 100% safe vec-like data structures.",
      "externalReferences": [
        {
          "type": "vcs",
          "url": "https://github.com/Lokathor/tinyvec"
        }
      ],
      "licenses": [
        {
          "expression": "Zlib OR Apache-2.0 OR MIT"
        }
      ],
      "name": "tinyvec",
      "purl": "pkg:cargo/tinyvec@1.12.0",
      "type": "library",
      "version": "1.12.0"
    },
    {
      "author": "Microsoft",
      "bom-ref": "CycloneDxRef-Component-windows_i686_gnu-0.52.6",
      "description": "Import lib for Windows",
      "externalReferences": [
        {
          "type": "vcs",
          "url": "https://github.com/microsoft/windows-rs"
        }
      ],
      "licenses": [
        {
          "expression": "MIT OR Apache-2.0"
        }
      ],
      "name": "windows_i686_gnu",
      "purl": "pkg:cargo/windows_i686_gnu@0.52.6",
      "type": "library",
      "version": "0.52.6"
    },
    {
      "author": "Sebastian Thiel <sebastian.thiel@icloud.com>",
      "bom-ref": "CycloneDxRef-Component-gix-object-0.63.0",
      "description": "Immutable and mutable git objects with decoding and encoding support",
      "externalReferences": [
        {
          "type": "vcs",
          "url": "https://github.com/GitoxideLabs/gitoxide"
        }
      ],
      "licenses": [
        {
          "expression": "MIT OR Apache-2.0"
        }
      ],
      "name": "gix-object",
      "purl": "pkg:cargo/gix-object@0.63.0",
      "type": "library",
      "version": "0.63.0"
    },
    {
      "author": "Dan Gohman <dev@sunfishcode.online>",
      "bom-ref": "CycloneDxRef-Component-rustix-linux-procfs-0.1.1",
      "description": "Utilities for opening Linux procfs files and directories",
      "externalReferences": [
        {
          "type": "documentation",
          "url": "https://docs.rs/rustix-linux-procfs"
        },
        {
          "type": "vcs",
          "url": "https://github.com/sunfishcode/rustix-linux-procfs"
        }
      ],
      "licenses": [
        {
          "expression": "Apache-2.0 OR Apache-2.0 OR MIT"
        }
      ],
      "name": "rustix-linux-procfs",
      "purl": "pkg:cargo/rustix-linux-procfs@0.1.1",
      "type": "library",
      "version": "0.1.1"
    },
    {
      "author": "Peter Atashian <retep998@gmail.com>",
      "bom-ref": "CycloneDxRef-Component-winapi-x86_64-pc-windows-gnu-0.4.0",
      "description": "Import libraries for the x86_64-pc-windows-gnu target. Please don't use this crate directly, depend on winapi instead.",
      "externalReferences": [
        {
          "type": "vcs",
          "url": "https://github.com/retep998/winapi-rs"
        }
      ],
      "licenses": [
        {
          "expression": "MIT OR Apache-2.0"
        }
      ],
      "name": "winapi-x86_64-pc-windows-gnu",
      "purl": "pkg:cargo/winapi-x86_64-pc-windows-gnu@0.4.0",
      "type": "library",
      "version": "0.4.0"
    },
    {
      "author": "Sebastian Thiel <sebastian.thiel@icloud.com>",
      "bom-ref": "CycloneDxRef-Component-gix-validate-0.11.3",
      "description": "Validation functions for various kinds of names in git",
      "externalReferences": [
        {
          "type": "vcs",
          "url": "https://github.com/GitoxideLabs/gitoxide"
        }
      ],
      "licenses": [
        {
          "expression": "MIT OR Apache-2.0"
        }
      ],
      "name": "gix-validate",
      "purl": "pkg:cargo/gix-validate@0.11.3",
      "type": "library",
      "version": "0.11.3"
    },
    {
      "author": "Sebastian Thiel <sebastian.thiel@icloud.com>",
      "bom-ref": "CycloneDxRef-Component-gix-ignore-0.22.0",
      "description": "A crate of the gitoxide project dealing .gitignore files",
      "externalReferences": [
        {
          "type": "vcs",
          "url": "https://github.com/GitoxideLabs/gitoxide"
        }
      ],
      "licenses": [
        {
          "expression": "MIT OR Apache-2.0"
        }
      ],
      "name": "gix-ignore",
      "purl": "pkg:cargo/gix-ignore@0.22.0",
      "type": "library",
      "version": "0.22.0"
    },
    {
      "author": "",
      "bom-ref": "CycloneDxRef-Component-zlib-rs-0.6.7",
      "description": "A memory-safe zlib implementation written in rust",
      "externalReferences": [
        {
          "type": "website",
          "url": "https://github.com/trifectatechfoundation/zlib-rs"
        },
        {
          "type": "vcs",
          "url": "https://github.com/trifectatechfoundation/zlib-rs"
        }
      ],
      "licenses": [
        {
          "expression": "Zlib"
        }
      ],
      "name": "zlib-rs",
      "purl": "pkg:cargo/zlib-rs@0.6.7",
      "type": "library",
      "version": "0.6.7"
    },
    {
      "author": "Andrew Gallant <jamslam@gmail.com>",
      "bom-ref": "CycloneDxRef-Component-winapi-util-0.1.11",
      "description": "A dumping ground for high level safe wrappers over windows-sys.",
      "externalReferences": [
        {
          "type": "documentation",
          "url": "https://docs.rs/winapi-util"
        },
        {
          "type": "website",
          "url": "https://github.com/BurntSushi/winapi-util"
        },
        {
          "type": "vcs",
          "url": "https://github.com/BurntSushi/winapi-util"
        }
      ],
      "licenses": [
        {
          "expression": "Unlicense OR MIT"
        }
      ],
      "name": "winapi-util",
      "purl": "pkg:cargo/winapi-util@0.1.11",
      "type": "library",
      "version": "0.1.11"
    },
    {
      "author": "Dan Gohman <dev@sunfishcode.online>, Jakub Konka <kubkon@jakubkonka.com>",
      "bom-ref": "CycloneDxRef-Component-rustix-1.1.4",
      "description": "Safe Rust bindings to POSIX/Unix/Linux/Winsock-like syscalls",
      "externalReferences": [
        {
          "type": "documentation",
          "url": "https://docs.rs/rustix"
        },
        {
          "type": "vcs",
          "url": "https://github.com/bytecodealliance/rustix"
        }
      ],
      "licenses": [
        {
          "expression": "Apache-2.0 OR Apache-2.0 OR MIT"
        }
      ],
      "name": "rustix",
      "purl": "pkg:cargo/rustix@1.1.4",
      "type": "library",
      "version": "1.1.4"
    },
    {
      "author": "",
      "bom-ref": "CycloneDxRef-Component-portable-atomic-util-0.2.4",
      "description": "Synchronization primitives built with portable-atomic.\n",
      "externalReferences": [
        {
          "type": "vcs",
          "url": "https://github.com/taiki-e/portable-atomic"
        }
      ],
      "licenses": [
        {
          "expression": "Apache-2.0 OR MIT"
        }
      ],
      "name": "portable-atomic-util",
      "purl": "pkg:cargo/portable-atomic-util@0.2.4",
      "type": "library",
      "version": "0.2.4"
    },
    {
      "author": "Alex Crichton <alex@alexcrichton.com>",
      "bom-ref": "CycloneDxRef-Component-cfg-if-1.0.4",
      "description": "A macro to ergonomically define an item depending on a large number of #[cfg]\nparameters. Structured like an if-else chain, the first matching branch is the\nitem that gets emitted.\n",
      "externalReferences": [
        {
          "type": "vcs",
          "url": "https://github.com/rust-lang/cfg-if"
        }
      ],
      "licenses": [
        {
          "expression": "MIT OR Apache-2.0"
        }
      ],
      "name": "cfg-if",
      "purl": "pkg:cargo/cfg-if@1.0.4",
      "type": "library",
      "version": "1.0.4"
    },
    {
      "author": "Carl Lerche <me@carllerche.com>, Sean McArthur <sean@seanmonstar.com>",
      "bom-ref": "CycloneDxRef-Component-bytes-1.12.1",
      "description": "Types and traits for working with bytes",
      "externalReferences": [
        {
          "type": "vcs",
          "url": "https://github.com/tokio-rs/bytes"
        }
      ],
      "licenses": [
        {
          "expression": "MIT"
        }
      ],
      "name": "bytes",
      "purl": "pkg:cargo/bytes@1.12.1",
      "type": "library",
      "version": "1.12.1"
    },
    {
      "author": "",
      "bom-ref": "CycloneDxRef-Component-bisync-0.3.0",
      "description": "write async-generic code",
      "externalReferences": [
        {
          "type": "vcs",
          "url": "https://github.com/JM4ier/bisync"
        }
      ],
      "licenses": [
        {
          "expression": "MIT OR Apache-2.0"
        }
      ],
      "name": "bisync",
      "purl": "pkg:cargo/bisync@0.3.0",
      "type": "library",
      "version": "0.3.0"
    },
    {
      "author": "Michal 'vorner' Vaner <vorner@vorner.cz>, Masaki Hara <ackie.h.gmai@gmail.com>",
      "bom-ref": "CycloneDxRef-Component-signal-hook-registry-1.4.8",
      "description": "Backend crate for signal-hook",
      "externalReferences": [
        {
          "type": "documentation",
          "url": "https://docs.rs/signal-hook-registry"
        },
        {
          "type": "vcs",
          "url": "https://github.com/vorner/signal-hook"
        }
      ],
      "licenses": [
        {
          "expression": "MIT OR Apache-2.0"
        }
      ],
      "name": "signal-hook-registry",
      "purl": "pkg:cargo/signal-hook-registry@1.4.8",
      "type": "library",
      "version": "1.4.8"
    },
    {
      "author": "Erick Tryzelaar <erick.tryzelaar@gmail.com>, David Tolnay <dtolnay@gmail.com>",
      "bom-ref": "CycloneDxRef-Component-serde-1.0.228",
      "description": "A generic serialization/deserialization framework",
      "externalReferences": [
        {
          "type": "documentation",
          "url": "https://docs.rs/serde"
        },
        {
          "type": "website",
          "url": "https://serde.rs"
        },
        {
          "type": "vcs",
          "url": "https://github.com/serde-rs/serde"
        }
      ],
      "licenses": [
        {
          "expression": "MIT OR Apache-2.0"
        }
      ],
      "name": "serde",
      "purl": "pkg:cargo/serde@1.0.228",
      "type": "library",
      "version": "1.0.228"
    },
    {
      "author": "Erick Tryzelaar <erick.tryzelaar@gmail.com>, David Tolnay <dtolnay@gmail.com>",
      "bom-ref": "CycloneDxRef-Component-serde_core-1.0.228",
      "description": "Serde traits only, with no support for derive -- use the `serde` crate instead",
      "externalReferences": [
        {
          "type": "documentation",
          "url": "https://docs.rs/serde_core"
        },
        {
          "type": "website",
          "url": "https://serde.rs"
        },
        {
          "type": "vcs",
          "url": "https://github.com/serde-rs/serde"
        }
      ],
      "licenses": [
        {
          "expression": "MIT OR Apache-2.0"
        }
      ],
      "name": "serde_core",
      "purl": "pkg:cargo/serde_core@1.0.228",
      "type": "library",
      "version": "1.0.228"
    },
    {
      "author": "Sebastian Thiel <sebastian.thiel@icloud.com>",
      "bom-ref": "CycloneDxRef-Component-gix-0.86.0",
      "description": "Interact with git repositories just like git would",
      "externalReferences": [
        {
          "type": "vcs",
          "url": "https://github.com/GitoxideLabs/gitoxide"
        }
      ],
      "licenses": [
        {
          "expression": "MIT OR Apache-2.0"
        }
      ],
      "name": "gix",
      "purl": "pkg:cargo/gix@0.86.0",
      "type": "library",
      "version": "0.86.0"
    },
    {
      "author": "The wasm-bindgen Developers",
      "bom-ref": "CycloneDxRef-Component-wasm-bindgen-0.2.120",
      "description": "Easy support for interacting between JS and Rust.\n",
      "externalReferences": [
        {
          "type": "documentation",
          "url": "https://docs.rs/wasm-bindgen"
        },
        {
          "type": "website",
          "url": "https://wasm-bindgen.github.io/wasm-bindgen"
        },
        {
          "type": "vcs",
          "url": "https://github.com/wasm-bindgen/wasm-bindgen"
        }
      ],
      "licenses": [
        {
          "expression": "MIT OR Apache-2.0"
        }
      ],
      "name": "wasm-bindgen",
      "purl": "pkg:cargo/wasm-bindgen@0.2.120",
      "type": "library",
      "version": "0.2.120"
    },
    {
      "author": "Sebastian Thiel <sebastian.thiel@icloud.com>",
      "bom-ref": "CycloneDxRef-Component-gix-negotiate-0.34.0",
      "description": "A crate of the gitoxide project implementing negotiation algorithms",
      "externalReferences": [
        {
          "type": "vcs",
          "url": "https://github.com/GitoxideLabs/gitoxide"
        }
      ],
      "licenses": [
        {
          "expression": "MIT OR Apache-2.0"
        }
      ],
      "name": "gix-negotiate",
      "purl": "pkg:cargo/gix-negotiate@0.34.0",
      "type": "library",
      "version": "0.34.0"
    },
    {
      "author": "Andrew Gallant <jamslam@gmail.com>",
      "bom-ref": "CycloneDxRef-Component-same-file-1.0.6",
      "description": "A simple crate for determining whether two file paths point to the same file.\n",
      "externalReferences": [
        {
          "type": "documentation",
          "url": "https://docs.rs/same-file"
        },
        {
          "type": "website",
          "url": "https://github.com/BurntSushi/same-file"
        },
        {
          "type": "vcs",
          "url": "https://github.com/BurntSushi/same-file"
        }
      ],
      "licenses": [
        {
          "expression": "Unlicense OR MIT"
        }
      ],
      "name": "same-file",
      "purl": "pkg:cargo/same-file@1.0.6",
      "type": "library",
      "version": "1.0.6"
    },
    {
      "author": "Zakarum <zaq.dev@icloud.com>",
      "bom-ref": "CycloneDxRef-Component-allocator-api2-0.2.21",
      "description": "Mirror of Rust's allocator API",
      "externalReferences": [
        {
          "type": "documentation",
          "url": "https://docs.rs/allocator-api2"
        },
        {
          "type": "website",
          "url": "https://github.com/zakarumych/allocator-api2"
        },
        {
          "type": "vcs",
          "url": "https://github.com/zakarumych/allocator-api2"
        }
      ],
      "licenses": [
        {
          "expression": "MIT OR Apache-2.0"
        }
      ],
      "name": "allocator-api2",
      "purl": "pkg:cargo/allocator-api2@0.2.21",
      "type": "library",
      "version": "0.2.21"
    },
    {
      "author": "Sebastian Thiel <sebastian.thiel@icloud.com>",
      "bom-ref": "CycloneDxRef-Component-gix-lock-24.0.0",
      "description": "A git-style lock-file implementation",
      "externalReferences": [
        {
          "type": "vcs",
          "url": "https://github.com/GitoxideLabs/gitoxide"
        }
      ],
      "licenses": [
        {
          "expression": "MIT OR Apache-2.0"
        }
      ],
      "name": "gix-lock",
      "purl": "pkg:cargo/gix-lock@24.0.0",
      "type": "library",
      "version": "24.0.0"
    },
    {
      "author": "Erick Tryzelaar <erick.tryzelaar@gmail.com>, David Tolnay <dtolnay@gmail.com>",
      "bom-ref": "CycloneDxRef-Component-serde_derive-1.0.228",
      "description": "Macros 1.1 implementation of #[derive(Serialize, Deserialize)]",
      "externalReferences": [
        {
          "type": "documentation",
          "url": "https://serde.rs/derive.html"
        },
        {
          "type": "website",
          "url": "https://serde.rs"
        },
        {
          "type": "vcs",
          "url": "https://github.com/serde-rs/serde"
        }
      ],
      "licenses": [
        {
          "expression": "MIT OR Apache-2.0"
        }
      ],
      "name": "serde_derive",
      "purl": "pkg:cargo/serde_derive@1.0.228",
      "type": "application",
      "version": "1.0.228"
    },
    {
      "author": "",
      "bom-ref": "CycloneDxRef-Component-libc-0.2.189",
      "description": "Raw FFI bindings to platform libraries like libc.",
      "externalReferences": [
        {
          "type": "vcs",
          "url": "https://github.com/rust-lang/libc"
        }
      ],
      "licenses": [
        {
          "expression": "MIT OR Apache-2.0"
        }
      ],
      "name": "libc",
      "purl": "pkg:cargo/libc@0.2.189",
      "type": "library",
      "version": "0.2.189"
    },
    {
      "author": "",
      "bom-ref": "CycloneDxRef-Component-hashbrown-0.17.1",
      "description": "A Rust port of Google's SwissTable hash map",
      "externalReferences": [
        {
          "type": "vcs",
          "url": "https://github.com/rust-lang/hashbrown"
        }
      ],
      "licenses": [
        {
          "expression": "MIT OR Apache-2.0"
        }
      ],
      "name": "hashbrown",
      "purl": "pkg:cargo/hashbrown@0.17.1",
      "type": "library",
      "version": "0.17.1"
    },
    {
      "author": "Sebastian Thiel <sebastian.thiel@icloud.com>",
      "bom-ref": "CycloneDxRef-Component-gix-pathspec-0.19.0",
      "description": "A crate of the gitoxide project dealing magical pathspecs",
      "externalReferences": [
        {
          "type": "vcs",
          "url": "https://github.com/GitoxideLabs/gitoxide"
        }
      ],
      "licenses": [
        {
          "expression": "MIT OR Apache-2.0"
        }
      ],
      "name": "gix-pathspec",
      "purl": "pkg:cargo/gix-pathspec@0.19.0",
      "type": "library",
      "version": "0.19.0"
    },
    {
      "author": "bluss",
      "bom-ref": "CycloneDxRef-Component-arrayvec-0.7.8",
      "description": "A vector with fixed capacity, backed by an array (it can be stored on the stack too). Implements fixed capacity ArrayVec and ArrayString.",
      "externalReferences": [
        {
          "type": "documentation",
          "url": "https://docs.rs/arrayvec/"
        },
        {
          "type": "vcs",
          "url": "https://github.com/bluss/arrayvec"
        }
      ],
      "licenses": [
        {
          "expression": "MIT OR Apache-2.0"
        }
      ],
      "name": "arrayvec",
      "purl": "pkg:cargo/arrayvec@0.7.8",
      "type": "library",
      "version": "0.7.8"
    },
    {
      "author": "Sebastian Thiel <sebastian.thiel@icloud.com>",
      "bom-ref": "CycloneDxRef-Component-gix-worktree-stream-0.35.0",
      "description": "generate a byte-stream from a git-tree",
      "externalReferences": [
        {
          "type": "vcs",
          "url": "https://github.com/GitoxideLabs/gitoxide"
        }
      ],
      "licenses": [
        {
          "expression": "MIT OR Apache-2.0"
        }
      ],
      "name": "gix-worktree-stream",
      "purl": "pkg:cargo/gix-worktree-stream@0.35.0",
      "type": "library",
      "version": "0.35.0"
    },
    {
      "author": "Bojan <dbojan@gmail.com>",
      "bom-ref": "CycloneDxRef-Component-infer-0.19.0",
      "description": "Small crate to infer file type based on magic number signatures",
      "externalReferences": [
        {
          "type": "documentation",
          "url": "https://docs.rs/infer"
        },
        {
          "type": "website",
          "url": "https://github.com/bojand/infer"
        },
        {
          "type": "vcs",
          "url": "https://github.com/bojand/infer"
        }
      ],
      "licenses": [
        {
          "expression": "MIT"
        }
      ],
      "name": "infer",
      "purl": "pkg:cargo/infer@0.19.0",
      "type": "library",
      "version": "0.19.0"
    }
  ],
  "dependencies": [
    {
      "dependsOn": [
        "CycloneDxRef-Component-gix-hash-0.26.0",
        "CycloneDxRef-Component-hashbrown-0.17.1",
        "CycloneDxRef-Component-parking_lot-0.12.5"
      ],
      "ref": "CycloneDxRef-Component-gix-hashtable-0.16.0"
    },
    {
      "dependsOn": [
        "CycloneDxRef-Component-winapi-util-0.1.11",
        "CycloneDxRef-Component-same-file-1.0.6"
      ],
      "ref": "CycloneDxRef-Component-walkdir-2.5.0"
    },
    {
      "dependsOn": [
        "CycloneDxRef-Component-windows_i686_gnullvm-0.53.1",
        "CycloneDxRef-Component-windows_aarch64_gnullvm-0.53.1",
        "CycloneDxRef-Component-windows_i686_msvc-0.53.1",
        "CycloneDxRef-Component-windows-link-0.2.1",
        "CycloneDxRef-Component-windows_i686_gnu-0.53.1",
        "CycloneDxRef-Component-windows_x86_64_gnu-0.53.1",
        "CycloneDxRef-Component-windows_aarch64_msvc-0.53.1",
        "CycloneDxRef-Component-windows_x86_64_gnullvm-0.53.1",
        "CycloneDxRef-Component-windows_x86_64_msvc-0.53.1"
      ],
      "ref": "CycloneDxRef-Component-windows-targets-0.53.5"
    },
    {
      "dependsOn": [
        "CycloneDxRef-Component-libc-0.2.189",
        "CycloneDxRef-Component-cfg-if-1.0.4",
        "CycloneDxRef-Component-r-efi-6.0.0"
      ],
      "ref": "CycloneDxRef-Component-getrandom-0.4.3"
    },
    {
      "dependsOn": [
        "CycloneDxRef-Component-crossbeam-epoch-0.9.20",
        "CycloneDxRef-Component-crossbeam-utils-0.8.22"
      ],
      "ref": "CycloneDxRef-Component-crossbeam-deque-0.8.7"
    },
    {
      "dependsOn": [
        "CycloneDxRef-Component-slab-0.4.12",
        "CycloneDxRef-Component-pin-project-lite-0.2.17",
        "CycloneDxRef-Component-futures-task-0.3.34",
        "CycloneDxRef-Component-futures-core-0.3.34"
      ],
      "ref": "CycloneDxRef-Component-futures-util-0.3.34"
    },
    {
      "dependsOn": [
        "CycloneDxRef-Component-winapi-i686-pc-windows-gnu-0.4.0",
        "CycloneDxRef-Component-winapi-x86_64-pc-windows-gnu-0.4.0"
      ],
      "ref": "CycloneDxRef-Component-winapi-0.3.9"
    },
    {
      "dependsOn": [
        "CycloneDxRef-Component-uuid-1.24.1",
        "CycloneDxRef-Component-fnv-1.0.7",
        "CycloneDxRef-Component-byteorder-1.5.0"
      ],
      "ref": "CycloneDxRef-Component-cfb-0.7.3"
    },
    {
      "dependsOn": [
        "CycloneDxRef-Component-libc-0.2.189"
      ],
      "ref": "CycloneDxRef-Component-cpufeatures-0.3.0"
    },
    {
      "dependsOn": [
        "CycloneDxRef-Component-hashbrown-0.17.1",
        "CycloneDxRef-Component-rustix-1.1.4",
        "CycloneDxRef-Component-thiserror-2.0.20",
        "CycloneDxRef-Component-libc-0.2.189",
        "CycloneDxRef-Component-itoa-1.0.18",
        "CycloneDxRef-Component-gix-lock-24.0.0",
        "CycloneDxRef-Component-gix-features-0.49.0",
        "CycloneDxRef-Component-fnv-1.0.7",
        "CycloneDxRef-Component-gix-traverse-0.60.0",
        "CycloneDxRef-Component-gix-object-0.63.0",
        "CycloneDxRef-Component-bstr-1.13.1",
        "CycloneDxRef-Component-gix-utils-0.3.5",
        "CycloneDxRef-Component-gix-fs-0.22.0",
        "CycloneDxRef-Component-memmap2-0.9.11",
        "CycloneDxRef-Component-gix-hash-0.26.0",
        "CycloneDxRef-Component-gix-bitmap-0.3.3",
        "CycloneDxRef-Component-filetime-0.2.29",
        "CycloneDxRef-Component-gix-validate-0.11.3",
        "CycloneDxRef-Component-bitflags-2.13.1",
        "CycloneDxRef-Component-smallvec-1.15.2"
      ],
      "ref": "CycloneDxRef-Component-gix-index-0.54.0"
    },
    {
      "dependsOn": [
        "CycloneDxRef-Component-gix-commitgraph-0.38.0",
        "CycloneDxRef-Component-bitflags-2.13.1",
        "CycloneDxRef-Component-gix-hashtable-0.16.0",
        "CycloneDxRef-Component-gix-revwalk-0.34.0",
        "CycloneDxRef-Component-gix-object-0.63.0",
        "CycloneDxRef-Component-thiserror-2.0.20",
        "CycloneDxRef-Component-gix-hash-0.26.0",
        "CycloneDxRef-Component-smallvec-1.15.2",
        "CycloneDxRef-Component-gix-date-0.15.6"
      ],
      "ref": "CycloneDxRef-Component-gix-traverse-0.60.0"
    },
    {
      "dependsOn": [
        "CycloneDxRef-Component-windows-targets-0.53.5"
      ],
      "ref": "CycloneDxRef-Component-windows-sys-0.60.2"
    },
    {
      "dependsOn": [
        "CycloneDxRef-Component-gix-pathspec-0.19.0",
        "CycloneDxRef-Component-gix-config-0.59.0",
        "CycloneDxRef-Component-gix-url-0.37.1",
        "CycloneDxRef-Component-bstr-1.13.1",
        "CycloneDxRef-Component-gix-path-0.12.4",
        "CycloneDxRef-Component-thiserror-2.0.20",
        "CycloneDxRef-Component-gix-refspec-0.44.0"
      ],
      "ref": "CycloneDxRef-Component-gix-submodule-0.33.0"
    },
    {
      "dependsOn": [
        "CycloneDxRef-Component-bstr-1.13.1",
        "CycloneDxRef-Component-gix-features-0.49.0",
        "CycloneDxRef-Component-itoa-1.0.18",
        "CycloneDxRef-Component-gix-date-0.15.6",
        "CycloneDxRef-Component-gix-utils-0.3.5",
        "CycloneDxRef-Component-gix-hash-0.26.0",
        "CycloneDxRef-Component-gix-actor-0.41.2",
        "CycloneDxRef-Component-thiserror-2.0.20",
        "CycloneDxRef-Component-gix-validate-0.11.3",
        "CycloneDxRef-Component-gix-hashtable-0.16.0",
        "CycloneDxRef-Component-smallvec-1.15.2"
      ],
      "ref": "CycloneDxRef-Component-gix-object-0.63.0"
    },
    {
      "dependsOn": [
        "CycloneDxRef-Component-gix-trace-0.1.21",
        "CycloneDxRef-Component-thiserror-2.0.20",
        "CycloneDxRef-Component-gix-filter-0.33.0",
        "CycloneDxRef-Component-bstr-1.13.1",
        "CycloneDxRef-Component-gix-imara-diff-0.2.4",
        "CycloneDxRef-Component-gix-pathspec-0.19.0",
        "CycloneDxRef-Component-gix-hash-0.26.0",
        "CycloneDxRef-Component-gix-worktree-0.55.0",
        "CycloneDxRef-Component-gix-command-0.9.2",
        "CycloneDxRef-Component-gix-attributes-0.34.0",
        "CycloneDxRef-Component-gix-traverse-0.60.0",
        "CycloneDxRef-Component-gix-tempfile-24.0.0",
        "CycloneDxRef-Component-gix-object-0.63.0",
        "CycloneDxRef-Component-gix-path-0.12.4",
        "CycloneDxRef-Component-gix-index-0.54.0",
        "CycloneDxRef-Component-gix-fs-0.22.0"
      ],
      "ref": "CycloneDxRef-Component-gix-diff-0.66.0"
    },
    {
      "dependsOn": [
        "CycloneDxRef-Component-defmt-1.1.1"
      ],
      "ref": "CycloneDxRef-Component-jiff-core-0.1.0"
    },
    {
      "dependsOn": [
        "CycloneDxRef-Component-memchr-2.8.3",
        "CycloneDxRef-Component-ryu-1.0.23",
        "CycloneDxRef-Component-itoa-1.0.18",
        "CycloneDxRef-Component-indexmap-2.14.0",
        "CycloneDxRef-Component-serde_core-1.0.228",
        "CycloneDxRef-Component-serde-1.0.228"
      ],
      "ref": "CycloneDxRef-Component-serde_json-1.0.145"
    },
    {
      "dependsOn": [
        "CycloneDxRef-Component-bstr-1.13.1",
        "CycloneDxRef-Component-thiserror-2.0.20",
        "CycloneDxRef-Component-gix-trace-0.1.21",
        "CycloneDxRef-Component-gix-validate-0.11.3"
      ],
      "ref": "CycloneDxRef-Component-gix-path-0.12.4"
    },
    {
      "dependsOn": [
        "CycloneDxRef-Component-bitflags-2.13.1",
        "CycloneDxRef-Component-windows-sys-0.61.2",
        "CycloneDxRef-Component-libc-0.2.189",
        "CycloneDxRef-Component-gix-path-0.12.4"
      ],
      "ref": "CycloneDxRef-Component-gix-sec-0.14.2"
    },
    {
      "dependsOn": [
        "CycloneDxRef-Component-gix-command-0.9.2",
        "CycloneDxRef-Component-gix-quote-0.7.2",
        "CycloneDxRef-Component-thiserror-2.0.20",
        "CycloneDxRef-Component-gix-features-0.49.0",
        "CycloneDxRef-Component-gix-url-0.37.1",
        "CycloneDxRef-Component-gix-sec-0.14.2",
        "CycloneDxRef-Component-bstr-1.13.1",
        "CycloneDxRef-Component-gix-packetline-0.22.0",
        "CycloneDxRef-Component-gix-path-0.12.4"
      ],
      "ref": "CycloneDxRef-Component-gix-transport-0.58.1"
    },
    {
      "dependsOn": [
        "CycloneDxRef-Component-cfg-if-1.0.4"
      ],
      "ref": "CycloneDxRef-Component-encoding_rs-0.8.35"
    },
    {
      "dependsOn": [
        "CycloneDxRef-Component-gix-path-0.12.4",
        "CycloneDxRef-Component-thiserror-2.0.20",
        "CycloneDxRef-Component-gix-filter-0.33.0",
        "CycloneDxRef-Component-gix-worktree-0.55.0",
        "CycloneDxRef-Component-gix-features-0.49.0",
        "CycloneDxRef-Component-gix-fs-0.22.0",
        "CycloneDxRef-Component-gix-index-0.54.0",
        "CycloneDxRef-Component-bstr-1.13.1",
        "CycloneDxRef-Component-gix-object-0.63.0",
        "CycloneDxRef-Component-io-close-0.3.7"
      ],
      "ref": "CycloneDxRef-Component-gix-worktree-state-0.33.0"
    },
    {
      "dependsOn": [
        "CycloneDxRef-Component-bstr-1.13.1",
        "CycloneDxRef-Component-smallvec-1.15.2",
        "CycloneDxRef-Component-gix-error-0.2.5",
        "CycloneDxRef-Component-gix-revision-0.48.0",
        "CycloneDxRef-Component-thiserror-2.0.20",
        "CycloneDxRef-Component-gix-hash-0.26.0",
        "CycloneDxRef-Component-gix-glob-0.27.0",
        "CycloneDxRef-Component-gix-validate-0.11.3"
      ],
      "ref": "CycloneDxRef-Component-gix-refspec-0.44.0"
    },
    {
      "dependsOn": [
        "CycloneDxRef-Component-proc-macro2-1.0.107",
        "CycloneDxRef-Component-syn-2.0.119",
        "CycloneDxRef-Component-quote-1.0.47"
      ],
      "ref": "CycloneDxRef-Component-tokio-macros-2.7.0"
    },
    {
      "dependsOn": [
        "CycloneDxRef-Component-constant_time_eq-0.4.2",
        "CycloneDxRef-Component-arrayvec-0.7.8",
        "CycloneDxRef-Component-cpufeatures-0.3.0",
        "CycloneDxRef-Component-arrayref-0.3.9",
        "CycloneDxRef-Component-cfg-if-1.0.4"
      ],
      "ref": "CycloneDxRef-Component-blake3-1.8.5"
    },
    {
      "dependsOn": [
        "CycloneDxRef-Component-memchr-2.8.3",
        "CycloneDxRef-Component-serde_core-1.0.228",
        "CycloneDxRef-Component-regex-automata-0.4.16"
      ],
      "ref": "CycloneDxRef-Component-bstr-1.13.1"
    },
    {
      "dependsOn": [
        "CycloneDxRef-Component-typenum-1.20.1",
        "CycloneDxRef-Component-generic-array-0.14.7"
      ],
      "ref": "CycloneDxRef-Component-crypto-common-0.1.7"
    },
    {
      "dependsOn": [
        "CycloneDxRef-Component-sha1-0.10.7",
        "CycloneDxRef-Component-digest-0.10.7"
      ],
      "ref": "CycloneDxRef-Component-sha1-checked-0.10.0"
    },
    {
      "dependsOn": [
        "CycloneDxRef-Component-tree-sitter-language-0.1.7",
        "CycloneDxRef-Component-regex-1.13.1",
        "CycloneDxRef-Component-streaming-iterator-0.1.9",
        "CycloneDxRef-Component-regex-syntax-0.8.11"
      ],
      "ref": "CycloneDxRef-Component-tree-sitter-0.26.11"
    },
    {
      "dependsOn": [
        "CycloneDxRef-Component-gix-path-0.12.4",
        "CycloneDxRef-Component-gix-attributes-0.34.0",
        "CycloneDxRef-Component-bitflags-2.13.1",
        "CycloneDxRef-Component-gix-glob-0.27.0",
        "CycloneDxRef-Component-thiserror-2.0.20",
        "CycloneDxRef-Component-gix-config-value-0.19.1",
        "CycloneDxRef-Component-bstr-1.13.1"
      ],
      "ref": "CycloneDxRef-Component-gix-pathspec-0.19.0"
    },
    {
      "dependsOn": [
        "CycloneDxRef-Component-tree-sitter-language-0.1.7"
      ],
      "ref": "CycloneDxRef-Component-tree-sitter-javascript-0.25.0"
    },
    {
      "dependsOn": [
        "CycloneDxRef-Component-signal-hook-registry-1.4.8",
        "CycloneDxRef-Component-libc-0.2.189"
      ],
      "ref": "CycloneDxRef-Component-signal-hook-0.4.4"
    },
    {
      "dependsOn": [
        "CycloneDxRef-Component-gix-features-0.49.0",
        "CycloneDxRef-Component-bstr-1.13.1",
        "CycloneDxRef-Component-gix-path-0.12.4",
        "CycloneDxRef-Component-bitflags-2.13.1"
      ],
      "ref": "CycloneDxRef-Component-gix-glob-0.27.0"
    },
    {
      "dependsOn": [
        "CycloneDxRef-Component-thiserror-2.0.20",
        "CycloneDxRef-Component-gix-path-0.12.4",
        "CycloneDxRef-Component-bstr-1.13.1",
        "CycloneDxRef-Component-gix-ref-0.66.0",
        "CycloneDxRef-Component-gix-sec-0.14.2",
        "CycloneDxRef-Component-gix-fs-0.22.0",
        "CycloneDxRef-Component-dunce-1.0.5"
      ],
      "ref": "CycloneDxRef-Component-gix-discover-0.54.0"
    },
    {
      "dependsOn": [
        "CycloneDxRef-Component-prodash-31.0.0",
        "CycloneDxRef-Component-once_cell-1.21.4",
        "CycloneDxRef-Component-parking_lot-0.12.5",
        "CycloneDxRef-Component-libc-0.2.189",
        "CycloneDxRef-Component-gix-utils-0.3.5",
        "CycloneDxRef-Component-gix-path-0.12.4",
        "CycloneDxRef-Component-walkdir-2.5.0",
        "CycloneDxRef-Component-bytes-1.12.1",
        "CycloneDxRef-Component-gix-trace-0.1.21",
        "CycloneDxRef-Component-bytesize-2.7.0",
        "CycloneDxRef-Component-crossbeam-channel-0.5.16",
        "CycloneDxRef-Component-crc32fast-1.5.0"
      ],
      "ref": "CycloneDxRef-Component-gix-features-0.49.0"
    },
    {
      "dependsOn": [
        "CycloneDxRef-Component-sha1-checked-0.10.0",
        "CycloneDxRef-Component-faster-hex-0.10.0",
        "CycloneDxRef-Component-gix-features-0.49.0",
        "CycloneDxRef-Component-thiserror-2.0.20"
      ],
      "ref": "CycloneDxRef-Component-gix-hash-0.26.0"
    },
    {
      "dependsOn": [
        "CycloneDxRef-Component-bstr-1.13.1",
        "CycloneDxRef-Component-gix-path-0.12.4",
        "CycloneDxRef-Component-gix-glob-0.27.0",
        "CycloneDxRef-Component-unicode-bom-2.0.3",
        "CycloneDxRef-Component-gix-trace-0.1.21"
      ],
      "ref": "CycloneDxRef-Component-gix-ignore-0.22.0"
    },
    {
      "dependsOn": [
        "CycloneDxRef-Component-heapless-0.8.0",
        "CycloneDxRef-Component-serde-1.0.228"
      ],
      "ref": "CycloneDxRef-Component-faster-hex-0.10.0"
    },
    {
      "dependsOn": [
        "CycloneDxRef-Component-gix-error-0.2.5",
        "CycloneDxRef-Component-gix-trace-0.1.21",
        "CycloneDxRef-Component-gix-hash-0.26.0",
        "CycloneDxRef-Component-gix-date-0.15.6",
        "CycloneDxRef-Component-bitflags-2.13.1",
        "CycloneDxRef-Component-gix-revwalk-0.34.0",
        "CycloneDxRef-Component-gix-commitgraph-0.38.0",
        "CycloneDxRef-Component-bstr-1.13.1",
        "CycloneDxRef-Component-gix-hashtable-0.16.0",
        "CycloneDxRef-Component-nonempty-0.12.0",
        "CycloneDxRef-Component-gix-object-0.63.0"
      ],
      "ref": "CycloneDxRef-Component-gix-revision-0.48.0"
    },
    {
      "dependsOn": [
        "CycloneDxRef-Component-wasm-bindgen-macro-support-0.2.120",
        "CycloneDxRef-Component-quote-1.0.47"
      ],
      "ref": "CycloneDxRef-Component-wasm-bindgen-macro-0.2.120"
    },
    {
      "dependsOn": [
        "CycloneDxRef-Component-windows-sys-0.61.2",
        "CycloneDxRef-Component-cap-primitives-4.0.2",
        "CycloneDxRef-Component-cap-std-4.0.2",
        "CycloneDxRef-Component-io-lifetimes-3.0.1"
      ],
      "ref": "CycloneDxRef-Component-cap-fs-ext-4.0.2"
    },
    {
      "dependsOn": [
        "CycloneDxRef-Component-errno-0.3.14",
        "CycloneDxRef-Component-libc-0.2.189"
      ],
      "ref": "CycloneDxRef-Component-signal-hook-registry-1.4.8"
    },
    {
      "dependsOn": [
        "CycloneDxRef-Component-gix-utils-0.3.5",
        "CycloneDxRef-Component-thiserror-2.0.20",
        "CycloneDxRef-Component-percent-encoding-2.3.2",
        "CycloneDxRef-Component-bstr-1.13.1",
        "CycloneDxRef-Component-gix-path-0.12.4"
      ],
      "ref": "CycloneDxRef-Component-gix-url-0.37.1"
    },
    {
      "dependsOn": [
        "CycloneDxRef-Component-equivalent-1.0.2",
        "CycloneDxRef-Component-hashbrown-0.17.1"
      ],
      "ref": "CycloneDxRef-Component-indexmap-2.14.0"
    },
    {
      "dependsOn": [
        "CycloneDxRef-Component-thiserror-2.0.20"
      ],
      "ref": "CycloneDxRef-Component-defmt-parser-1.0.0"
    },
    {
      "dependsOn": [
        "CycloneDxRef-Component-gix-object-0.63.0",
        "CycloneDxRef-Component-gix-index-0.54.0",
        "CycloneDxRef-Component-gix-discover-0.54.0",
        "CycloneDxRef-Component-gix-pathspec-0.19.0",
        "CycloneDxRef-Component-thiserror-2.0.20",
        "CycloneDxRef-Component-gix-ignore-0.22.0",
        "CycloneDxRef-Component-gix-worktree-0.55.0",
        "CycloneDxRef-Component-gix-trace-0.1.21",
        "CycloneDxRef-Component-gix-fs-0.22.0",
        "CycloneDxRef-Component-bstr-1.13.1",
        "CycloneDxRef-Component-gix-path-0.12.4",
        "CycloneDxRef-Component-gix-utils-0.3.5"
      ],
      "ref": "CycloneDxRef-Component-gix-dir-0.28.0"
    },
    {
      "dependsOn": [
        "CycloneDxRef-Component-foldhash-0.2.0",
        "CycloneDxRef-Component-equivalent-1.0.2",
        "CycloneDxRef-Component-allocator-api2-0.2.21"
      ],
      "ref": "CycloneDxRef-Component-hashbrown-0.16.1"
    },
    {
      "dependsOn": [
        "CycloneDxRef-Component-windows-sys-0.61.2",
        "CycloneDxRef-Component-libc-0.2.189"
      ],
      "ref": "CycloneDxRef-Component-socket2-0.6.4"
    },
    {
      "dependsOn": [
        "CycloneDxRef-Component-windows-link-0.2.1"
      ],
      "ref": "CycloneDxRef-Component-windows-sys-0.61.2"
    },
    {
      "dependsOn": [
        "CycloneDxRef-Component-rustix-1.1.4",
        "CycloneDxRef-Component-io-extras-0.19.0",
        "CycloneDxRef-Component-io-lifetimes-3.0.1",
        "CycloneDxRef-Component-cap-primitives-4.0.2"
      ],
      "ref": "CycloneDxRef-Component-cap-std-4.0.2"
    },
    {
      "dependsOn": [
        "CycloneDxRef-Component-serde_derive-1.0.228"
      ],
      "ref": "CycloneDxRef-Component-serde_core-1.0.228"
    },
    {
      "dependsOn": [
        "CycloneDxRef-Component-parking_lot-0.12.5",
        "CycloneDxRef-Component-gix-error-0.2.5",
        "CycloneDxRef-Component-gix-attributes-0.34.0",
        "CycloneDxRef-Component-gix-hash-0.26.0",
        "CycloneDxRef-Component-gix-filter-0.33.0",
        "CycloneDxRef-Component-gix-features-0.49.0",
        "CycloneDxRef-Component-gix-fs-0.22.0",
        "CycloneDxRef-Component-gix-traverse-0.60.0",
        "CycloneDxRef-Component-gix-path-0.12.4",
        "CycloneDxRef-Component-gix-object-0.63.0"
      ],
      "ref": "CycloneDxRef-Component-gix-worktree-stream-0.35.0"
    },
    {
      "dependsOn": [
        "CycloneDxRef-Component-libc-0.2.189",
        "CycloneDxRef-Component-gix-fs-0.22.0",
        "CycloneDxRef-Component-dashmap-6.2.1",
        "CycloneDxRef-Component-tempfile-3.27.0",
        "CycloneDxRef-Component-signal-hook-registry-1.4.8",
        "CycloneDxRef-Component-signal-hook-0.4.4",
        "CycloneDxRef-Component-parking_lot-0.12.5"
      ],
      "ref": "CycloneDxRef-Component-gix-tempfile-24.0.0"
    },
    {
      "dependsOn": [
        "CycloneDxRef-Component-winapi-0.3.9",
        "CycloneDxRef-Component-libc-0.2.189"
      ],
      "ref": "CycloneDxRef-Component-io-close-0.3.7"
    },
    {
      "dependsOn": [
        "CycloneDxRef-Component-signal-hook-0.4.4",
        "CycloneDxRef-Component-gix-status-0.33.0",
        "CycloneDxRef-Component-gix-sec-0.14.2",
        "CycloneDxRef-Component-gix-dir-0.28.0",
        "CycloneDxRef-Component-gix-worktree-state-0.33.0",
        "CycloneDxRef-Component-parking_lot-0.12.5",
        "CycloneDxRef-Component-gix-features-0.49.0",
        "CycloneDxRef-Component-gix-revision-0.48.0",
        "CycloneDxRef-Component-gix-prompt-0.16.0",
        "CycloneDxRef-Component-gix-validate-0.11.3",
        "CycloneDxRef-Component-gix-ref-0.66.0",
        "CycloneDxRef-Component-gix-glob-0.27.0",
        "CycloneDxRef-Component-gix-diff-0.66.0",
        "CycloneDxRef-Component-gix-command-0.9.2",
        "CycloneDxRef-Component-thiserror-2.0.20",
        "CycloneDxRef-Component-gix-tempfile-24.0.0",
        "CycloneDxRef-Component-gix-revwalk-0.34.0",
        "CycloneDxRef-Component-gix-worktree-stream-0.35.0",
        "CycloneDxRef-Component-gix-hashtable-0.16.0",
        "CycloneDxRef-Component-gix-credentials-0.39.1",
        "CycloneDxRef-Component-gix-config-0.59.0",
        "CycloneDxRef-Component-gix-shallow-0.13.0",
        "CycloneDxRef-Component-gix-ignore-0.22.0",
        "CycloneDxRef-Component-gix-commitgraph-0.38.0",
        "CycloneDxRef-Component-gix-zlib-0.1.0",
        "CycloneDxRef-Component-gix-mailmap-0.33.2",
        "CycloneDxRef-Component-gix-url-0.37.1",
        "CycloneDxRef-Component-gix-object-0.63.0",
        "CycloneDxRef-Component-gix-fs-0.22.0",
        "CycloneDxRef-Component-gix-blame-0.16.0",
        "CycloneDxRef-Component-smallvec-1.15.2",
        "CycloneDxRef-Component-regex-1.13.1",
        "CycloneDxRef-Component-gix-utils-0.3.5",
        "CycloneDxRef-Component-gix-refspec-0.44.0",
        "CycloneDxRef-Component-gix-protocol-0.64.0",
        "CycloneDxRef-Component-gix-pathspec-0.19.0",
        "CycloneDxRef-Component-gix-index-0.54.0",
        "CycloneDxRef-Component-gix-attributes-0.34.0",
        "CycloneDxRef-Component-gix-actor-0.41.2",
        "CycloneDxRef-Component-gix-traverse-0.60.0",
        "CycloneDxRef-Component-gix-submodule-0.33.0",
        "CycloneDxRef-Component-gix-negotiate-0.34.0",
        "CycloneDxRef-Component-gix-date-0.15.6",
        "CycloneDxRef-Component-gix-path-0.12.4",
        "CycloneDxRef-Component-gix-filter-0.33.0",
        "CycloneDxRef-Component-gix-archive-0.35.0",
        "CycloneDxRef-Component-gix-error-0.2.5",
        "CycloneDxRef-Component-gix-discover-0.54.0",
        "CycloneDxRef-Component-gix-odb-0.83.0",
        "CycloneDxRef-Component-gix-lock-24.0.0",
        "CycloneDxRef-Component-gix-pack-0.73.0",
        "CycloneDxRef-Component-gix-trace-0.1.21",
        "CycloneDxRef-Component-nonempty-0.12.0",
        "CycloneDxRef-Component-gix-worktree-0.55.0",
        "CycloneDxRef-Component-gix-hash-0.26.0"
      ],
      "ref": "CycloneDxRef-Component-gix-0.86.0"
    },
    {
      "dependsOn": [
        "CycloneDxRef-Component-bstr-1.13.1",
        "CycloneDxRef-Component-gix-path-0.12.4",
        "CycloneDxRef-Component-thiserror-2.0.20",
        "CycloneDxRef-Component-gix-utils-0.3.5",
        "CycloneDxRef-Component-gix-features-0.49.0"
      ],
      "ref": "CycloneDxRef-Component-gix-fs-0.22.0"
    },
    {
      "dependsOn": [
        "CycloneDxRef-Component-bisync_macros-0.2.3"
      ],
      "ref": "CycloneDxRef-Component-bisync-0.3.0"
    },
    {
      "dependsOn": [
        "CycloneDxRef-Component-aho-corasick-1.1.5",
        "CycloneDxRef-Component-regex-syntax-0.8.11",
        "CycloneDxRef-Component-regex-automata-0.4.16",
        "CycloneDxRef-Component-memchr-2.8.3"
      ],
      "ref": "CycloneDxRef-Component-regex-1.13.1"
    },
    {
      "dependsOn": [
        "CycloneDxRef-Component-proc-macro2-1.0.107"
      ],
      "ref": "CycloneDxRef-Component-quote-1.0.47"
    },
    {
      "dependsOn": [
        "CycloneDxRef-Component-human_format-1.2.1",
        "CycloneDxRef-Component-bytesize-2.7.0",
        "CycloneDxRef-Component-parking_lot-0.12.5"
      ],
      "ref": "CycloneDxRef-Component-prodash-31.0.0"
    },
    {
      "dependsOn": [
        "CycloneDxRef-Component-cfb-0.7.3"
      ],
      "ref": "CycloneDxRef-Component-infer-0.19.0"
    },
    {
      "dependsOn": [
        "CycloneDxRef-Component-gix-object-0.63.0",
        "CycloneDxRef-Component-gix-command-0.9.2",
        "CycloneDxRef-Component-gix-attributes-0.34.0",
        "CycloneDxRef-Component-encoding_rs-0.8.35",
        "CycloneDxRef-Component-smallvec-1.15.2",
        "CycloneDxRef-Component-gix-trace-0.1.21",
        "CycloneDxRef-Component-gix-path-0.12.4",
        "CycloneDxRef-Component-bstr-1.13.1",
        "CycloneDxRef-Component-gix-utils-0.3.5",
        "CycloneDxRef-Component-gix-hash-0.26.0",
        "CycloneDxRef-Component-gix-packetline-0.22.0",
        "CycloneDxRef-Component-gix-quote-0.7.2",
        "CycloneDxRef-Component-thiserror-2.0.20"
      ],
      "ref": "CycloneDxRef-Component-gix-filter-0.33.0"
    },
    {
      "dependsOn": [
        "CycloneDxRef-Component-defmt-1.1.1",
        "CycloneDxRef-Component-jiff-core-0.1.0",
        "CycloneDxRef-Component-portable-atomic-1.13.1",
        "CycloneDxRef-Component-log-0.4.33",
        "CycloneDxRef-Component-windows-link-0.2.1",
        "CycloneDxRef-Component-portable-atomic-util-0.2.4",
        "CycloneDxRef-Component-jiff-tzdb-platform-0.1.3",
        "CycloneDxRef-Component-serde_core-1.0.228",
        "CycloneDxRef-Component-jiff-static-0.2.35"
      ],
      "ref": "CycloneDxRef-Component-jiff-0.2.35"
    },
    {
      "dependsOn": [
        "CycloneDxRef-Component-aho-corasick-1.1.5",
        "CycloneDxRef-Component-memchr-2.8.3",
        "CycloneDxRef-Component-regex-syntax-0.8.11"
      ],
      "ref": "CycloneDxRef-Component-regex-automata-0.4.16"
    },
    {
      "dependsOn": [
        "CycloneDxRef-Component-itoa-1.0.18",
        "CycloneDxRef-Component-jiff-0.2.35",
        "CycloneDxRef-Component-bstr-1.13.1",
        "CycloneDxRef-Component-gix-error-0.2.5"
      ],
      "ref": "CycloneDxRef-Component-gix-date-0.15.6"
    },
    {
      "dependsOn": [
        "CycloneDxRef-Component-bstr-1.13.1",
        "CycloneDxRef-Component-faster-hex-0.10.0",
        "CycloneDxRef-Component-thiserror-2.0.20",
        "CycloneDxRef-Component-gix-trace-0.1.21"
      ],
      "ref": "CycloneDxRef-Component-gix-packetline-0.22.0"
    },
    {
      "dependsOn": [
        "CycloneDxRef-Component-cfg-if-1.0.4",
        "CycloneDxRef-Component-cpufeatures-0.2.17",
        "CycloneDxRef-Component-digest-0.10.7"
      ],
      "ref": "CycloneDxRef-Component-sha2-0.10.9"
    },
    {
      "dependsOn": [
        "CycloneDxRef-Component-crossbeam-utils-0.8.22",
        "CycloneDxRef-Component-once_cell-1.21.4",
        "CycloneDxRef-Component-hashbrown-0.14.5",
        "CycloneDxRef-Component-cfg-if-1.0.4",
        "CycloneDxRef-Component-parking_lot_core-0.9.12",
        "CycloneDxRef-Component-lock_api-0.4.14"
      ],
      "ref": "CycloneDxRef-Component-dashmap-6.2.1"
    },
    {
      "dependsOn": [
        "CycloneDxRef-Component-unicode-ident-1.0.24"
      ],
      "ref": "CycloneDxRef-Component-proc-macro2-1.0.107"
    },
    {
      "dependsOn": [
        "CycloneDxRef-Component-syn-2.0.119",
        "CycloneDxRef-Component-defmt-parser-1.0.0",
        "CycloneDxRef-Component-quote-1.0.47",
        "CycloneDxRef-Component-proc-macro2-1.0.107"
      ],
      "ref": "CycloneDxRef-Component-defmt-macros-1.1.1"
    },
    {
      "dependsOn": [
        "CycloneDxRef-Component-block-buffer-0.10.4",
        "CycloneDxRef-Component-crypto-common-0.1.7"
      ],
      "ref": "CycloneDxRef-Component-digest-0.10.7"
    },
    {
      "dependsOn": [
        "CycloneDxRef-Component-libc-0.2.189",
        "CycloneDxRef-Component-cfg-if-1.0.4"
      ],
      "ref": "CycloneDxRef-Component-filetime-0.2.29"
    },
    {
      "dependsOn": [
        "CycloneDxRef-Component-windows-sys-0.61.2",
        "CycloneDxRef-Component-linux-raw-sys-0.12.1",
        "CycloneDxRef-Component-errno-0.3.14",
        "CycloneDxRef-Component-libc-0.2.189",
        "CycloneDxRef-Component-bitflags-2.13.1"
      ],
      "ref": "CycloneDxRef-Component-rustix-1.1.4"
    },
    {
      "dependsOn": [
        "CycloneDxRef-Component-tree-sitter-language-0.1.7"
      ],
      "ref": "CycloneDxRef-Component-tree-sitter-rust-0.24.2"
    },
    {
      "dependsOn": [
        "CycloneDxRef-Component-crossbeam-utils-0.8.22"
      ],
      "ref": "CycloneDxRef-Component-crossbeam-epoch-0.9.20"
    },
    {
      "dependsOn": [
        "CycloneDxRef-Component-windows-sys-0.61.2",
        "CycloneDxRef-Component-getrandom-0.4.3",
        "CycloneDxRef-Component-fastrand-2.5.0",
        "CycloneDxRef-Component-rustix-1.1.4",
        "CycloneDxRef-Component-once_cell-1.21.4"
      ],
      "ref": "CycloneDxRef-Component-tempfile-3.27.0"
    },
    {
      "dependsOn": [
        "CycloneDxRef-Component-gix-command-0.9.2",
        "CycloneDxRef-Component-thiserror-2.0.20",
        "CycloneDxRef-Component-gix-url-0.37.1",
        "CycloneDxRef-Component-gix-path-0.12.4",
        "CycloneDxRef-Component-gix-sec-0.14.2",
        "CycloneDxRef-Component-gix-date-0.15.6",
        "CycloneDxRef-Component-bstr-1.13.1",
        "CycloneDxRef-Component-gix-prompt-0.16.0",
        "CycloneDxRef-Component-gix-config-value-0.19.1",
        "CycloneDxRef-Component-gix-trace-0.1.21",
        "CycloneDxRef-Component-gix-quote-0.7.2"
      ],
      "ref": "CycloneDxRef-Component-gix-credentials-0.39.1"
    },
    {
      "dependsOn": [
        "CycloneDxRef-Component-tinyvec-1.12.0"
      ],
      "ref": "CycloneDxRef-Component-unicode-normalization-0.1.25"
    },
    {
      "dependsOn": [
        "CycloneDxRef-Component-getrandom-0.4.3",
        "CycloneDxRef-Component-bstr-1.13.1",
        "CycloneDxRef-Component-fastrand-2.5.0",
        "CycloneDxRef-Component-unicode-normalization-0.1.25"
      ],
      "ref": "CycloneDxRef-Component-gix-utils-0.3.5"
    },
    {
      "dependsOn": [
        "CycloneDxRef-Component-gix-error-0.2.5"
      ],
      "ref": "CycloneDxRef-Component-gix-bitmap-0.3.3"
    },
    {
      "dependsOn": [
        "CycloneDxRef-Component-tree-sitter-language-0.1.7"
      ],
      "ref": "CycloneDxRef-Component-tree-sitter-md-0.5.3"
    },
    {
      "dependsOn": [
        "CycloneDxRef-Component-libc-0.2.189"
      ],
      "ref": "CycloneDxRef-Component-memmap2-0.9.11"
    },
    {
      "dependsOn": [
        "CycloneDxRef-Component-gix-path-0.12.4",
        "CycloneDxRef-Component-gix-actor-0.41.2",
        "CycloneDxRef-Component-memmap2-0.9.11",
        "CycloneDxRef-Component-gix-fs-0.22.0",
        "CycloneDxRef-Component-gix-lock-24.0.0",
        "CycloneDxRef-Component-gix-features-0.49.0",
        "CycloneDxRef-Component-gix-utils-0.3.5",
        "CycloneDxRef-Component-gix-validate-0.11.3",
        "CycloneDxRef-Component-thiserror-2.0.20",
        "CycloneDxRef-Component-gix-object-0.63.0",
        "CycloneDxRef-Component-gix-tempfile-24.0.0",
        "CycloneDxRef-Component-gix-hash-0.26.0"
      ],
      "ref": "CycloneDxRef-Component-gix-ref-0.66.0"
    },
    {
      "dependsOn": [
        "CycloneDxRef-Component-once_cell-1.21.4",
        "CycloneDxRef-Component-wasm-bindgen-0.2.120",
        "CycloneDxRef-Component-cfg-if-1.0.4",
        "CycloneDxRef-Component-futures-util-0.3.34"
      ],
      "ref": "CycloneDxRef-Component-js-sys-0.3.97"
    },
    {
      "dependsOn": [
        "CycloneDxRef-Component-windows-targets-0.52.6"
      ],
      "ref": "CycloneDxRef-Component-windows-sys-0.59.0"
    },
    {
      "dependsOn": [
        "CycloneDxRef-Component-rustversion-1.0.23"
      ],
      "ref": "CycloneDxRef-Component-arc-swap-1.9.2"
    },
    {
      "dependsOn": [
        "CycloneDxRef-Component-windows-link-0.2.1",
        "CycloneDxRef-Component-smallvec-1.15.2",
        "CycloneDxRef-Component-cfg-if-1.0.4",
        "CycloneDxRef-Component-redox_syscall-0.5.18",
        "CycloneDxRef-Component-libc-0.2.189"
      ],
      "ref": "CycloneDxRef-Component-parking_lot_core-0.9.12"
    },
    {
      "dependsOn": [
        "CycloneDxRef-Component-bitflags-2.13.1"
      ],
      "ref": "CycloneDxRef-Component-redox_syscall-0.5.18"
    },
    {
      "dependsOn": [
        "CycloneDxRef-Component-gix-hash-0.26.0",
        "CycloneDxRef-Component-memmap2-0.9.11",
        "CycloneDxRef-Component-bstr-1.13.1",
        "CycloneDxRef-Component-gix-chunk-0.7.3",
        "CycloneDxRef-Component-gix-error-0.2.5",
        "CycloneDxRef-Component-nonempty-0.12.0"
      ],
      "ref": "CycloneDxRef-Component-gix-commitgraph-0.38.0"
    },
    {
      "dependsOn": [
        "CycloneDxRef-Component-gix-error-0.2.5",
        "CycloneDxRef-Component-bstr-1.13.1",
        "CycloneDxRef-Component-gix-date-0.15.6"
      ],
      "ref": "CycloneDxRef-Component-gix-actor-0.41.2"
    },
    {
      "dependsOn": [
        "CycloneDxRef-Component-fs-set-times-0.20.3",
        "CycloneDxRef-Component-ambient-authority-0.0.2",
        "CycloneDxRef-Component-winx-0.36.4",
        "CycloneDxRef-Component-maybe-owned-0.3.4",
        "CycloneDxRef-Component-rustix-linux-procfs-0.1.1",
        "CycloneDxRef-Component-windows-sys-0.61.2",
        "CycloneDxRef-Component-rustix-1.1.4",
        "CycloneDxRef-Component-ipnet-2.12.1",
        "CycloneDxRef-Component-io-extras-0.19.0",
        "CycloneDxRef-Component-io-lifetimes-3.0.1"
      ],
      "ref": "CycloneDxRef-Component-cap-primitives-4.0.2"
    },
    {
      "dependsOn": [
        "CycloneDxRef-Component-scopeguard-1.2.0"
      ],
      "ref": "CycloneDxRef-Component-lock_api-0.4.14"
    },
    {
      "dependsOn": [
        "CycloneDxRef-Component-hashbrown-0.16.1"
      ],
      "ref": "CycloneDxRef-Component-clru-0.6.3"
    },
    {
      "dependsOn": [
        "CycloneDxRef-Component-gix-date-0.15.6",
        "CycloneDxRef-Component-gix-transport-0.58.1",
        "CycloneDxRef-Component-gix-utils-0.3.5",
        "CycloneDxRef-Component-nonempty-0.12.0",
        "CycloneDxRef-Component-gix-features-0.49.0",
        "CycloneDxRef-Component-gix-ref-0.66.0",
        "CycloneDxRef-Component-thiserror-2.0.20",
        "CycloneDxRef-Component-gix-shallow-0.13.0",
        "CycloneDxRef-Component-bstr-1.13.1",
        "CycloneDxRef-Component-gix-hash-0.26.0",
        "CycloneDxRef-Component-bisync-0.3.0"
      ],
      "ref": "CycloneDxRef-Component-gix-protocol-0.64.0"
    },
    {
      "dependsOn": [
        "CycloneDxRef-Component-thiserror-2.0.20",
        "CycloneDxRef-Component-gix-tempfile-24.0.0",
        "CycloneDxRef-Component-gix-utils-0.3.5"
      ],
      "ref": "CycloneDxRef-Component-gix-lock-24.0.0"
    },
    {
      "dependsOn": [
        "CycloneDxRef-Component-gix-error-0.2.5",
        "CycloneDxRef-Component-bstr-1.13.1",
        "CycloneDxRef-Component-gix-utils-0.3.5"
      ],
      "ref": "CycloneDxRef-Component-gix-quote-0.7.2"
    },
    {
      "dependsOn": [
        "CycloneDxRef-Component-equivalent-1.0.2",
        "CycloneDxRef-Component-foldhash-0.2.0",
        "CycloneDxRef-Component-allocator-api2-0.2.21"
      ],
      "ref": "CycloneDxRef-Component-hashbrown-0.17.1"
    },
    {
      "dependsOn": [
        "CycloneDxRef-Component-bstr-1.13.1",
        "CycloneDxRef-Component-hashbrown-0.17.1"
      ],
      "ref": "CycloneDxRef-Component-gix-imara-diff-0.2.4"
    },
    {
      "dependsOn": [
        "CycloneDxRef-Component-quote-1.0.47",
        "CycloneDxRef-Component-proc-macro2-1.0.107",
        "CycloneDxRef-Component-unicode-ident-1.0.24"
      ],
      "ref": "CycloneDxRef-Component-syn-2.0.119"
    },
    {
      "dependsOn": [
        "CycloneDxRef-Component-quote-1.0.47",
        "CycloneDxRef-Component-syn-2.0.119",
        "CycloneDxRef-Component-proc-macro2-1.0.107"
      ],
      "ref": "CycloneDxRef-Component-serde_derive-1.0.228"
    },
    {
      "dependsOn": [
        "CycloneDxRef-Component-crossbeam-utils-0.8.22"
      ],
      "ref": "CycloneDxRef-Component-crossbeam-channel-0.5.16"
    },
    {
      "dependsOn": [
        "CycloneDxRef-Component-tinyvec_macros-0.1.1"
      ],
      "ref": "CycloneDxRef-Component-tinyvec-1.12.0"
    },
    {
      "dependsOn": [
        "CycloneDxRef-Component-windows-sys-0.61.2"
      ],
      "ref": "CycloneDxRef-Component-winapi-util-0.1.11"
    },
    {
      "dependsOn": [
        "CycloneDxRef-Component-hash32-0.3.1",
        "CycloneDxRef-Component-stable_deref_trait-1.2.1"
      ],
      "ref": "CycloneDxRef-Component-heapless-0.8.0"
    },
    {
      "dependsOn": [
        "CycloneDxRef-Component-tree-sitter-language-0.1.7"
      ],
      "ref": "CycloneDxRef-Component-tree-sitter-typescript-0.23.2"
    },
    {
      "dependsOn": [
        "CycloneDxRef-Component-unicode-bom-2.0.3",
        "CycloneDxRef-Component-gix-path-0.12.4",
        "CycloneDxRef-Component-thiserror-2.0.20",
        "CycloneDxRef-Component-gix-sec-0.14.2",
        "CycloneDxRef-Component-smallvec-1.15.2",
        "CycloneDxRef-Component-gix-config-value-0.19.1",
        "CycloneDxRef-Component-gix-features-0.49.0",
        "CycloneDxRef-Component-gix-glob-0.27.0",
        "CycloneDxRef-Component-bstr-1.13.1",
        "CycloneDxRef-Component-gix-utils-0.3.5",
        "CycloneDxRef-Component-gix-ref-0.66.0"
      ],
      "ref": "CycloneDxRef-Component-gix-config-0.59.0"
    },
    {
      "dependsOn": [
        "CycloneDxRef-Component-quote-1.0.47",
        "CycloneDxRef-Component-proc-macro2-1.0.107",
        "CycloneDxRef-Component-bumpalo-3.20.3",
        "CycloneDxRef-Component-syn-2.0.119",
        "CycloneDxRef-Component-wasm-bindgen-shared-0.2.120"
      ],
      "ref": "CycloneDxRef-Component-wasm-bindgen-macro-support-0.2.120"
    },
    {
      "dependsOn": [
        "CycloneDxRef-Component-libc-0.2.189"
      ],
      "ref": "CycloneDxRef-Component-cpufeatures-0.2.17"
    },
    {
      "dependsOn": [
        "CycloneDxRef-Component-gix-object-0.63.0",
        "CycloneDxRef-Component-thiserror-2.0.20",
        "CycloneDxRef-Component-gix-hashtable-0.16.0",
        "CycloneDxRef-Component-smallvec-1.15.2",
        "CycloneDxRef-Component-gix-error-0.2.5",
        "CycloneDxRef-Component-gix-commitgraph-0.38.0",
        "CycloneDxRef-Component-gix-hash-0.26.0",
        "CycloneDxRef-Component-gix-date-0.15.6"
      ],
      "ref": "CycloneDxRef-Component-gix-revwalk-0.34.0"
    },
    {
      "dependsOn": [
        "CycloneDxRef-Component-gix-hash-0.26.0",
        "CycloneDxRef-Component-gix-error-0.2.5",
        "CycloneDxRef-Component-gix-date-0.15.6",
        "CycloneDxRef-Component-gix-trace-0.1.21",
        "CycloneDxRef-Component-thiserror-2.0.20",
        "CycloneDxRef-Component-smallvec-1.15.2",
        "CycloneDxRef-Component-gix-traverse-0.60.0",
        "CycloneDxRef-Component-gix-revwalk-0.34.0",
        "CycloneDxRef-Component-gix-object-0.63.0",
        "CycloneDxRef-Component-gix-diff-0.66.0",
        "CycloneDxRef-Component-gix-commitgraph-0.38.0",
        "CycloneDxRef-Component-gix-worktree-0.55.0"
      ],
      "ref": "CycloneDxRef-Component-gix-blame-0.16.0"
    },
    {
      "dependsOn": [
        "CycloneDxRef-Component-windows-sys-0.59.0",
        "CycloneDxRef-Component-bitflags-2.13.1"
      ],
      "ref": "CycloneDxRef-Component-winx-0.36.4"
    },
    {
      "dependsOn": [
        "CycloneDxRef-Component-jiff-tzdb-0.1.8"
      ],
      "ref": "CycloneDxRef-Component-jiff-tzdb-platform-0.1.3"
    },
    {
      "dependsOn": [
        "CycloneDxRef-Component-windows_x86_64_gnu-0.52.6",
        "CycloneDxRef-Component-windows_aarch64_msvc-0.52.6",
        "CycloneDxRef-Component-windows_i686_msvc-0.52.6",
        "CycloneDxRef-Component-windows_i686_gnullvm-0.52.6",
        "CycloneDxRef-Component-windows_x86_64_gnullvm-0.52.6",
        "CycloneDxRef-Component-windows_aarch64_gnullvm-0.52.6",
        "CycloneDxRef-Component-windows_x86_64_msvc-0.52.6",
        "CycloneDxRef-Component-windows_i686_gnu-0.52.6"
      ],
      "ref": "CycloneDxRef-Component-windows-targets-0.52.6"
    },
    {
      "dependsOn": [
        "CycloneDxRef-Component-clru-0.6.3",
        "CycloneDxRef-Component-thiserror-2.0.20",
        "CycloneDxRef-Component-gix-path-0.12.4",
        "CycloneDxRef-Component-memmap2-0.9.11",
        "CycloneDxRef-Component-gix-zlib-0.1.0",
        "CycloneDxRef-Component-smallvec-1.15.2",
        "CycloneDxRef-Component-gix-object-0.63.0",
        "CycloneDxRef-Component-uluru-3.1.0",
        "CycloneDxRef-Component-gix-hashtable-0.16.0",
        "CycloneDxRef-Component-gix-hash-0.26.0",
        "CycloneDxRef-Component-gix-features-0.49.0",
        "CycloneDxRef-Component-gix-error-0.2.5",
        "CycloneDxRef-Component-gix-chunk-0.7.3"
      ],
      "ref": "CycloneDxRef-Component-gix-pack-0.73.0"
    },
    {
      "dependsOn": [
        "CycloneDxRef-Component-rustix-1.1.4",
        "CycloneDxRef-Component-io-lifetimes-2.0.4",
        "CycloneDxRef-Component-windows-sys-0.59.0"
      ],
      "ref": "CycloneDxRef-Component-fs-set-times-0.20.3"
    },
    {
      "dependsOn": [
        "CycloneDxRef-Component-thiserror-2.0.20",
        "CycloneDxRef-Component-zlib-rs-0.6.7"
      ],
      "ref": "CycloneDxRef-Component-gix-zlib-0.1.0"
    },
    {
      "dependsOn": [
        "CycloneDxRef-Component-arrayvec-0.7.8"
      ],
      "ref": "CycloneDxRef-Component-uluru-3.1.0"
    },
    {
      "dependsOn": [
        "CycloneDxRef-Component-windows-sys-0.61.2",
        "CycloneDxRef-Component-wasi-0.11.1+wasi-snapshot-preview1",
        "CycloneDxRef-Component-libc-0.2.189"
      ],
      "ref": "CycloneDxRef-Component-mio-1.2.1"
    },
    {
      "dependsOn": [
        "CycloneDxRef-Component-quote-1.0.47",
        "CycloneDxRef-Component-proc-macro2-1.0.107",
        "CycloneDxRef-Component-syn-3.0.3"
      ],
      "ref": "CycloneDxRef-Component-thiserror-impl-2.0.20"
    },
    {
      "dependsOn": [
        "CycloneDxRef-Component-wasm-bindgen-macro-0.2.120",
        "CycloneDxRef-Component-wasm-bindgen-shared-0.2.120",
        "CycloneDxRef-Component-cfg-if-1.0.4",
        "CycloneDxRef-Component-once_cell-1.21.4"
      ],
      "ref": "CycloneDxRef-Component-wasm-bindgen-0.2.120"
    },
    {
      "dependsOn": [
        "CycloneDxRef-Component-serde_derive-1.0.228",
        "CycloneDxRef-Component-serde_core-1.0.228"
      ],
      "ref": "CycloneDxRef-Component-serde-1.0.228"
    },
    {
      "dependsOn": [
        "CycloneDxRef-Component-portable-atomic-1.13.1"
      ],
      "ref": "CycloneDxRef-Component-portable-atomic-util-0.2.4"
    },
    {
      "dependsOn": [
        "CycloneDxRef-Component-syn-2.0.119",
        "CycloneDxRef-Component-proc-macro2-1.0.107",
        "CycloneDxRef-Component-jiff-core-0.1.0",
        "CycloneDxRef-Component-quote-1.0.47"
      ],
      "ref": "CycloneDxRef-Component-jiff-static-0.2.35"
    },
    {
      "dependsOn": [
        "CycloneDxRef-Component-aho-corasick-1.1.5",
        "CycloneDxRef-Component-bstr-1.13.1",
        "CycloneDxRef-Component-regex-automata-0.4.16",
        "CycloneDxRef-Component-log-0.4.33",
        "CycloneDxRef-Component-regex-syntax-0.8.11"
      ],
      "ref": "CycloneDxRef-Component-globset-0.4.19"
    },
    {
      "dependsOn": [
        "CycloneDxRef-Component-tokio-1.53.1",
        "CycloneDxRef-Component-globset-0.4.19",
        "CycloneDxRef-Component-tree-sitter-javascript-0.25.0",
        "CycloneDxRef-Component-serde_json-1.0.145",
        "CycloneDxRef-Component-tree-sitter-rust-0.24.2",
        "CycloneDxRef-Component-sha2-0.10.9",
        "CycloneDxRef-Component-serde-1.0.228",
        "CycloneDxRef-Component-regex-automata-0.4.16",
        "CycloneDxRef-Component-regex-1.13.1",
        "CycloneDxRef-Component-infer-0.19.0",
        "CycloneDxRef-Component-tree-sitter-md-0.5.3",
        "CycloneDxRef-Component-cap-fs-ext-4.0.2",
        "CycloneDxRef-Component-tree-sitter-typescript-0.23.2",
        "CycloneDxRef-Component-cap-std-4.0.2",
        "CycloneDxRef-Component-blake3-1.8.5",
        "CycloneDxRef-Component-ignore-0.4.31",
        "CycloneDxRef-Component-tree-sitter-0.26.11",
        "CycloneDxRef-Component-tempfile-3.27.0",
        "CycloneDxRef-Component-gix-0.86.0"
      ],
      "ref": "CycloneDxRef-Component-repin-foundation-spike-0.1.0"
    },
    {
      "dependsOn": [
        "CycloneDxRef-Component-gix-trace-0.1.21",
        "CycloneDxRef-Component-gix-quote-0.7.2",
        "CycloneDxRef-Component-gix-path-0.12.4",
        "CycloneDxRef-Component-bstr-1.13.1",
        "CycloneDxRef-Component-shell-words-1.1.1"
      ],
      "ref": "CycloneDxRef-Component-gix-command-0.9.2"
    },
    {
      "dependsOn": [
        "CycloneDxRef-Component-gix-error-0.2.5"
      ],
      "ref": "CycloneDxRef-Component-gix-chunk-0.7.3"
    },
    {
      "dependsOn": [
        "CycloneDxRef-Component-generic-array-0.14.7"
      ],
      "ref": "CycloneDxRef-Component-block-buffer-0.10.4"
    },
    {
      "dependsOn": [
        "CycloneDxRef-Component-libc-0.2.189",
        "CycloneDxRef-Component-tokio-macros-2.7.0",
        "CycloneDxRef-Component-socket2-0.6.4",
        "CycloneDxRef-Component-pin-project-lite-0.2.17",
        "CycloneDxRef-Component-bytes-1.12.1",
        "CycloneDxRef-Component-windows-sys-0.61.2",
        "CycloneDxRef-Component-mio-1.2.1"
      ],
      "ref": "CycloneDxRef-Component-tokio-1.53.1"
    },
    {
      "dependsOn": [
        "CycloneDxRef-Component-lock_api-0.4.14",
        "CycloneDxRef-Component-parking_lot_core-0.9.12"
      ],
      "ref": "CycloneDxRef-Component-parking_lot-0.12.5"
    },
    {
      "dependsOn": [
        "CycloneDxRef-Component-typenum-1.20.1"
      ],
      "ref": "CycloneDxRef-Component-generic-array-0.14.7"
    },
    {
      "dependsOn": [
        "CycloneDxRef-Component-windows-sys-0.60.2",
        "CycloneDxRef-Component-io-lifetimes-3.0.1"
      ],
      "ref": "CycloneDxRef-Component-io-extras-0.19.0"
    },
    {
      "dependsOn": [
        "CycloneDxRef-Component-windows-sys-0.61.2",
        "CycloneDxRef-Component-gix-pathspec-0.19.0",
        "CycloneDxRef-Component-hashbrown-0.16.1",
        "CycloneDxRef-Component-thiserror-2.0.20",
        "CycloneDxRef-Component-portable-atomic-1.13.1",
        "CycloneDxRef-Component-bstr-1.13.1",
        "CycloneDxRef-Component-gix-path-0.12.4",
        "CycloneDxRef-Component-gix-object-0.63.0",
        "CycloneDxRef-Component-filetime-0.2.29",
        "CycloneDxRef-Component-gix-index-0.54.0",
        "CycloneDxRef-Component-gix-filter-0.33.0",
        "CycloneDxRef-Component-gix-hash-0.26.0",
        "CycloneDxRef-Component-gix-features-0.49.0",
        "CycloneDxRef-Component-gix-dir-0.28.0",
        "CycloneDxRef-Component-gix-diff-0.66.0",
        "CycloneDxRef-Component-gix-fs-0.22.0",
        "CycloneDxRef-Component-gix-worktree-0.55.0"
      ],
      "ref": "CycloneDxRef-Component-gix-status-0.33.0"
    },
    {
      "dependsOn": [
        "CycloneDxRef-Component-libc-0.2.189",
        "CycloneDxRef-Component-windows-sys-0.61.2"
      ],
      "ref": "CycloneDxRef-Component-errno-0.3.14"
    },
    {
      "dependsOn": [
        "CycloneDxRef-Component-gix-path-0.12.4",
        "CycloneDxRef-Component-bstr-1.13.1",
        "CycloneDxRef-Component-gix-features-0.49.0",
        "CycloneDxRef-Component-gix-quote-0.7.2",
        "CycloneDxRef-Component-thiserror-2.0.20",
        "CycloneDxRef-Component-unicode-bom-2.0.3",
        "CycloneDxRef-Component-gix-trace-0.1.21",
        "CycloneDxRef-Component-gix-glob-0.27.0",
        "CycloneDxRef-Component-smallvec-1.15.2"
      ],
      "ref": "CycloneDxRef-Component-gix-attributes-0.34.0"
    },
    {
      "dependsOn": [
        "CycloneDxRef-Component-gix-fs-0.22.0",
        "CycloneDxRef-Component-gix-validate-0.11.3",
        "CycloneDxRef-Component-gix-object-0.63.0",
        "CycloneDxRef-Component-gix-index-0.54.0",
        "CycloneDxRef-Component-gix-attributes-0.34.0",
        "CycloneDxRef-Component-gix-hash-0.26.0",
        "CycloneDxRef-Component-bstr-1.13.1",
        "CycloneDxRef-Component-gix-path-0.12.4",
        "CycloneDxRef-Component-gix-glob-0.27.0",
        "CycloneDxRef-Component-gix-ignore-0.22.0",
        "CycloneDxRef-Component-gix-features-0.49.0"
      ],
      "ref": "CycloneDxRef-Component-gix-worktree-0.55.0"
    },
    {
      "dependsOn": [
        "CycloneDxRef-Component-memchr-2.8.3"
      ],
      "ref": "CycloneDxRef-Component-aho-corasick-1.1.5"
    },
    {
      "dependsOn": [
        "CycloneDxRef-Component-gix-path-0.12.4",
        "CycloneDxRef-Component-bitflags-2.13.1",
        "CycloneDxRef-Component-thiserror-2.0.20",
        "CycloneDxRef-Component-bstr-1.13.1",
        "CycloneDxRef-Component-libc-0.2.189"
      ],
      "ref": "CycloneDxRef-Component-gix-config-value-0.19.1"
    },
    {
      "dependsOn": [
        "CycloneDxRef-Component-gix-config-value-0.19.1",
        "CycloneDxRef-Component-thiserror-2.0.20",
        "CycloneDxRef-Component-gix-command-0.9.2",
        "CycloneDxRef-Component-parking_lot-0.12.5",
        "CycloneDxRef-Component-rustix-1.1.4"
      ],
      "ref": "CycloneDxRef-Component-gix-prompt-0.16.0"
    },
    {
      "dependsOn": [
        "CycloneDxRef-Component-arc-swap-1.9.2",
        "CycloneDxRef-Component-gix-pack-0.73.0",
        "CycloneDxRef-Component-gix-quote-0.7.2",
        "CycloneDxRef-Component-gix-object-0.63.0",
        "CycloneDxRef-Component-tempfile-3.27.0",
        "CycloneDxRef-Component-gix-hashtable-0.16.0",
        "CycloneDxRef-Component-memmap2-0.9.11",
        "CycloneDxRef-Component-gix-hash-0.26.0",
        "CycloneDxRef-Component-thiserror-2.0.20",
        "CycloneDxRef-Component-gix-path-0.12.4",
        "CycloneDxRef-Component-parking_lot-0.12.5",
        "CycloneDxRef-Component-gix-fs-0.22.0",
        "CycloneDxRef-Component-gix-zlib-0.1.0",
        "CycloneDxRef-Component-gix-features-0.49.0"
      ],
      "ref": "CycloneDxRef-Component-gix-odb-0.83.0"
    },
    {
      "dependsOn": [
        "CycloneDxRef-Component-globset-0.4.19",
        "CycloneDxRef-Component-walkdir-2.5.0",
        "CycloneDxRef-Component-memchr-2.8.3",
        "CycloneDxRef-Component-winapi-util-0.1.11",
        "CycloneDxRef-Component-regex-automata-0.4.16",
        "CycloneDxRef-Component-same-file-1.0.6",
        "CycloneDxRef-Component-log-0.4.33",
        "CycloneDxRef-Component-crossbeam-deque-0.8.7"
      ],
      "ref": "CycloneDxRef-Component-ignore-0.4.31"
    },
    {
      "dependsOn": [
        "CycloneDxRef-Component-byteorder-1.5.0"
      ],
      "ref": "CycloneDxRef-Component-hash32-0.3.1"
    },
    {
      "dependsOn": [
        "CycloneDxRef-Component-js-sys-0.3.97",
        "CycloneDxRef-Component-wasm-bindgen-0.2.120"
      ],
      "ref": "CycloneDxRef-Component-uuid-1.24.1"
    },
    {
      "dependsOn": [
        "CycloneDxRef-Component-bstr-1.13.1"
      ],
      "ref": "CycloneDxRef-Component-gix-validate-0.11.3"
    },
    {
      "dependsOn": [
        "CycloneDxRef-Component-unicode-ident-1.0.24"
      ],
      "ref": "CycloneDxRef-Component-wasm-bindgen-shared-0.2.120"
    },
    {
      "dependsOn": [
        "CycloneDxRef-Component-once_cell-1.21.4",
        "CycloneDxRef-Component-rustix-1.1.4"
      ],
      "ref": "CycloneDxRef-Component-rustix-linux-procfs-0.1.1"
    },
    {
      "dependsOn": [
        "CycloneDxRef-Component-quote-1.0.47",
        "CycloneDxRef-Component-unicode-ident-1.0.24",
        "CycloneDxRef-Component-proc-macro2-1.0.107"
      ],
      "ref": "CycloneDxRef-Component-syn-3.0.3"
    },
    {
      "dependsOn": [
        "CycloneDxRef-Component-nonempty-0.12.0",
        "CycloneDxRef-Component-thiserror-2.0.20",
        "CycloneDxRef-Component-gix-lock-24.0.0",
        "CycloneDxRef-Component-gix-hash-0.26.0",
        "CycloneDxRef-Component-bstr-1.13.1"
      ],
      "ref": "CycloneDxRef-Component-gix-shallow-0.13.0"
    },
    {
      "dependsOn": [
        "CycloneDxRef-Component-gix-object-0.63.0",
        "CycloneDxRef-Component-gix-worktree-stream-0.35.0",
        "CycloneDxRef-Component-gix-date-0.15.6",
        "CycloneDxRef-Component-gix-error-0.2.5",
        "CycloneDxRef-Component-bstr-1.13.1"
      ],
      "ref": "CycloneDxRef-Component-gix-archive-0.35.0"
    },
    {
      "dependsOn": [
        "CycloneDxRef-Component-winapi-util-0.1.11"
      ],
      "ref": "CycloneDxRef-Component-same-file-1.0.6"
    },
    {
      "dependsOn": [
        "CycloneDxRef-Component-cfg-if-1.0.4",
        "CycloneDxRef-Component-digest-0.10.7",
        "CycloneDxRef-Component-cpufeatures-0.2.17"
      ],
      "ref": "CycloneDxRef-Component-sha1-0.10.7"
    },
    {
      "dependsOn": [
        "CycloneDxRef-Component-gix-date-0.15.6",
        "CycloneDxRef-Component-gix-commitgraph-0.38.0",
        "CycloneDxRef-Component-bitflags-2.13.1",
        "CycloneDxRef-Component-gix-revwalk-0.34.0",
        "CycloneDxRef-Component-gix-object-0.63.0",
        "CycloneDxRef-Component-gix-hash-0.26.0"
      ],
      "ref": "CycloneDxRef-Component-gix-negotiate-0.34.0"
    },
    {
      "dependsOn": [
        "CycloneDxRef-Component-defmt-macros-1.1.1",
        "CycloneDxRef-Component-bitflags-1.3.2"
      ],
      "ref": "CycloneDxRef-Component-defmt-1.1.1"
    },
    {
      "dependsOn": [
        "CycloneDxRef-Component-cfg-if-1.0.4"
      ],
      "ref": "CycloneDxRef-Component-crc32fast-1.5.0"
    },
    {
      "dependsOn": [
        "CycloneDxRef-Component-gix-actor-0.41.2",
        "CycloneDxRef-Component-bstr-1.13.1",
        "CycloneDxRef-Component-gix-date-0.15.6",
        "CycloneDxRef-Component-gix-error-0.2.5"
      ],
      "ref": "CycloneDxRef-Component-gix-mailmap-0.33.2"
    },
    {
      "dependsOn": [
        "CycloneDxRef-Component-thiserror-impl-2.0.20"
      ],
      "ref": "CycloneDxRef-Component-thiserror-2.0.20"
    },
    {
      "dependsOn": [
        "CycloneDxRef-Component-bstr-1.13.1"
      ],
      "ref": "CycloneDxRef-Component-gix-error-0.2.5"
    }
  ],
  "metadata": {
    "authors": [
      {
        "name": "seer"
      }
    ],
    "component": {
      "components": [
        {
          "author": "",
          "bom-ref": "CycloneDxRef-Component-repin-foundation-spike-0.1.0",
          "externalReferences": [],
          "licenses": [
            {
              "expression": "MIT"
            }
          ],
          "name": "repin-foundation-spike",
          "type": "application",
          "version": "0.1.0"
        }
      ],
      "name": "foundation_spike",
      "type": "application"
    },
    "timestamp": "2026-08-18T17:16:32.750Z",
    "tools": [
      {
        "name": "cargo-sbom",
        "version": "0.10.0"
      }
    ]
  },
  "serialNumber": "urn:uuid:1a678d25-ccaa-4828-b9ef-c7e7357fff25",
  "specVersion": "1.6",
  "version": 1
}
