{
  "SPDXID": "SPDXRef-DOCUMENT",
  "creationInfo": {
    "created": "2026-08-18T15:36:44Z",
    "creators": [
      "Tool: cargo-sbom-v0.10.0"
    ]
  },
  "dataLicense": "CC0-1.0",
  "documentNamespace": "https://spdx.org/spdxdocs/foundation_spike-fb485f61-5802-4dc8-8e43-e60200c1aa9c",
  "files": [
    {
      "SPDXID": "SPDXRef-File-repin-f4-spike",
      "checksums": [
        {
          "algorithm": "SHA1",
          "checksumValue": "47a6eff217fc10c3525844ab4916cc16fe3fec83"
        }
      ],
      "fileName": "./Cargo.lock",
      "fileTypes": [
        "SOURCE",
        "TEXT"
      ]
    },
    {
      "SPDXID": "SPDXRef-File-repin-foundation-followup",
      "checksums": [
        {
          "algorithm": "SHA1",
          "checksumValue": "47a6eff217fc10c3525844ab4916cc16fe3fec83"
        }
      ],
      "fileName": "./Cargo.lock",
      "fileTypes": [
        "SOURCE",
        "TEXT"
      ]
    },
    {
      "SPDXID": "SPDXRef-File-repin-foundation-spike",
      "checksums": [
        {
          "algorithm": "SHA1",
          "checksumValue": "47a6eff217fc10c3525844ab4916cc16fe3fec83"
        }
      ],
      "fileName": "./Cargo.lock",
      "fileTypes": [
        "SOURCE",
        "TEXT"
      ]
    }
  ],
  "name": "foundation_spike",
  "packages": [
    {
      "SPDXID": "SPDXRef-Package-heapless-0.8.0",
      "description": "`static` friendly data structures that don't require dynamic memory allocation",
      "downloadLocation": "registry+https://github.com/rust-lang/crates.io-index",
      "externalRefs": [
        {
          "referenceCategory": "PACKAGE-MANAGER",
          "referenceLocator": "pkg:cargo/heapless@0.8.0",
          "referenceType": "purl"
        }
      ],
      "licenseConcluded": "MIT OR Apache-2.0",
      "licenseDeclared": "MIT OR Apache-2.0",
      "name": "heapless",
      "versionInfo": "0.8.0"
    },
    {
      "SPDXID": "SPDXRef-Package-constant--time--eq-0.4.2",
      "description": "Compares two equal-sized byte strings in constant time.",
      "downloadLocation": "registry+https://github.com/rust-lang/crates.io-index",
      "externalRefs": [
        {
          "referenceCategory": "PACKAGE-MANAGER",
          "referenceLocator": "pkg:cargo/constant_time_eq@0.4.2",
          "referenceType": "purl"
        }
      ],
      "licenseConcluded": "CC0-1.0 OR MIT-0 OR Apache-2.0",
      "licenseDeclared": "CC0-1.0 OR MIT-0 OR Apache-2.0",
      "name": "constant_time_eq",
      "versionInfo": "0.4.2"
    },
    {
      "SPDXID": "SPDXRef-Package-crossbeam-utils-0.8.22",
      "description": "Utilities for concurrent programming",
      "downloadLocation": "registry+https://github.com/rust-lang/crates.io-index",
      "externalRefs": [
        {
          "referenceCategory": "PACKAGE-MANAGER",
          "referenceLocator": "pkg:cargo/crossbeam-utils@0.8.22",
          "referenceType": "purl"
        }
      ],
      "homepage": "https://github.com/crossbeam-rs/crossbeam/tree/master/crossbeam-utils",
      "licenseConcluded": "MIT OR Apache-2.0",
      "licenseDeclared": "MIT OR Apache-2.0",
      "name": "crossbeam-utils",
      "versionInfo": "0.8.22"
    },
    {
      "SPDXID": "SPDXRef-Package-tinyvec-1.12.0",
      "description": "`tinyvec` provides 100% safe vec-like data structures.",
      "downloadLocation": "registry+https://github.com/rust-lang/crates.io-index",
      "externalRefs": [
        {
          "referenceCategory": "PACKAGE-MANAGER",
          "referenceLocator": "pkg:cargo/tinyvec@1.12.0",
          "referenceType": "purl"
        }
      ],
      "licenseConcluded": "Zlib OR Apache-2.0 OR MIT",
      "licenseDeclared": "Zlib OR Apache-2.0 OR MIT",
      "name": "tinyvec",
      "versionInfo": "1.12.0"
    },
    {
      "SPDXID": "SPDXRef-Package-fnv-1.0.7",
      "description": "Fowler–Noll–Vo hash function",
      "downloadLocation": "registry+https://github.com/rust-lang/crates.io-index",
      "externalRefs": [
        {
          "referenceCategory": "PACKAGE-MANAGER",
          "referenceLocator": "pkg:cargo/fnv@1.0.7",
          "referenceType": "purl"
        }
      ],
      "licenseConcluded": "Apache-2.0 OR MIT",
      "licenseDeclared": "Apache-2.0 OR MIT",
      "name": "fnv",
      "versionInfo": "1.0.7"
    },
    {
      "SPDXID": "SPDXRef-Package-zlib-rs-0.6.7",
      "description": "A memory-safe zlib implementation written in rust",
      "downloadLocation": "registry+https://github.com/rust-lang/crates.io-index",
      "externalRefs": [
        {
          "referenceCategory": "PACKAGE-MANAGER",
          "referenceLocator": "pkg:cargo/zlib-rs@0.6.7",
          "referenceType": "purl"
        }
      ],
      "homepage": "https://github.com/trifectatechfoundation/zlib-rs",
      "licenseConcluded": "Zlib",
      "licenseDeclared": "Zlib",
      "name": "zlib-rs",
      "versionInfo": "0.6.7"
    },
    {
      "SPDXID": "SPDXRef-Package-jiff-static-0.2.35",
      "description": "Create static TimeZone values for Jiff (useful in core-only environments).",
      "downloadLocation": "registry+https://github.com/rust-lang/crates.io-index",
      "externalRefs": [
        {
          "referenceCategory": "PACKAGE-MANAGER",
          "referenceLocator": "pkg:cargo/jiff-static@0.2.35",
          "referenceType": "purl"
        }
      ],
      "homepage": "https://github.com/BurntSushi/jiff/tree/master/crates/jiff-static",
      "licenseConcluded": "Unlicense OR MIT",
      "licenseDeclared": "Unlicense OR MIT",
      "name": "jiff-static",
      "versionInfo": "0.2.35"
    },
    {
      "SPDXID": "SPDXRef-Package-proc-macro2-1.0.107",
      "description": "A substitute implementation of the compiler's `proc_macro` API to decouple token-based libraries from the procedural macro use case.",
      "downloadLocation": "registry+https://github.com/rust-lang/crates.io-index",
      "externalRefs": [
        {
          "referenceCategory": "PACKAGE-MANAGER",
          "referenceLocator": "pkg:cargo/proc-macro2@1.0.107",
          "referenceType": "purl"
        }
      ],
      "licenseConcluded": "MIT OR Apache-2.0",
      "licenseDeclared": "MIT OR Apache-2.0",
      "name": "proc-macro2",
      "versionInfo": "1.0.107"
    },
    {
      "SPDXID": "SPDXRef-Package-syn-2.0.119",
      "description": "Parser for Rust source code",
      "downloadLocation": "registry+https://github.com/rust-lang/crates.io-index",
      "externalRefs": [
        {
          "referenceCategory": "PACKAGE-MANAGER",
          "referenceLocator": "pkg:cargo/syn@2.0.119",
          "referenceType": "purl"
        }
      ],
      "licenseConcluded": "MIT OR Apache-2.0",
      "licenseDeclared": "MIT OR Apache-2.0",
      "name": "syn",
      "versionInfo": "2.0.119"
    },
    {
      "SPDXID": "SPDXRef-Package-foldhash-0.2.0",
      "description": "A fast, non-cryptographic, minimally DoS-resistant hashing algorithm.",
      "downloadLocation": "registry+https://github.com/rust-lang/crates.io-index",
      "externalRefs": [
        {
          "referenceCategory": "PACKAGE-MANAGER",
          "referenceLocator": "pkg:cargo/foldhash@0.2.0",
          "referenceType": "purl"
        }
      ],
      "licenseConcluded": "Zlib",
      "licenseDeclared": "Zlib",
      "name": "foldhash",
      "versionInfo": "0.2.0"
    },
    {
      "SPDXID": "SPDXRef-Package-stable--deref--trait-1.2.1",
      "description": "An unsafe marker trait for types like Box and Rc that dereference to a stable address even when moved, and hence can be used with libraries such as owning_ref and rental.\n",
      "downloadLocation": "registry+https://github.com/rust-lang/crates.io-index",
      "externalRefs": [
        {
          "referenceCategory": "PACKAGE-MANAGER",
          "referenceLocator": "pkg:cargo/stable_deref_trait@1.2.1",
          "referenceType": "purl"
        }
      ],
      "licenseConcluded": "MIT OR Apache-2.0",
      "licenseDeclared": "MIT OR Apache-2.0",
      "name": "stable_deref_trait",
      "versionInfo": "1.2.1"
    },
    {
      "SPDXID": "SPDXRef-Package-gix-index-0.54.0",
      "description": "A work-in-progress crate of the gitoxide project dedicated implementing the git index file",
      "downloadLocation": "registry+https://github.com/rust-lang/crates.io-index",
      "externalRefs": [
        {
          "referenceCategory": "PACKAGE-MANAGER",
          "referenceLocator": "pkg:cargo/gix-index@0.54.0",
          "referenceType": "purl"
        }
      ],
      "licenseConcluded": "MIT OR Apache-2.0",
      "licenseDeclared": "MIT OR Apache-2.0",
      "name": "gix-index",
      "versionInfo": "0.54.0"
    },
    {
      "SPDXID": "SPDXRef-Package-hashbrown-0.17.1",
      "description": "A Rust port of Google's SwissTable hash map",
      "downloadLocation": "registry+https://github.com/rust-lang/crates.io-index",
      "externalRefs": [
        {
          "referenceCategory": "PACKAGE-MANAGER",
          "referenceLocator": "pkg:cargo/hashbrown@0.17.1",
          "referenceType": "purl"
        }
      ],
      "licenseConcluded": "MIT OR Apache-2.0",
      "licenseDeclared": "MIT OR Apache-2.0",
      "name": "hashbrown",
      "versionInfo": "0.17.1"
    },
    {
      "SPDXID": "SPDXRef-Package-arrayref-0.3.9",
      "description": "Macros to take array references of slices",
      "downloadLocation": "registry+https://github.com/rust-lang/crates.io-index",
      "externalRefs": [
        {
          "referenceCategory": "PACKAGE-MANAGER",
          "referenceLocator": "pkg:cargo/arrayref@0.3.9",
          "referenceType": "purl"
        }
      ],
      "licenseConcluded": "BSD-2-Clause",
      "licenseDeclared": "BSD-2-Clause",
      "name": "arrayref",
      "versionInfo": "0.3.9"
    },
    {
      "SPDXID": "SPDXRef-Package-windows--x86--64--gnullvm-0.53.1",
      "description": "Import lib for Windows",
      "downloadLocation": "registry+https://github.com/rust-lang/crates.io-index",
      "externalRefs": [
        {
          "referenceCategory": "PACKAGE-MANAGER",
          "referenceLocator": "pkg:cargo/windows_x86_64_gnullvm@0.53.1",
          "referenceType": "purl"
        }
      ],
      "licenseConcluded": "MIT OR Apache-2.0",
      "licenseDeclared": "MIT OR Apache-2.0",
      "name": "windows_x86_64_gnullvm",
      "versionInfo": "0.53.1"
    },
    {
      "SPDXID": "SPDXRef-Package-gix-ref-0.66.0",
      "description": "A crate to handle git references",
      "downloadLocation": "registry+https://github.com/rust-lang/crates.io-index",
      "externalRefs": [
        {
          "referenceCategory": "PACKAGE-MANAGER",
          "referenceLocator": "pkg:cargo/gix-ref@0.66.0",
          "referenceType": "purl"
        }
      ],
      "licenseConcluded": "MIT OR Apache-2.0",
      "licenseDeclared": "MIT OR Apache-2.0",
      "name": "gix-ref",
      "versionInfo": "0.66.0"
    },
    {
      "SPDXID": "SPDXRef-Package-futures-util-0.3.34",
      "description": "Common utilities and extension traits for the futures-rs library.\n",
      "downloadLocation": "registry+https://github.com/rust-lang/crates.io-index",
      "externalRefs": [
        {
          "referenceCategory": "PACKAGE-MANAGER",
          "referenceLocator": "pkg:cargo/futures-util@0.3.34",
          "referenceType": "purl"
        }
      ],
      "homepage": "https://rust-lang.github.io/futures-rs",
      "licenseConcluded": "MIT OR Apache-2.0",
      "licenseDeclared": "MIT OR Apache-2.0",
      "name": "futures-util",
      "versionInfo": "0.3.34"
    },
    {
      "SPDXID": "SPDXRef-Package-gix-mailmap-0.33.2",
      "description": "A crate of the gitoxide project for parsing mailmap files",
      "downloadLocation": "registry+https://github.com/rust-lang/crates.io-index",
      "externalRefs": [
        {
          "referenceCategory": "PACKAGE-MANAGER",
          "referenceLocator": "pkg:cargo/gix-mailmap@0.33.2",
          "referenceType": "purl"
        }
      ],
      "licenseConcluded": "MIT OR Apache-2.0",
      "licenseDeclared": "MIT OR Apache-2.0",
      "name": "gix-mailmap",
      "versionInfo": "0.33.2"
    },
    {
      "SPDXID": "SPDXRef-Package-bitflags-1.3.2",
      "description": "A macro to generate structures which behave like bitflags.\n",
      "downloadLocation": "registry+https://github.com/rust-lang/crates.io-index",
      "externalRefs": [
        {
          "referenceCategory": "PACKAGE-MANAGER",
          "referenceLocator": "pkg:cargo/bitflags@1.3.2",
          "referenceType": "purl"
        }
      ],
      "homepage": "https://github.com/bitflags/bitflags",
      "licenseConcluded": "MIT OR Apache-2.0",
      "licenseDeclared": "MIT OR Apache-2.0",
      "name": "bitflags",
      "versionInfo": "1.3.2"
    },
    {
      "SPDXID": "SPDXRef-Package-io-close-0.3.7",
      "description": "An extension trait for safely dropping I/O writers such as File and BufWriter.",
      "downloadLocation": "registry+https://github.com/rust-lang/crates.io-index",
      "externalRefs": [
        {
          "referenceCategory": "PACKAGE-MANAGER",
          "referenceLocator": "pkg:cargo/io-close@0.3.7",
          "referenceType": "purl"
        }
      ],
      "licenseConcluded": "MIT OR Apache-2.0",
      "licenseDeclared": "MIT OR Apache-2.0",
      "name": "io-close",
      "versionInfo": "0.3.7"
    },
    {
      "SPDXID": "SPDXRef-Package-cfg-if-1.0.4",
      "description": "A macro to ergonomically define an item depending on a large number of #[cfg]\nparameters. Structured like an if-else chain, the first matching branch is the\nitem that gets emitted.\n",
      "downloadLocation": "registry+https://github.com/rust-lang/crates.io-index",
      "externalRefs": [
        {
          "referenceCategory": "PACKAGE-MANAGER",
          "referenceLocator": "pkg:cargo/cfg-if@1.0.4",
          "referenceType": "purl"
        }
      ],
      "licenseConcluded": "MIT OR Apache-2.0",
      "licenseDeclared": "MIT OR Apache-2.0",
      "name": "cfg-if",
      "versionInfo": "1.0.4"
    },
    {
      "SPDXID": "SPDXRef-Package-tree-sitter-0.26.11",
      "description": "Rust bindings to the Tree-sitter parsing library",
      "downloadLocation": "registry+https://github.com/rust-lang/crates.io-index",
      "externalRefs": [
        {
          "referenceCategory": "PACKAGE-MANAGER",
          "referenceLocator": "pkg:cargo/tree-sitter@0.26.11",
          "referenceType": "purl"
        }
      ],
      "homepage": "https://tree-sitter.github.io/tree-sitter",
      "licenseConcluded": "MIT",
      "licenseDeclared": "MIT",
      "name": "tree-sitter",
      "versionInfo": "0.26.11"
    },
    {
      "SPDXID": "SPDXRef-Package-libc-0.2.189",
      "description": "Raw FFI bindings to platform libraries like libc.",
      "downloadLocation": "registry+https://github.com/rust-lang/crates.io-index",
      "externalRefs": [
        {
          "referenceCategory": "PACKAGE-MANAGER",
          "referenceLocator": "pkg:cargo/libc@0.2.189",
          "referenceType": "purl"
        }
      ],
      "licenseConcluded": "MIT OR Apache-2.0",
      "licenseDeclared": "MIT OR Apache-2.0",
      "name": "libc",
      "versionInfo": "0.2.189"
    },
    {
      "SPDXID": "SPDXRef-Package-futures-task-0.3.34",
      "description": "Tools for working with tasks.\n",
      "downloadLocation": "registry+https://github.com/rust-lang/crates.io-index",
      "externalRefs": [
        {
          "referenceCategory": "PACKAGE-MANAGER",
          "referenceLocator": "pkg:cargo/futures-task@0.3.34",
          "referenceType": "purl"
        }
      ],
      "homepage": "https://rust-lang.github.io/futures-rs",
      "licenseConcluded": "MIT OR Apache-2.0",
      "licenseDeclared": "MIT OR Apache-2.0",
      "name": "futures-task",
      "versionInfo": "0.3.34"
    },
    {
      "SPDXID": "SPDXRef-Package-byteorder-1.5.0",
      "description": "Library for reading/writing numbers in big-endian and little-endian.",
      "downloadLocation": "registry+https://github.com/rust-lang/crates.io-index",
      "externalRefs": [
        {
          "referenceCategory": "PACKAGE-MANAGER",
          "referenceLocator": "pkg:cargo/byteorder@1.5.0",
          "referenceType": "purl"
        }
      ],
      "homepage": "https://github.com/BurntSushi/byteorder",
      "licenseConcluded": "Unlicense OR MIT",
      "licenseDeclared": "Unlicense OR MIT",
      "name": "byteorder",
      "versionInfo": "1.5.0"
    },
    {
      "SPDXID": "SPDXRef-Package-filetime-0.2.29",
      "description": "Platform-agnostic accessors of timestamps in File metadata\n",
      "downloadLocation": "registry+https://github.com/rust-lang/crates.io-index",
      "externalRefs": [
        {
          "referenceCategory": "PACKAGE-MANAGER",
          "referenceLocator": "pkg:cargo/filetime@0.2.29",
          "referenceType": "purl"
        }
      ],
      "homepage": "https://github.com/alexcrichton/filetime",
      "licenseConcluded": "MIT OR Apache-2.0",
      "licenseDeclared": "MIT OR Apache-2.0",
      "name": "filetime",
      "versionInfo": "0.2.29"
    },
    {
      "SPDXID": "SPDXRef-Package-bisync-0.3.0",
      "description": "write async-generic code",
      "downloadLocation": "registry+https://github.com/rust-lang/crates.io-index",
      "externalRefs": [
        {
          "referenceCategory": "PACKAGE-MANAGER",
          "referenceLocator": "pkg:cargo/bisync@0.3.0",
          "referenceType": "purl"
        }
      ],
      "licenseConcluded": "MIT OR Apache-2.0",
      "licenseDeclared": "MIT OR Apache-2.0",
      "name": "bisync",
      "versionInfo": "0.3.0"
    },
    {
      "SPDXID": "SPDXRef-Package-gix-transport-0.58.1",
      "description": "A crate of the gitoxide project dedicated to implementing the git transport layer",
      "downloadLocation": "registry+https://github.com/rust-lang/crates.io-index",
      "externalRefs": [
        {
          "referenceCategory": "PACKAGE-MANAGER",
          "referenceLocator": "pkg:cargo/gix-transport@0.58.1",
          "referenceType": "purl"
        }
      ],
      "licenseConcluded": "MIT OR Apache-2.0",
      "licenseDeclared": "MIT OR Apache-2.0",
      "name": "gix-transport",
      "versionInfo": "0.58.1"
    },
    {
      "SPDXID": "SPDXRef-Package-windows--aarch64--gnullvm-0.52.6",
      "description": "Import lib for Windows",
      "downloadLocation": "registry+https://github.com/rust-lang/crates.io-index",
      "externalRefs": [
        {
          "referenceCategory": "PACKAGE-MANAGER",
          "referenceLocator": "pkg:cargo/windows_aarch64_gnullvm@0.52.6",
          "referenceType": "purl"
        }
      ],
      "licenseConcluded": "MIT OR Apache-2.0",
      "licenseDeclared": "MIT OR Apache-2.0",
      "name": "windows_aarch64_gnullvm",
      "versionInfo": "0.52.6"
    },
    {
      "SPDXID": "SPDXRef-Package-signal-hook-0.4.4",
      "description": "Unix signal handling",
      "downloadLocation": "registry+https://github.com/rust-lang/crates.io-index",
      "externalRefs": [
        {
          "referenceCategory": "PACKAGE-MANAGER",
          "referenceLocator": "pkg:cargo/signal-hook@0.4.4",
          "referenceType": "purl"
        }
      ],
      "licenseConcluded": "MIT OR Apache-2.0",
      "licenseDeclared": "MIT OR Apache-2.0",
      "name": "signal-hook",
      "versionInfo": "0.4.4"
    },
    {
      "SPDXID": "SPDXRef-Package-gix-config-value-0.19.1",
      "description": "A crate of the gitoxide project providing git-config value parsing",
      "downloadLocation": "registry+https://github.com/rust-lang/crates.io-index",
      "externalRefs": [
        {
          "referenceCategory": "PACKAGE-MANAGER",
          "referenceLocator": "pkg:cargo/gix-config-value@0.19.1",
          "referenceType": "purl"
        }
      ],
      "licenseConcluded": "MIT OR Apache-2.0",
      "licenseDeclared": "MIT OR Apache-2.0",
      "name": "gix-config-value",
      "versionInfo": "0.19.1"
    },
    {
      "SPDXID": "SPDXRef-Package-windows-targets-0.52.6",
      "description": "Import libs for Windows",
      "downloadLocation": "registry+https://github.com/rust-lang/crates.io-index",
      "externalRefs": [
        {
          "referenceCategory": "PACKAGE-MANAGER",
          "referenceLocator": "pkg:cargo/windows-targets@0.52.6",
          "referenceType": "purl"
        }
      ],
      "licenseConcluded": "MIT OR Apache-2.0",
      "licenseDeclared": "MIT OR Apache-2.0",
      "name": "windows-targets",
      "versionInfo": "0.52.6"
    },
    {
      "SPDXID": "SPDXRef-Package-regex-1.13.1",
      "description": "An implementation of regular expressions for Rust. This implementation uses\nfinite automata and guarantees linear time matching on all inputs.\n",
      "downloadLocation": "registry+https://github.com/rust-lang/crates.io-index",
      "externalRefs": [
        {
          "referenceCategory": "PACKAGE-MANAGER",
          "referenceLocator": "pkg:cargo/regex@1.13.1",
          "referenceType": "purl"
        }
      ],
      "homepage": "https://github.com/rust-lang/regex",
      "licenseConcluded": "MIT OR Apache-2.0",
      "licenseDeclared": "MIT OR Apache-2.0",
      "name": "regex",
      "versionInfo": "1.13.1"
    },
    {
      "SPDXID": "SPDXRef-Package-fastrand-2.5.0",
      "description": "A simple and fast random number generator",
      "downloadLocation": "registry+https://github.com/rust-lang/crates.io-index",
      "externalRefs": [
        {
          "referenceCategory": "PACKAGE-MANAGER",
          "referenceLocator": "pkg:cargo/fastrand@2.5.0",
          "referenceType": "purl"
        }
      ],
      "licenseConcluded": "Apache-2.0 OR MIT",
      "licenseDeclared": "Apache-2.0 OR MIT",
      "name": "fastrand",
      "versionInfo": "2.5.0"
    },
    {
      "SPDXID": "SPDXRef-Package-memchr-2.8.3",
      "description": "Provides extremely fast (uses SIMD on x86_64, aarch64 and wasm32) routines for\n1, 2 or 3 byte search and single substring search.\n",
      "downloadLocation": "registry+https://github.com/rust-lang/crates.io-index",
      "externalRefs": [
        {
          "referenceCategory": "PACKAGE-MANAGER",
          "referenceLocator": "pkg:cargo/memchr@2.8.3",
          "referenceType": "purl"
        }
      ],
      "homepage": "https://github.com/BurntSushi/memchr",
      "licenseConcluded": "Unlicense OR MIT",
      "licenseDeclared": "Unlicense OR MIT",
      "name": "memchr",
      "versionInfo": "2.8.3"
    },
    {
      "SPDXID": "SPDXRef-Package-windows--aarch64--msvc-0.52.6",
      "description": "Import lib for Windows",
      "downloadLocation": "registry+https://github.com/rust-lang/crates.io-index",
      "externalRefs": [
        {
          "referenceCategory": "PACKAGE-MANAGER",
          "referenceLocator": "pkg:cargo/windows_aarch64_msvc@0.52.6",
          "referenceType": "purl"
        }
      ],
      "licenseConcluded": "MIT OR Apache-2.0",
      "licenseDeclared": "MIT OR Apache-2.0",
      "name": "windows_aarch64_msvc",
      "versionInfo": "0.52.6"
    },
    {
      "SPDXID": "SPDXRef-Package-sha1-0.10.7",
      "description": "SHA-1 hash function",
      "downloadLocation": "registry+https://github.com/rust-lang/crates.io-index",
      "externalRefs": [
        {
          "referenceCategory": "PACKAGE-MANAGER",
          "referenceLocator": "pkg:cargo/sha1@0.10.7",
          "referenceType": "purl"
        }
      ],
      "licenseConcluded": "MIT OR Apache-2.0",
      "licenseDeclared": "MIT OR Apache-2.0",
      "name": "sha1",
      "versionInfo": "0.10.7"
    },
    {
      "SPDXID": "SPDXRef-Package-syn-3.0.3",
      "description": "Parser for Rust source code",
      "downloadLocation": "registry+https://github.com/rust-lang/crates.io-index",
      "externalRefs": [
        {
          "referenceCategory": "PACKAGE-MANAGER",
          "referenceLocator": "pkg:cargo/syn@3.0.3",
          "referenceType": "purl"
        }
      ],
      "licenseConcluded": "MIT OR Apache-2.0",
      "licenseDeclared": "MIT OR Apache-2.0",
      "name": "syn",
      "versionInfo": "3.0.3"
    },
    {
      "SPDXID": "SPDXRef-Package-bytesize-2.7.0",
      "description": "Semantic wrapper for byte count representations",
      "downloadLocation": "registry+https://github.com/rust-lang/crates.io-index",
      "externalRefs": [
        {
          "referenceCategory": "PACKAGE-MANAGER",
          "referenceLocator": "pkg:cargo/bytesize@2.7.0",
          "referenceType": "purl"
        }
      ],
      "licenseConcluded": "Apache-2.0",
      "licenseDeclared": "Apache-2.0",
      "name": "bytesize",
      "versionInfo": "2.7.0"
    },
    {
      "SPDXID": "SPDXRef-Package-gix-traverse-0.60.0",
      "description": "A crate of the gitoxide project",
      "downloadLocation": "registry+https://github.com/rust-lang/crates.io-index",
      "externalRefs": [
        {
          "referenceCategory": "PACKAGE-MANAGER",
          "referenceLocator": "pkg:cargo/gix-traverse@0.60.0",
          "referenceType": "purl"
        }
      ],
      "licenseConcluded": "MIT OR Apache-2.0",
      "licenseDeclared": "MIT OR Apache-2.0",
      "name": "gix-traverse",
      "versionInfo": "0.60.0"
    },
    {
      "SPDXID": "SPDXRef-Package-repin-foundation-spike-0.1.0",
      "downloadLocation": "NONE",
      "licenseConcluded": "MIT",
      "licenseDeclared": "MIT",
      "name": "repin-foundation-spike",
      "versionInfo": "0.1.0"
    },
    {
      "SPDXID": "SPDXRef-Package-walkdir-2.5.0",
      "description": "Recursively walk a directory.",
      "downloadLocation": "registry+https://github.com/rust-lang/crates.io-index",
      "externalRefs": [
        {
          "referenceCategory": "PACKAGE-MANAGER",
          "referenceLocator": "pkg:cargo/walkdir@2.5.0",
          "referenceType": "purl"
        }
      ],
      "homepage": "https://github.com/BurntSushi/walkdir",
      "licenseConcluded": "Unlicense OR MIT",
      "licenseDeclared": "Unlicense OR MIT",
      "name": "walkdir",
      "versionInfo": "2.5.0"
    },
    {
      "SPDXID": "SPDXRef-Package-io-lifetimes-2.0.4",
      "description": "A low-level I/O ownership and borrowing library",
      "downloadLocation": "registry+https://github.com/rust-lang/crates.io-index",
      "externalRefs": [
        {
          "referenceCategory": "PACKAGE-MANAGER",
          "referenceLocator": "pkg:cargo/io-lifetimes@2.0.4",
          "referenceType": "purl"
        }
      ],
      "licenseConcluded": "Apache-2.0 OR Apache-2.0 OR MIT",
      "licenseDeclared": "Apache-2.0 OR Apache-2.0 OR MIT",
      "name": "io-lifetimes",
      "versionInfo": "2.0.4"
    },
    {
      "SPDXID": "SPDXRef-Package-jiff-core-0.1.0",
      "description": "Low level datetime primitives for the Jiff library.",
      "downloadLocation": "registry+https://github.com/rust-lang/crates.io-index",
      "externalRefs": [
        {
          "referenceCategory": "PACKAGE-MANAGER",
          "referenceLocator": "pkg:cargo/jiff-core@0.1.0",
          "referenceType": "purl"
        }
      ],
      "homepage": "https://github.com/BurntSushi/jiff/tree/master/crates/jiff-core",
      "licenseConcluded": "Unlicense OR MIT",
      "licenseDeclared": "Unlicense OR MIT",
      "name": "jiff-core",
      "versionInfo": "0.1.0"
    },
    {
      "SPDXID": "SPDXRef-Package-socket2-0.6.4",
      "description": "Utilities for handling networking sockets with a maximal amount of configuration\npossible intended.\n",
      "downloadLocation": "registry+https://github.com/rust-lang/crates.io-index",
      "externalRefs": [
        {
          "referenceCategory": "PACKAGE-MANAGER",
          "referenceLocator": "pkg:cargo/socket2@0.6.4",
          "referenceType": "purl"
        }
      ],
      "homepage": "https://github.com/rust-lang/socket2",
      "licenseConcluded": "MIT OR Apache-2.0",
      "licenseDeclared": "MIT OR Apache-2.0",
      "name": "socket2",
      "versionInfo": "0.6.4"
    },
    {
      "SPDXID": "SPDXRef-Package-windows-link-0.2.1",
      "description": "Linking for Windows",
      "downloadLocation": "registry+https://github.com/rust-lang/crates.io-index",
      "externalRefs": [
        {
          "referenceCategory": "PACKAGE-MANAGER",
          "referenceLocator": "pkg:cargo/windows-link@0.2.1",
          "referenceType": "purl"
        }
      ],
      "licenseConcluded": "MIT OR Apache-2.0",
      "licenseDeclared": "MIT OR Apache-2.0",
      "name": "windows-link",
      "versionInfo": "0.2.1"
    },
    {
      "SPDXID": "SPDXRef-Package-serde--core-1.0.228",
      "description": "Serde traits only, with no support for derive -- use the `serde` crate instead",
      "downloadLocation": "registry+https://github.com/rust-lang/crates.io-index",
      "externalRefs": [
        {
          "referenceCategory": "PACKAGE-MANAGER",
          "referenceLocator": "pkg:cargo/serde_core@1.0.228",
          "referenceType": "purl"
        }
      ],
      "homepage": "https://serde.rs",
      "licenseConcluded": "MIT OR Apache-2.0",
      "licenseDeclared": "MIT OR Apache-2.0",
      "name": "serde_core",
      "versionInfo": "1.0.228"
    },
    {
      "SPDXID": "SPDXRef-Package-cpufeatures-0.3.0",
      "description": "Lightweight runtime CPU feature detection for aarch64, loongarch64, and x86/x86_64 targets,\nwith no_std support and support for mobile targets including Android and iOS\n",
      "downloadLocation": "registry+https://github.com/rust-lang/crates.io-index",
      "externalRefs": [
        {
          "referenceCategory": "PACKAGE-MANAGER",
          "referenceLocator": "pkg:cargo/cpufeatures@0.3.0",
          "referenceType": "purl"
        }
      ],
      "licenseConcluded": "MIT OR Apache-2.0",
      "licenseDeclared": "MIT OR Apache-2.0",
      "name": "cpufeatures",
      "versionInfo": "0.3.0"
    },
    {
      "SPDXID": "SPDXRef-Package-gix-url-0.37.1",
      "description": "A crate of the gitoxide project implementing parsing and serialization of gix-url",
      "downloadLocation": "registry+https://github.com/rust-lang/crates.io-index",
      "externalRefs": [
        {
          "referenceCategory": "PACKAGE-MANAGER",
          "referenceLocator": "pkg:cargo/gix-url@0.37.1",
          "referenceType": "purl"
        }
      ],
      "licenseConcluded": "MIT OR Apache-2.0",
      "licenseDeclared": "MIT OR Apache-2.0",
      "name": "gix-url",
      "versionInfo": "0.37.1"
    },
    {
      "SPDXID": "SPDXRef-Package-gix-hashtable-0.16.0",
      "description": "A crate that provides hashtable based data structures optimized to utilize ObjectId keys",
      "downloadLocation": "registry+https://github.com/rust-lang/crates.io-index",
      "externalRefs": [
        {
          "referenceCategory": "PACKAGE-MANAGER",
          "referenceLocator": "pkg:cargo/gix-hashtable@0.16.0",
          "referenceType": "purl"
        }
      ],
      "licenseConcluded": "MIT OR Apache-2.0",
      "licenseDeclared": "MIT OR Apache-2.0",
      "name": "gix-hashtable",
      "versionInfo": "0.16.0"
    },
    {
      "SPDXID": "SPDXRef-Package-windows--i686--gnu-0.53.1",
      "description": "Import lib for Windows",
      "downloadLocation": "registry+https://github.com/rust-lang/crates.io-index",
      "externalRefs": [
        {
          "referenceCategory": "PACKAGE-MANAGER",
          "referenceLocator": "pkg:cargo/windows_i686_gnu@0.53.1",
          "referenceType": "purl"
        }
      ],
      "licenseConcluded": "MIT OR Apache-2.0",
      "licenseDeclared": "MIT OR Apache-2.0",
      "name": "windows_i686_gnu",
      "versionInfo": "0.53.1"
    },
    {
      "SPDXID": "SPDXRef-Package-gix-imara-diff-0.2.4",
      "description": "A high performance library for computing diffs, maintained as a modified copy of upstream imara-diff for gitoxide.",
      "downloadLocation": "registry+https://github.com/rust-lang/crates.io-index",
      "externalRefs": [
        {
          "referenceCategory": "PACKAGE-MANAGER",
          "referenceLocator": "pkg:cargo/gix-imara-diff@0.2.4",
          "referenceType": "purl"
        }
      ],
      "licenseConcluded": "Apache-2.0",
      "licenseDeclared": "Apache-2.0",
      "name": "gix-imara-diff",
      "versionInfo": "0.2.4"
    },
    {
      "SPDXID": "SPDXRef-Package-sha2-0.10.9",
      "description": "Pure Rust implementation of the SHA-2 hash function family\nincluding SHA-224, SHA-256, SHA-384, and SHA-512.\n",
      "downloadLocation": "registry+https://github.com/rust-lang/crates.io-index",
      "externalRefs": [
        {
          "referenceCategory": "PACKAGE-MANAGER",
          "referenceLocator": "pkg:cargo/sha2@0.10.9",
          "referenceType": "purl"
        }
      ],
      "licenseConcluded": "MIT OR Apache-2.0",
      "licenseDeclared": "MIT OR Apache-2.0",
      "name": "sha2",
      "versionInfo": "0.10.9"
    },
    {
      "SPDXID": "SPDXRef-Package-infer-0.19.0",
      "description": "Small crate to infer file type based on magic number signatures",
      "downloadLocation": "registry+https://github.com/rust-lang/crates.io-index",
      "externalRefs": [
        {
          "referenceCategory": "PACKAGE-MANAGER",
          "referenceLocator": "pkg:cargo/infer@0.19.0",
          "referenceType": "purl"
        }
      ],
      "homepage": "https://github.com/bojand/infer",
      "licenseConcluded": "MIT",
      "licenseDeclared": "MIT",
      "name": "infer",
      "versionInfo": "0.19.0"
    },
    {
      "SPDXID": "SPDXRef-Package-gix-quote-0.7.2",
      "description": "A crate of the gitoxide project dealing with various quotations used by git",
      "downloadLocation": "registry+https://github.com/rust-lang/crates.io-index",
      "externalRefs": [
        {
          "referenceCategory": "PACKAGE-MANAGER",
          "referenceLocator": "pkg:cargo/gix-quote@0.7.2",
          "referenceType": "purl"
        }
      ],
      "licenseConcluded": "MIT OR Apache-2.0",
      "licenseDeclared": "MIT OR Apache-2.0",
      "name": "gix-quote",
      "versionInfo": "0.7.2"
    },
    {
      "SPDXID": "SPDXRef-Package-winapi-0.3.9",
      "description": "Raw FFI bindings for all of Windows API.",
      "downloadLocation": "registry+https://github.com/rust-lang/crates.io-index",
      "externalRefs": [
        {
          "referenceCategory": "PACKAGE-MANAGER",
          "referenceLocator": "pkg:cargo/winapi@0.3.9",
          "referenceType": "purl"
        }
      ],
      "licenseConcluded": "MIT OR Apache-2.0",
      "licenseDeclared": "MIT OR Apache-2.0",
      "name": "winapi",
      "versionInfo": "0.3.9"
    },
    {
      "SPDXID": "SPDXRef-Package-gix-features-0.49.0",
      "description": "A crate to integrate various capabilities using compile-time feature flags",
      "downloadLocation": "registry+https://github.com/rust-lang/crates.io-index",
      "externalRefs": [
        {
          "referenceCategory": "PACKAGE-MANAGER",
          "referenceLocator": "pkg:cargo/gix-features@0.49.0",
          "referenceType": "purl"
        }
      ],
      "licenseConcluded": "MIT OR Apache-2.0",
      "licenseDeclared": "MIT OR Apache-2.0",
      "name": "gix-features",
      "versionInfo": "0.49.0"
    },
    {
      "SPDXID": "SPDXRef-Package-prodash-31.0.0",
      "description": "A dashboard for visualizing progress of asynchronous and possibly blocking tasks",
      "downloadLocation": "registry+https://github.com/rust-lang/crates.io-index",
      "externalRefs": [
        {
          "referenceCategory": "PACKAGE-MANAGER",
          "referenceLocator": "pkg:cargo/prodash@31.0.0",
          "referenceType": "purl"
        }
      ],
      "licenseConcluded": "MIT",
      "licenseDeclared": "MIT",
      "name": "prodash",
      "versionInfo": "31.0.0"
    },
    {
      "SPDXID": "SPDXRef-Package-crc32fast-1.5.0",
      "description": "Fast, SIMD-accelerated CRC32 (IEEE) checksum computation",
      "downloadLocation": "registry+https://github.com/rust-lang/crates.io-index",
      "externalRefs": [
        {
          "referenceCategory": "PACKAGE-MANAGER",
          "referenceLocator": "pkg:cargo/crc32fast@1.5.0",
          "referenceType": "purl"
        }
      ],
      "licenseConcluded": "MIT OR Apache-2.0",
      "licenseDeclared": "MIT OR Apache-2.0",
      "name": "crc32fast",
      "versionInfo": "1.5.0"
    },
    {
      "SPDXID": "SPDXRef-Package-gix-date-0.15.6",
      "description": "A crate of the gitoxide project parsing dates the way git does",
      "downloadLocation": "registry+https://github.com/rust-lang/crates.io-index",
      "externalRefs": [
        {
          "referenceCategory": "PACKAGE-MANAGER",
          "referenceLocator": "pkg:cargo/gix-date@0.15.6",
          "referenceType": "purl"
        }
      ],
      "licenseConcluded": "MIT OR Apache-2.0",
      "licenseDeclared": "MIT OR Apache-2.0",
      "name": "gix-date",
      "versionInfo": "0.15.6"
    },
    {
      "SPDXID": "SPDXRef-Package-gix-blame-0.16.0",
      "description": "A crate of the gitoxide project dedicated to implementing a 'blame' algorithm",
      "downloadLocation": "registry+https://github.com/rust-lang/crates.io-index",
      "externalRefs": [
        {
          "referenceCategory": "PACKAGE-MANAGER",
          "referenceLocator": "pkg:cargo/gix-blame@0.16.0",
          "referenceType": "purl"
        }
      ],
      "licenseConcluded": "MIT OR Apache-2.0",
      "licenseDeclared": "MIT OR Apache-2.0",
      "name": "gix-blame",
      "versionInfo": "0.16.0"
    },
    {
      "SPDXID": "SPDXRef-Package-slab-0.4.12",
      "description": "Pre-allocated storage for a uniform data type",
      "downloadLocation": "registry+https://github.com/rust-lang/crates.io-index",
      "externalRefs": [
        {
          "referenceCategory": "PACKAGE-MANAGER",
          "referenceLocator": "pkg:cargo/slab@0.4.12",
          "referenceType": "purl"
        }
      ],
      "licenseConcluded": "MIT",
      "licenseDeclared": "MIT",
      "name": "slab",
      "versionInfo": "0.4.12"
    },
    {
      "SPDXID": "SPDXRef-Package-linux-raw-sys-0.12.1",
      "description": "Generated bindings for Linux's userspace API",
      "downloadLocation": "registry+https://github.com/rust-lang/crates.io-index",
      "externalRefs": [
        {
          "referenceCategory": "PACKAGE-MANAGER",
          "referenceLocator": "pkg:cargo/linux-raw-sys@0.12.1",
          "referenceType": "purl"
        }
      ],
      "licenseConcluded": "Apache-2.0 OR Apache-2.0 OR MIT",
      "licenseDeclared": "Apache-2.0 OR Apache-2.0 OR MIT",
      "name": "linux-raw-sys",
      "versionInfo": "0.12.1"
    },
    {
      "SPDXID": "SPDXRef-Package-gix-attributes-0.34.0",
      "description": "A crate of the gitoxide project dealing .gitattributes files",
      "downloadLocation": "registry+https://github.com/rust-lang/crates.io-index",
      "externalRefs": [
        {
          "referenceCategory": "PACKAGE-MANAGER",
          "referenceLocator": "pkg:cargo/gix-attributes@0.34.0",
          "referenceType": "purl"
        }
      ],
      "licenseConcluded": "MIT OR Apache-2.0",
      "licenseDeclared": "MIT OR Apache-2.0",
      "name": "gix-attributes",
      "versionInfo": "0.34.0"
    },
    {
      "SPDXID": "SPDXRef-Package-encoding--rs-0.8.35",
      "description": "A Gecko-oriented implementation of the Encoding Standard",
      "downloadLocation": "registry+https://github.com/rust-lang/crates.io-index",
      "externalRefs": [
        {
          "referenceCategory": "PACKAGE-MANAGER",
          "referenceLocator": "pkg:cargo/encoding_rs@0.8.35",
          "referenceType": "purl"
        }
      ],
      "homepage": "https://docs.rs/encoding_rs/",
      "licenseConcluded": "(Apache-2.0 OR MIT) AND BSD-3-Clause",
      "licenseDeclared": "(Apache-2.0 OR MIT) AND BSD-3-Clause",
      "name": "encoding_rs",
      "versionInfo": "0.8.35"
    },
    {
      "SPDXID": "SPDXRef-Package-gix-tempfile-24.0.0",
      "description": "A tempfile implementation with a global registry to assure cleanup",
      "downloadLocation": "registry+https://github.com/rust-lang/crates.io-index",
      "externalRefs": [
        {
          "referenceCategory": "PACKAGE-MANAGER",
          "referenceLocator": "pkg:cargo/gix-tempfile@24.0.0",
          "referenceType": "purl"
        }
      ],
      "licenseConcluded": "MIT OR Apache-2.0",
      "licenseDeclared": "MIT OR Apache-2.0",
      "name": "gix-tempfile",
      "versionInfo": "24.0.0"
    },
    {
      "SPDXID": "SPDXRef-Package-gix-pathspec-0.19.0",
      "description": "A crate of the gitoxide project dealing magical pathspecs",
      "downloadLocation": "registry+https://github.com/rust-lang/crates.io-index",
      "externalRefs": [
        {
          "referenceCategory": "PACKAGE-MANAGER",
          "referenceLocator": "pkg:cargo/gix-pathspec@0.19.0",
          "referenceType": "purl"
        }
      ],
      "licenseConcluded": "MIT OR Apache-2.0",
      "licenseDeclared": "MIT OR Apache-2.0",
      "name": "gix-pathspec",
      "versionInfo": "0.19.0"
    },
    {
      "SPDXID": "SPDXRef-Package-wasi-0.11.1-plus-wasi-snapshot-preview1",
      "description": "Experimental WASI API bindings for Rust",
      "downloadLocation": "registry+https://github.com/rust-lang/crates.io-index",
      "externalRefs": [
        {
          "referenceCategory": "PACKAGE-MANAGER",
          "referenceLocator": "pkg:cargo/wasi@0.11.1%2Bwasi-snapshot-preview1",
          "referenceType": "purl"
        }
      ],
      "licenseConcluded": "Apache-2.0 OR Apache-2.0 OR MIT",
      "licenseDeclared": "Apache-2.0 OR Apache-2.0 OR MIT",
      "name": "wasi",
      "versionInfo": "0.11.1+wasi-snapshot-preview1"
    },
    {
      "SPDXID": "SPDXRef-Package-block-buffer-0.10.4",
      "description": "Buffer type for block processing of data",
      "downloadLocation": "registry+https://github.com/rust-lang/crates.io-index",
      "externalRefs": [
        {
          "referenceCategory": "PACKAGE-MANAGER",
          "referenceLocator": "pkg:cargo/block-buffer@0.10.4",
          "referenceType": "purl"
        }
      ],
      "licenseConcluded": "MIT OR Apache-2.0",
      "licenseDeclared": "MIT OR Apache-2.0",
      "name": "block-buffer",
      "versionInfo": "0.10.4"
    },
    {
      "SPDXID": "SPDXRef-Package-arrayvec-0.7.8",
      "description": "A vector with fixed capacity, backed by an array (it can be stored on the stack too). Implements fixed capacity ArrayVec and ArrayString.",
      "downloadLocation": "registry+https://github.com/rust-lang/crates.io-index",
      "externalRefs": [
        {
          "referenceCategory": "PACKAGE-MANAGER",
          "referenceLocator": "pkg:cargo/arrayvec@0.7.8",
          "referenceType": "purl"
        }
      ],
      "licenseConcluded": "MIT OR Apache-2.0",
      "licenseDeclared": "MIT OR Apache-2.0",
      "name": "arrayvec",
      "versionInfo": "0.7.8"
    },
    {
      "SPDXID": "SPDXRef-Package-winapi-x86--64-pc-windows-gnu-0.4.0",
      "description": "Import libraries for the x86_64-pc-windows-gnu target. Please don't use this crate directly, depend on winapi instead.",
      "downloadLocation": "registry+https://github.com/rust-lang/crates.io-index",
      "externalRefs": [
        {
          "referenceCategory": "PACKAGE-MANAGER",
          "referenceLocator": "pkg:cargo/winapi-x86_64-pc-windows-gnu@0.4.0",
          "referenceType": "purl"
        }
      ],
      "licenseConcluded": "MIT OR Apache-2.0",
      "licenseDeclared": "MIT OR Apache-2.0",
      "name": "winapi-x86_64-pc-windows-gnu",
      "versionInfo": "0.4.0"
    },
    {
      "SPDXID": "SPDXRef-Package-gix-ignore-0.22.0",
      "description": "A crate of the gitoxide project dealing .gitignore files",
      "downloadLocation": "registry+https://github.com/rust-lang/crates.io-index",
      "externalRefs": [
        {
          "referenceCategory": "PACKAGE-MANAGER",
          "referenceLocator": "pkg:cargo/gix-ignore@0.22.0",
          "referenceType": "purl"
        }
      ],
      "licenseConcluded": "MIT OR Apache-2.0",
      "licenseDeclared": "MIT OR Apache-2.0",
      "name": "gix-ignore",
      "versionInfo": "0.22.0"
    },
    {
      "SPDXID": "SPDXRef-Package-regex-automata-0.4.16",
      "description": "Automata construction and matching using regular expressions.",
      "downloadLocation": "registry+https://github.com/rust-lang/crates.io-index",
      "externalRefs": [
        {
          "referenceCategory": "PACKAGE-MANAGER",
          "referenceLocator": "pkg:cargo/regex-automata@0.4.16",
          "referenceType": "purl"
        }
      ],
      "homepage": "https://github.com/rust-lang/regex/tree/master/regex-automata",
      "licenseConcluded": "MIT OR Apache-2.0",
      "licenseDeclared": "MIT OR Apache-2.0",
      "name": "regex-automata",
      "versionInfo": "0.4.16"
    },
    {
      "SPDXID": "SPDXRef-Package-gix-shallow-0.13.0",
      "description": "Handle files specifying the shallow boundary",
      "downloadLocation": "registry+https://github.com/rust-lang/crates.io-index",
      "externalRefs": [
        {
          "referenceCategory": "PACKAGE-MANAGER",
          "referenceLocator": "pkg:cargo/gix-shallow@0.13.0",
          "referenceType": "purl"
        }
      ],
      "licenseConcluded": "MIT OR Apache-2.0",
      "licenseDeclared": "MIT OR Apache-2.0",
      "name": "gix-shallow",
      "versionInfo": "0.13.0"
    },
    {
      "SPDXID": "SPDXRef-Package-windows--x86--64--msvc-0.52.6",
      "description": "Import lib for Windows",
      "downloadLocation": "registry+https://github.com/rust-lang/crates.io-index",
      "externalRefs": [
        {
          "referenceCategory": "PACKAGE-MANAGER",
          "referenceLocator": "pkg:cargo/windows_x86_64_msvc@0.52.6",
          "referenceType": "purl"
        }
      ],
      "licenseConcluded": "MIT OR Apache-2.0",
      "licenseDeclared": "MIT OR Apache-2.0",
      "name": "windows_x86_64_msvc",
      "versionInfo": "0.52.6"
    },
    {
      "SPDXID": "SPDXRef-Package-parking--lot-0.12.5",
      "description": "More compact and efficient implementations of the standard synchronization primitives.",
      "downloadLocation": "registry+https://github.com/rust-lang/crates.io-index",
      "externalRefs": [
        {
          "referenceCategory": "PACKAGE-MANAGER",
          "referenceLocator": "pkg:cargo/parking_lot@0.12.5",
          "referenceType": "purl"
        }
      ],
      "licenseConcluded": "MIT OR Apache-2.0",
      "licenseDeclared": "MIT OR Apache-2.0",
      "name": "parking_lot",
      "versionInfo": "0.12.5"
    },
    {
      "SPDXID": "SPDXRef-Package-percent-encoding-2.3.2",
      "description": "Percent encoding and decoding",
      "downloadLocation": "registry+https://github.com/rust-lang/crates.io-index",
      "externalRefs": [
        {
          "referenceCategory": "PACKAGE-MANAGER",
          "referenceLocator": "pkg:cargo/percent-encoding@2.3.2",
          "referenceType": "purl"
        }
      ],
      "licenseConcluded": "MIT OR Apache-2.0",
      "licenseDeclared": "MIT OR Apache-2.0",
      "name": "percent-encoding",
      "versionInfo": "2.3.2"
    },
    {
      "SPDXID": "SPDXRef-Package-lock--api-0.4.14",
      "description": "Wrappers to create fully-featured Mutex and RwLock types. Compatible with no_std.",
      "downloadLocation": "registry+https://github.com/rust-lang/crates.io-index",
      "externalRefs": [
        {
          "referenceCategory": "PACKAGE-MANAGER",
          "referenceLocator": "pkg:cargo/lock_api@0.4.14",
          "referenceType": "purl"
        }
      ],
      "licenseConcluded": "MIT OR Apache-2.0",
      "licenseDeclared": "MIT OR Apache-2.0",
      "name": "lock_api",
      "versionInfo": "0.4.14"
    },
    {
      "SPDXID": "SPDXRef-Package-parking--lot--core-0.9.12",
      "description": "An advanced API for creating custom synchronization primitives.",
      "downloadLocation": "registry+https://github.com/rust-lang/crates.io-index",
      "externalRefs": [
        {
          "referenceCategory": "PACKAGE-MANAGER",
          "referenceLocator": "pkg:cargo/parking_lot_core@0.9.12",
          "referenceType": "purl"
        }
      ],
      "licenseConcluded": "MIT OR Apache-2.0",
      "licenseDeclared": "MIT OR Apache-2.0",
      "name": "parking_lot_core",
      "versionInfo": "0.9.12"
    },
    {
      "SPDXID": "SPDXRef-Package-cpufeatures-0.2.17",
      "description": "Lightweight runtime CPU feature detection for aarch64, loongarch64, and x86/x86_64 targets, \nwith no_std support and support for mobile targets including Android and iOS\n",
      "downloadLocation": "registry+https://github.com/rust-lang/crates.io-index",
      "externalRefs": [
        {
          "referenceCategory": "PACKAGE-MANAGER",
          "referenceLocator": "pkg:cargo/cpufeatures@0.2.17",
          "referenceType": "purl"
        }
      ],
      "licenseConcluded": "MIT OR Apache-2.0",
      "licenseDeclared": "MIT OR Apache-2.0",
      "name": "cpufeatures",
      "versionInfo": "0.2.17"
    },
    {
      "SPDXID": "SPDXRef-Package-gix-dir-0.28.0",
      "description": "A crate of the gitoxide project dealing with directory walks",
      "downloadLocation": "registry+https://github.com/rust-lang/crates.io-index",
      "externalRefs": [
        {
          "referenceCategory": "PACKAGE-MANAGER",
          "referenceLocator": "pkg:cargo/gix-dir@0.28.0",
          "referenceType": "purl"
        }
      ],
      "licenseConcluded": "MIT OR Apache-2.0",
      "licenseDeclared": "MIT OR Apache-2.0",
      "name": "gix-dir",
      "versionInfo": "0.28.0"
    },
    {
      "SPDXID": "SPDXRef-Package-ipnet-2.12.1",
      "description": "Provides types and useful methods for working with IPv4 and IPv6 network addresses, commonly called IP prefixes. The new `IpNet`, `Ipv4Net`, and `Ipv6Net` types build on the existing `IpAddr`, `Ipv4Addr`, and `Ipv6Addr` types already provided in Rust's standard library and align to their design to stay consistent. The module also provides useful traits that extend `Ipv4Addr` and `Ipv6Addr` with methods for `Add`, `Sub`, `BitAnd`, and `BitOr` operations. The module only uses stable feature so it is guaranteed to compile using the stable toolchain.",
      "downloadLocation": "registry+https://github.com/rust-lang/crates.io-index",
      "externalRefs": [
        {
          "referenceCategory": "PACKAGE-MANAGER",
          "referenceLocator": "pkg:cargo/ipnet@2.12.1",
          "referenceType": "purl"
        }
      ],
      "licenseConcluded": "MIT OR Apache-2.0",
      "licenseDeclared": "MIT OR Apache-2.0",
      "name": "ipnet",
      "versionInfo": "2.12.1"
    },
    {
      "SPDXID": "SPDXRef-Package-gix-config-0.59.0",
      "description": "A git-config file parser and editor from the gitoxide project",
      "downloadLocation": "registry+https://github.com/rust-lang/crates.io-index",
      "externalRefs": [
        {
          "referenceCategory": "PACKAGE-MANAGER",
          "referenceLocator": "pkg:cargo/gix-config@0.59.0",
          "referenceType": "purl"
        }
      ],
      "licenseConcluded": "MIT OR Apache-2.0",
      "licenseDeclared": "MIT OR Apache-2.0",
      "name": "gix-config",
      "versionInfo": "0.59.0"
    },
    {
      "SPDXID": "SPDXRef-Package-tokio-1.53.1",
      "description": "An event-driven, non-blocking I/O platform for writing asynchronous I/O\nbacked applications.\n",
      "downloadLocation": "registry+https://github.com/rust-lang/crates.io-index",
      "externalRefs": [
        {
          "referenceCategory": "PACKAGE-MANAGER",
          "referenceLocator": "pkg:cargo/tokio@1.53.1",
          "referenceType": "purl"
        }
      ],
      "homepage": "https://tokio.rs",
      "licenseConcluded": "MIT",
      "licenseDeclared": "MIT",
      "name": "tokio",
      "versionInfo": "1.53.1"
    },
    {
      "SPDXID": "SPDXRef-Package-windows--aarch64--msvc-0.53.1",
      "description": "Import lib for Windows",
      "downloadLocation": "registry+https://github.com/rust-lang/crates.io-index",
      "externalRefs": [
        {
          "referenceCategory": "PACKAGE-MANAGER",
          "referenceLocator": "pkg:cargo/windows_aarch64_msvc@0.53.1",
          "referenceType": "purl"
        }
      ],
      "licenseConcluded": "MIT OR Apache-2.0",
      "licenseDeclared": "MIT OR Apache-2.0",
      "name": "windows_aarch64_msvc",
      "versionInfo": "0.53.1"
    },
    {
      "SPDXID": "SPDXRef-Package-gix-commitgraph-0.38.0",
      "description": "Read-only access to the git commitgraph file format",
      "downloadLocation": "registry+https://github.com/rust-lang/crates.io-index",
      "externalRefs": [
        {
          "referenceCategory": "PACKAGE-MANAGER",
          "referenceLocator": "pkg:cargo/gix-commitgraph@0.38.0",
          "referenceType": "purl"
        }
      ],
      "licenseConcluded": "MIT OR Apache-2.0",
      "licenseDeclared": "MIT OR Apache-2.0",
      "name": "gix-commitgraph",
      "versionInfo": "0.38.0"
    },
    {
      "SPDXID": "SPDXRef-Package-globset-0.4.19",
      "description": "Cross platform single glob and glob set matching. Glob set matching is the\nprocess of matching one or more glob patterns against a single candidate path\nsimultaneously, and returning all of the globs that matched.\n",
      "downloadLocation": "registry+https://github.com/rust-lang/crates.io-index",
      "externalRefs": [
        {
          "referenceCategory": "PACKAGE-MANAGER",
          "referenceLocator": "pkg:cargo/globset@0.4.19",
          "referenceType": "purl"
        }
      ],
      "homepage": "https://github.com/BurntSushi/ripgrep/tree/master/crates/globset",
      "licenseConcluded": "Unlicense OR MIT",
      "licenseDeclared": "Unlicense OR MIT",
      "name": "globset",
      "versionInfo": "0.4.19"
    },
    {
      "SPDXID": "SPDXRef-Package-dunce-1.0.5",
      "description": "Normalize Windows paths to the most compatible format, avoiding UNC where possible",
      "downloadLocation": "registry+https://github.com/rust-lang/crates.io-index",
      "externalRefs": [
        {
          "referenceCategory": "PACKAGE-MANAGER",
          "referenceLocator": "pkg:cargo/dunce@1.0.5",
          "referenceType": "purl"
        }
      ],
      "homepage": "https://lib.rs/crates/dunce",
      "licenseConcluded": "CC0-1.0 OR MIT-0 OR Apache-2.0",
      "licenseDeclared": "CC0-1.0 OR MIT-0 OR Apache-2.0",
      "name": "dunce",
      "versionInfo": "1.0.5"
    },
    {
      "SPDXID": "SPDXRef-Package-bumpalo-3.20.3",
      "description": "A fast bump allocation arena for Rust.",
      "downloadLocation": "registry+https://github.com/rust-lang/crates.io-index",
      "externalRefs": [
        {
          "referenceCategory": "PACKAGE-MANAGER",
          "referenceLocator": "pkg:cargo/bumpalo@3.20.3",
          "referenceType": "purl"
        }
      ],
      "licenseConcluded": "MIT OR Apache-2.0",
      "licenseDeclared": "MIT OR Apache-2.0",
      "name": "bumpalo",
      "versionInfo": "3.20.3"
    },
    {
      "SPDXID": "SPDXRef-Package-gix-0.86.0",
      "description": "Interact with git repositories just like git would",
      "downloadLocation": "registry+https://github.com/rust-lang/crates.io-index",
      "externalRefs": [
        {
          "referenceCategory": "PACKAGE-MANAGER",
          "referenceLocator": "pkg:cargo/gix@0.86.0",
          "referenceType": "purl"
        }
      ],
      "licenseConcluded": "MIT OR Apache-2.0",
      "licenseDeclared": "MIT OR Apache-2.0",
      "name": "gix",
      "versionInfo": "0.86.0"
    },
    {
      "SPDXID": "SPDXRef-Package-signal-hook-registry-1.4.8",
      "description": "Backend crate for signal-hook",
      "downloadLocation": "registry+https://github.com/rust-lang/crates.io-index",
      "externalRefs": [
        {
          "referenceCategory": "PACKAGE-MANAGER",
          "referenceLocator": "pkg:cargo/signal-hook-registry@1.4.8",
          "referenceType": "purl"
        }
      ],
      "licenseConcluded": "MIT OR Apache-2.0",
      "licenseDeclared": "MIT OR Apache-2.0",
      "name": "signal-hook-registry",
      "versionInfo": "1.4.8"
    },
    {
      "SPDXID": "SPDXRef-Package-shell-words-1.1.1",
      "description": "Process command line according to parsing rules of UNIX shell",
      "downloadLocation": "registry+https://github.com/rust-lang/crates.io-index",
      "externalRefs": [
        {
          "referenceCategory": "PACKAGE-MANAGER",
          "referenceLocator": "pkg:cargo/shell-words@1.1.1",
          "referenceType": "purl"
        }
      ],
      "licenseConcluded": "MIT OR Apache-2.0",
      "licenseDeclared": "MIT OR Apache-2.0",
      "name": "shell-words",
      "versionInfo": "1.1.1"
    },
    {
      "SPDXID": "SPDXRef-Package-windows-sys-0.59.0",
      "description": "Rust for Windows",
      "downloadLocation": "registry+https://github.com/rust-lang/crates.io-index",
      "externalRefs": [
        {
          "referenceCategory": "PACKAGE-MANAGER",
          "referenceLocator": "pkg:cargo/windows-sys@0.59.0",
          "referenceType": "purl"
        }
      ],
      "licenseConcluded": "MIT OR Apache-2.0",
      "licenseDeclared": "MIT OR Apache-2.0",
      "name": "windows-sys",
      "versionInfo": "0.59.0"
    },
    {
      "SPDXID": "SPDXRef-Package-wasm-bindgen-macro-support-0.2.120",
      "description": "Implementation APIs for the `#[wasm_bindgen]` attribute",
      "downloadLocation": "registry+https://github.com/rust-lang/crates.io-index",
      "externalRefs": [
        {
          "referenceCategory": "PACKAGE-MANAGER",
          "referenceLocator": "pkg:cargo/wasm-bindgen-macro-support@0.2.120",
          "referenceType": "purl"
        }
      ],
      "homepage": "https://wasm-bindgen.github.io/wasm-bindgen/",
      "licenseConcluded": "MIT OR Apache-2.0",
      "licenseDeclared": "MIT OR Apache-2.0",
      "name": "wasm-bindgen-macro-support",
      "versionInfo": "0.2.120"
    },
    {
      "SPDXID": "SPDXRef-Package-gix-pack-0.73.0",
      "description": "Implements git packs and related data structures",
      "downloadLocation": "registry+https://github.com/rust-lang/crates.io-index",
      "externalRefs": [
        {
          "referenceCategory": "PACKAGE-MANAGER",
          "referenceLocator": "pkg:cargo/gix-pack@0.73.0",
          "referenceType": "purl"
        }
      ],
      "licenseConcluded": "MIT OR Apache-2.0",
      "licenseDeclared": "MIT OR Apache-2.0",
      "name": "gix-pack",
      "versionInfo": "0.73.0"
    },
    {
      "SPDXID": "SPDXRef-Package-winapi-i686-pc-windows-gnu-0.4.0",
      "description": "Import libraries for the i686-pc-windows-gnu target. Please don't use this crate directly, depend on winapi instead.",
      "downloadLocation": "registry+https://github.com/rust-lang/crates.io-index",
      "externalRefs": [
        {
          "referenceCategory": "PACKAGE-MANAGER",
          "referenceLocator": "pkg:cargo/winapi-i686-pc-windows-gnu@0.4.0",
          "referenceType": "purl"
        }
      ],
      "licenseConcluded": "MIT OR Apache-2.0",
      "licenseDeclared": "MIT OR Apache-2.0",
      "name": "winapi-i686-pc-windows-gnu",
      "versionInfo": "0.4.0"
    },
    {
      "SPDXID": "SPDXRef-Package-rustix-linux-procfs-0.1.1",
      "description": "Utilities for opening Linux procfs files and directories",
      "downloadLocation": "registry+https://github.com/rust-lang/crates.io-index",
      "externalRefs": [
        {
          "referenceCategory": "PACKAGE-MANAGER",
          "referenceLocator": "pkg:cargo/rustix-linux-procfs@0.1.1",
          "referenceType": "purl"
        }
      ],
      "licenseConcluded": "Apache-2.0 OR Apache-2.0 OR MIT",
      "licenseDeclared": "Apache-2.0 OR Apache-2.0 OR MIT",
      "name": "rustix-linux-procfs",
      "versionInfo": "0.1.1"
    },
    {
      "SPDXID": "SPDXRef-Package-once--cell-1.21.4",
      "description": "Single assignment cells and lazy values.",
      "downloadLocation": "registry+https://github.com/rust-lang/crates.io-index",
      "externalRefs": [
        {
          "referenceCategory": "PACKAGE-MANAGER",
          "referenceLocator": "pkg:cargo/once_cell@1.21.4",
          "referenceType": "purl"
        }
      ],
      "licenseConcluded": "MIT OR Apache-2.0",
      "licenseDeclared": "MIT OR Apache-2.0",
      "name": "once_cell",
      "versionInfo": "1.21.4"
    },
    {
      "SPDXID": "SPDXRef-Package-redox--syscall-0.5.18",
      "description": "A Rust library to access raw Redox system calls",
      "downloadLocation": "registry+https://github.com/rust-lang/crates.io-index",
      "externalRefs": [
        {
          "referenceCategory": "PACKAGE-MANAGER",
          "referenceLocator": "pkg:cargo/redox_syscall@0.5.18",
          "referenceType": "purl"
        }
      ],
      "licenseConcluded": "MIT",
      "licenseDeclared": "MIT",
      "name": "redox_syscall",
      "versionInfo": "0.5.18"
    },
    {
      "SPDXID": "SPDXRef-Package-wasm-bindgen-shared-0.2.120",
      "description": "Shared support between wasm-bindgen and wasm-bindgen cli, an internal\ndependency.\n",
      "downloadLocation": "registry+https://github.com/rust-lang/crates.io-index",
      "externalRefs": [
        {
          "referenceCategory": "PACKAGE-MANAGER",
          "referenceLocator": "pkg:cargo/wasm-bindgen-shared@0.2.120",
          "referenceType": "purl"
        }
      ],
      "homepage": "https://wasm-bindgen.github.io/wasm-bindgen/",
      "licenseConcluded": "MIT OR Apache-2.0",
      "licenseDeclared": "MIT OR Apache-2.0",
      "name": "wasm-bindgen-shared",
      "versionInfo": "0.2.120"
    },
    {
      "SPDXID": "SPDXRef-Package-ambient-authority-0.0.2",
      "description": "Ambient Authority",
      "downloadLocation": "registry+https://github.com/rust-lang/crates.io-index",
      "externalRefs": [
        {
          "referenceCategory": "PACKAGE-MANAGER",
          "referenceLocator": "pkg:cargo/ambient-authority@0.0.2",
          "referenceType": "purl"
        }
      ],
      "licenseConcluded": "Apache-2.0 OR Apache-2.0 OR MIT",
      "licenseDeclared": "Apache-2.0 OR Apache-2.0 OR MIT",
      "name": "ambient-authority",
      "versionInfo": "0.0.2"
    },
    {
      "SPDXID": "SPDXRef-Package-gix-diff-0.66.0",
      "description": "Calculate differences between various git objects",
      "downloadLocation": "registry+https://github.com/rust-lang/crates.io-index",
      "externalRefs": [
        {
          "referenceCategory": "PACKAGE-MANAGER",
          "referenceLocator": "pkg:cargo/gix-diff@0.66.0",
          "referenceType": "purl"
        }
      ],
      "licenseConcluded": "MIT OR Apache-2.0",
      "licenseDeclared": "MIT OR Apache-2.0",
      "name": "gix-diff",
      "versionInfo": "0.66.0"
    },
    {
      "SPDXID": "SPDXRef-Package-gix-command-0.9.2",
      "description": "A crate of the gitoxide project handling internal git command execution",
      "downloadLocation": "registry+https://github.com/rust-lang/crates.io-index",
      "externalRefs": [
        {
          "referenceCategory": "PACKAGE-MANAGER",
          "referenceLocator": "pkg:cargo/gix-command@0.9.2",
          "referenceType": "purl"
        }
      ],
      "licenseConcluded": "MIT OR Apache-2.0",
      "licenseDeclared": "MIT OR Apache-2.0",
      "name": "gix-command",
      "versionInfo": "0.9.2"
    },
    {
      "SPDXID": "SPDXRef-Package-gix-credentials-0.39.1",
      "description": "A crate of the gitoxide project to interact with git credentials helpers",
      "downloadLocation": "registry+https://github.com/rust-lang/crates.io-index",
      "externalRefs": [
        {
          "referenceCategory": "PACKAGE-MANAGER",
          "referenceLocator": "pkg:cargo/gix-credentials@0.39.1",
          "referenceType": "purl"
        }
      ],
      "licenseConcluded": "MIT OR Apache-2.0",
      "licenseDeclared": "MIT OR Apache-2.0",
      "name": "gix-credentials",
      "versionInfo": "0.39.1"
    },
    {
      "SPDXID": "SPDXRef-Package-gix-submodule-0.33.0",
      "description": "A crate of the gitoxide project dealing git submodules",
      "downloadLocation": "registry+https://github.com/rust-lang/crates.io-index",
      "externalRefs": [
        {
          "referenceCategory": "PACKAGE-MANAGER",
          "referenceLocator": "pkg:cargo/gix-submodule@0.33.0",
          "referenceType": "purl"
        }
      ],
      "licenseConcluded": "MIT OR Apache-2.0",
      "licenseDeclared": "MIT OR Apache-2.0",
      "name": "gix-submodule",
      "versionInfo": "0.33.0"
    },
    {
      "SPDXID": "SPDXRef-Package-same-file-1.0.6",
      "description": "A simple crate for determining whether two file paths point to the same file.\n",
      "downloadLocation": "registry+https://github.com/rust-lang/crates.io-index",
      "externalRefs": [
        {
          "referenceCategory": "PACKAGE-MANAGER",
          "referenceLocator": "pkg:cargo/same-file@1.0.6",
          "referenceType": "purl"
        }
      ],
      "homepage": "https://github.com/BurntSushi/same-file",
      "licenseConcluded": "Unlicense OR MIT",
      "licenseDeclared": "Unlicense OR MIT",
      "name": "same-file",
      "versionInfo": "1.0.6"
    },
    {
      "SPDXID": "SPDXRef-Package-hash32-0.3.1",
      "description": "32-bit hashing algorithms",
      "downloadLocation": "registry+https://github.com/rust-lang/crates.io-index",
      "externalRefs": [
        {
          "referenceCategory": "PACKAGE-MANAGER",
          "referenceLocator": "pkg:cargo/hash32@0.3.1",
          "referenceType": "purl"
        }
      ],
      "licenseConcluded": "MIT OR Apache-2.0",
      "licenseDeclared": "MIT OR Apache-2.0",
      "name": "hash32",
      "versionInfo": "0.3.1"
    },
    {
      "SPDXID": "SPDXRef-Package-gix-actor-0.41.2",
      "description": "A way to identify git actors",
      "downloadLocation": "registry+https://github.com/rust-lang/crates.io-index",
      "externalRefs": [
        {
          "referenceCategory": "PACKAGE-MANAGER",
          "referenceLocator": "pkg:cargo/gix-actor@0.41.2",
          "referenceType": "purl"
        }
      ],
      "licenseConcluded": "MIT OR Apache-2.0",
      "licenseDeclared": "MIT OR Apache-2.0",
      "name": "gix-actor",
      "versionInfo": "0.41.2"
    },
    {
      "SPDXID": "SPDXRef-Package-windows--x86--64--gnu-0.53.1",
      "description": "Import lib for Windows",
      "downloadLocation": "registry+https://github.com/rust-lang/crates.io-index",
      "externalRefs": [
        {
          "referenceCategory": "PACKAGE-MANAGER",
          "referenceLocator": "pkg:cargo/windows_x86_64_gnu@0.53.1",
          "referenceType": "purl"
        }
      ],
      "licenseConcluded": "MIT OR Apache-2.0",
      "licenseDeclared": "MIT OR Apache-2.0",
      "name": "windows_x86_64_gnu",
      "versionInfo": "0.53.1"
    },
    {
      "SPDXID": "SPDXRef-Package-windows--i686--gnu-0.52.6",
      "description": "Import lib for Windows",
      "downloadLocation": "registry+https://github.com/rust-lang/crates.io-index",
      "externalRefs": [
        {
          "referenceCategory": "PACKAGE-MANAGER",
          "referenceLocator": "pkg:cargo/windows_i686_gnu@0.52.6",
          "referenceType": "purl"
        }
      ],
      "licenseConcluded": "MIT OR Apache-2.0",
      "licenseDeclared": "MIT OR Apache-2.0",
      "name": "windows_i686_gnu",
      "versionInfo": "0.52.6"
    },
    {
      "SPDXID": "SPDXRef-Package-digest-0.10.7",
      "description": "Traits for cryptographic hash functions and message authentication codes",
      "downloadLocation": "registry+https://github.com/rust-lang/crates.io-index",
      "externalRefs": [
        {
          "referenceCategory": "PACKAGE-MANAGER",
          "referenceLocator": "pkg:cargo/digest@0.10.7",
          "referenceType": "purl"
        }
      ],
      "licenseConcluded": "MIT OR Apache-2.0",
      "licenseDeclared": "MIT OR Apache-2.0",
      "name": "digest",
      "versionInfo": "0.10.7"
    },
    {
      "SPDXID": "SPDXRef-Package-gix-revision-0.48.0",
      "description": "A crate of the gitoxide project dealing with finding names for revisions and parsing specifications",
      "downloadLocation": "registry+https://github.com/rust-lang/crates.io-index",
      "externalRefs": [
        {
          "referenceCategory": "PACKAGE-MANAGER",
          "referenceLocator": "pkg:cargo/gix-revision@0.48.0",
          "referenceType": "purl"
        }
      ],
      "licenseConcluded": "MIT OR Apache-2.0",
      "licenseDeclared": "MIT OR Apache-2.0",
      "name": "gix-revision",
      "versionInfo": "0.48.0"
    },
    {
      "SPDXID": "SPDXRef-Package-gix-validate-0.11.3",
      "description": "Validation functions for various kinds of names in git",
      "downloadLocation": "registry+https://github.com/rust-lang/crates.io-index",
      "externalRefs": [
        {
          "referenceCategory": "PACKAGE-MANAGER",
          "referenceLocator": "pkg:cargo/gix-validate@0.11.3",
          "referenceType": "purl"
        }
      ],
      "licenseConcluded": "MIT OR Apache-2.0",
      "licenseDeclared": "MIT OR Apache-2.0",
      "name": "gix-validate",
      "versionInfo": "0.11.3"
    },
    {
      "SPDXID": "SPDXRef-Package-thiserror-impl-2.0.20",
      "description": "Implementation detail of the `thiserror` crate",
      "downloadLocation": "registry+https://github.com/rust-lang/crates.io-index",
      "externalRefs": [
        {
          "referenceCategory": "PACKAGE-MANAGER",
          "referenceLocator": "pkg:cargo/thiserror-impl@2.0.20",
          "referenceType": "purl"
        }
      ],
      "licenseConcluded": "MIT OR Apache-2.0",
      "licenseDeclared": "MIT OR Apache-2.0",
      "name": "thiserror-impl",
      "versionInfo": "2.0.20"
    },
    {
      "SPDXID": "SPDXRef-Package-gix-sec-0.14.2",
      "description": "A crate of the gitoxide project providing a shared trust model",
      "downloadLocation": "registry+https://github.com/rust-lang/crates.io-index",
      "externalRefs": [
        {
          "referenceCategory": "PACKAGE-MANAGER",
          "referenceLocator": "pkg:cargo/gix-sec@0.14.2",
          "referenceType": "purl"
        }
      ],
      "licenseConcluded": "MIT OR Apache-2.0",
      "licenseDeclared": "MIT OR Apache-2.0",
      "name": "gix-sec",
      "versionInfo": "0.14.2"
    },
    {
      "SPDXID": "SPDXRef-Package-gix-worktree-state-0.33.0",
      "description": "A crate of the gitoxide project implementing setting the worktree to a particular state",
      "downloadLocation": "registry+https://github.com/rust-lang/crates.io-index",
      "externalRefs": [
        {
          "referenceCategory": "PACKAGE-MANAGER",
          "referenceLocator": "pkg:cargo/gix-worktree-state@0.33.0",
          "referenceType": "purl"
        }
      ],
      "licenseConcluded": "MIT OR Apache-2.0",
      "licenseDeclared": "MIT OR Apache-2.0",
      "name": "gix-worktree-state",
      "versionInfo": "0.33.0"
    },
    {
      "SPDXID": "SPDXRef-Package-allocator-api2-0.2.21",
      "description": "Mirror of Rust's allocator API",
      "downloadLocation": "registry+https://github.com/rust-lang/crates.io-index",
      "externalRefs": [
        {
          "referenceCategory": "PACKAGE-MANAGER",
          "referenceLocator": "pkg:cargo/allocator-api2@0.2.21",
          "referenceType": "purl"
        }
      ],
      "homepage": "https://github.com/zakarumych/allocator-api2",
      "licenseConcluded": "MIT OR Apache-2.0",
      "licenseDeclared": "MIT OR Apache-2.0",
      "name": "allocator-api2",
      "versionInfo": "0.2.21"
    },
    {
      "SPDXID": "SPDXRef-Package-gix-hash-0.26.0",
      "description": "Borrowed and owned git hash digests used to identify git objects",
      "downloadLocation": "registry+https://github.com/rust-lang/crates.io-index",
      "externalRefs": [
        {
          "referenceCategory": "PACKAGE-MANAGER",
          "referenceLocator": "pkg:cargo/gix-hash@0.26.0",
          "referenceType": "purl"
        }
      ],
      "licenseConcluded": "MIT OR Apache-2.0",
      "licenseDeclared": "MIT OR Apache-2.0",
      "name": "gix-hash",
      "versionInfo": "0.26.0"
    },
    {
      "SPDXID": "SPDXRef-Package-js-sys-0.3.97",
      "description": "Bindings for all JS global objects and functions in all JS environments like\nNode.js and browsers, built on `#[wasm_bindgen]` using the `wasm-bindgen` crate.\n",
      "downloadLocation": "registry+https://github.com/rust-lang/crates.io-index",
      "externalRefs": [
        {
          "referenceCategory": "PACKAGE-MANAGER",
          "referenceLocator": "pkg:cargo/js-sys@0.3.97",
          "referenceType": "purl"
        }
      ],
      "homepage": "https://wasm-bindgen.github.io/wasm-bindgen/",
      "licenseConcluded": "MIT OR Apache-2.0",
      "licenseDeclared": "MIT OR Apache-2.0",
      "name": "js-sys",
      "versionInfo": "0.3.97"
    },
    {
      "SPDXID": "SPDXRef-Package-windows--x86--64--gnu-0.52.6",
      "description": "Import lib for Windows",
      "downloadLocation": "registry+https://github.com/rust-lang/crates.io-index",
      "externalRefs": [
        {
          "referenceCategory": "PACKAGE-MANAGER",
          "referenceLocator": "pkg:cargo/windows_x86_64_gnu@0.52.6",
          "referenceType": "purl"
        }
      ],
      "licenseConcluded": "MIT OR Apache-2.0",
      "licenseDeclared": "MIT OR Apache-2.0",
      "name": "windows_x86_64_gnu",
      "versionInfo": "0.52.6"
    },
    {
      "SPDXID": "SPDXRef-Package-tree-sitter-javascript-0.25.0",
      "description": "JavaScript grammar for tree-sitter",
      "downloadLocation": "registry+https://github.com/rust-lang/crates.io-index",
      "externalRefs": [
        {
          "referenceCategory": "PACKAGE-MANAGER",
          "referenceLocator": "pkg:cargo/tree-sitter-javascript@0.25.0",
          "referenceType": "purl"
        }
      ],
      "licenseConcluded": "MIT",
      "licenseDeclared": "MIT",
      "name": "tree-sitter-javascript",
      "versionInfo": "0.25.0"
    },
    {
      "SPDXID": "SPDXRef-Package-winapi-util-0.1.11",
      "description": "A dumping ground for high level safe wrappers over windows-sys.",
      "downloadLocation": "registry+https://github.com/rust-lang/crates.io-index",
      "externalRefs": [
        {
          "referenceCategory": "PACKAGE-MANAGER",
          "referenceLocator": "pkg:cargo/winapi-util@0.1.11",
          "referenceType": "purl"
        }
      ],
      "homepage": "https://github.com/BurntSushi/winapi-util",
      "licenseConcluded": "Unlicense OR MIT",
      "licenseDeclared": "Unlicense OR MIT",
      "name": "winapi-util",
      "versionInfo": "0.1.11"
    },
    {
      "SPDXID": "SPDXRef-Package-gix-utils-0.3.5",
      "description": "A crate with `gitoxide` utilities that don't need feature toggles",
      "downloadLocation": "registry+https://github.com/rust-lang/crates.io-index",
      "externalRefs": [
        {
          "referenceCategory": "PACKAGE-MANAGER",
          "referenceLocator": "pkg:cargo/gix-utils@0.3.5",
          "referenceType": "purl"
        }
      ],
      "licenseConcluded": "MIT OR Apache-2.0",
      "licenseDeclared": "MIT OR Apache-2.0",
      "name": "gix-utils",
      "versionInfo": "0.3.5"
    },
    {
      "SPDXID": "SPDXRef-Package-cap-primitives-4.0.2",
      "description": "Capability-based primitives",
      "downloadLocation": "registry+https://github.com/rust-lang/crates.io-index",
      "externalRefs": [
        {
          "referenceCategory": "PACKAGE-MANAGER",
          "referenceLocator": "pkg:cargo/cap-primitives@4.0.2",
          "referenceType": "purl"
        }
      ],
      "licenseConcluded": "Apache-2.0 OR Apache-2.0 OR MIT",
      "licenseDeclared": "Apache-2.0 OR Apache-2.0 OR MIT",
      "name": "cap-primitives",
      "versionInfo": "4.0.2"
    },
    {
      "SPDXID": "SPDXRef-Package-regex-syntax-0.8.11",
      "description": "A regular expression parser.",
      "downloadLocation": "registry+https://github.com/rust-lang/crates.io-index",
      "externalRefs": [
        {
          "referenceCategory": "PACKAGE-MANAGER",
          "referenceLocator": "pkg:cargo/regex-syntax@0.8.11",
          "referenceType": "purl"
        }
      ],
      "homepage": "https://github.com/rust-lang/regex/tree/master/regex-syntax",
      "licenseConcluded": "MIT OR Apache-2.0",
      "licenseDeclared": "MIT OR Apache-2.0",
      "name": "regex-syntax",
      "versionInfo": "0.8.11"
    },
    {
      "SPDXID": "SPDXRef-Package-faster-hex-0.10.0",
      "description": "Fast hex encoding.",
      "downloadLocation": "registry+https://github.com/rust-lang/crates.io-index",
      "externalRefs": [
        {
          "referenceCategory": "PACKAGE-MANAGER",
          "referenceLocator": "pkg:cargo/faster-hex@0.10.0",
          "referenceType": "purl"
        }
      ],
      "homepage": "https://github.com/NervosFoundation/faster-hex",
      "licenseConcluded": "MIT",
      "licenseDeclared": "MIT",
      "name": "faster-hex",
      "versionInfo": "0.10.0"
    },
    {
      "SPDXID": "SPDXRef-Package-uluru-3.1.0",
      "description": "A simple, fast, LRU cache implementation",
      "downloadLocation": "registry+https://github.com/rust-lang/crates.io-index",
      "externalRefs": [
        {
          "referenceCategory": "PACKAGE-MANAGER",
          "referenceLocator": "pkg:cargo/uluru@3.1.0",
          "referenceType": "purl"
        }
      ],
      "licenseConcluded": "MPL-2.0",
      "licenseDeclared": "MPL-2.0",
      "name": "uluru",
      "versionInfo": "3.1.0"
    },
    {
      "SPDXID": "SPDXRef-Package-itoa-1.0.18",
      "description": "Fast integer primitive to string conversion",
      "downloadLocation": "registry+https://github.com/rust-lang/crates.io-index",
      "externalRefs": [
        {
          "referenceCategory": "PACKAGE-MANAGER",
          "referenceLocator": "pkg:cargo/itoa@1.0.18",
          "referenceType": "purl"
        }
      ],
      "licenseConcluded": "MIT OR Apache-2.0",
      "licenseDeclared": "MIT OR Apache-2.0",
      "name": "itoa",
      "versionInfo": "1.0.18"
    },
    {
      "SPDXID": "SPDXRef-Package-gix-worktree-0.55.0",
      "description": "A crate of the gitoxide project for shared worktree related types and utilities.",
      "downloadLocation": "registry+https://github.com/rust-lang/crates.io-index",
      "externalRefs": [
        {
          "referenceCategory": "PACKAGE-MANAGER",
          "referenceLocator": "pkg:cargo/gix-worktree@0.55.0",
          "referenceType": "purl"
        }
      ],
      "licenseConcluded": "MIT OR Apache-2.0",
      "licenseDeclared": "MIT OR Apache-2.0",
      "name": "gix-worktree",
      "versionInfo": "0.55.0"
    },
    {
      "SPDXID": "SPDXRef-Package-maybe-owned-0.3.4",
      "description": "provides a `MaybeOwned` (and `MaybeOwnedMut`) type similar to std's `Cow` but it implements `From<T>` and `From<&'a T>` and does not require `ToOwned`",
      "downloadLocation": "registry+https://github.com/rust-lang/crates.io-index",
      "externalRefs": [
        {
          "referenceCategory": "PACKAGE-MANAGER",
          "referenceLocator": "pkg:cargo/maybe-owned@0.3.4",
          "referenceType": "purl"
        }
      ],
      "licenseConcluded": "MIT OR Apache-2.0",
      "licenseDeclared": "MIT OR Apache-2.0",
      "name": "maybe-owned",
      "versionInfo": "0.3.4"
    },
    {
      "SPDXID": "SPDXRef-Package-fs-set-times-0.20.3",
      "description": "Set filesystem timestamps",
      "downloadLocation": "registry+https://github.com/rust-lang/crates.io-index",
      "externalRefs": [
        {
          "referenceCategory": "PACKAGE-MANAGER",
          "referenceLocator": "pkg:cargo/fs-set-times@0.20.3",
          "referenceType": "purl"
        }
      ],
      "licenseConcluded": "Apache-2.0 OR Apache-2.0 OR MIT",
      "licenseDeclared": "Apache-2.0 OR Apache-2.0 OR MIT",
      "name": "fs-set-times",
      "versionInfo": "0.20.3"
    },
    {
      "SPDXID": "SPDXRef-Package-thiserror-2.0.20",
      "description": "derive(Error)",
      "downloadLocation": "registry+https://github.com/rust-lang/crates.io-index",
      "externalRefs": [
        {
          "referenceCategory": "PACKAGE-MANAGER",
          "referenceLocator": "pkg:cargo/thiserror@2.0.20",
          "referenceType": "purl"
        }
      ],
      "licenseConcluded": "MIT OR Apache-2.0",
      "licenseDeclared": "MIT OR Apache-2.0",
      "name": "thiserror",
      "versionInfo": "2.0.20"
    },
    {
      "SPDXID": "SPDXRef-Package-gix-discover-0.54.0",
      "description": "Discover git repositories and check if a directory is a git repository",
      "downloadLocation": "registry+https://github.com/rust-lang/crates.io-index",
      "externalRefs": [
        {
          "referenceCategory": "PACKAGE-MANAGER",
          "referenceLocator": "pkg:cargo/gix-discover@0.54.0",
          "referenceType": "purl"
        }
      ],
      "licenseConcluded": "MIT OR Apache-2.0",
      "licenseDeclared": "MIT OR Apache-2.0",
      "name": "gix-discover",
      "versionInfo": "0.54.0"
    },
    {
      "SPDXID": "SPDXRef-Package-windows--x86--64--gnullvm-0.52.6",
      "description": "Import lib for Windows",
      "downloadLocation": "registry+https://github.com/rust-lang/crates.io-index",
      "externalRefs": [
        {
          "referenceCategory": "PACKAGE-MANAGER",
          "referenceLocator": "pkg:cargo/windows_x86_64_gnullvm@0.52.6",
          "referenceType": "purl"
        }
      ],
      "licenseConcluded": "MIT OR Apache-2.0",
      "licenseDeclared": "MIT OR Apache-2.0",
      "name": "windows_x86_64_gnullvm",
      "versionInfo": "0.52.6"
    },
    {
      "SPDXID": "SPDXRef-Package-windows--i686--msvc-0.53.1",
      "description": "Import lib for Windows",
      "downloadLocation": "registry+https://github.com/rust-lang/crates.io-index",
      "externalRefs": [
        {
          "referenceCategory": "PACKAGE-MANAGER",
          "referenceLocator": "pkg:cargo/windows_i686_msvc@0.53.1",
          "referenceType": "purl"
        }
      ],
      "licenseConcluded": "MIT OR Apache-2.0",
      "licenseDeclared": "MIT OR Apache-2.0",
      "name": "windows_i686_msvc",
      "versionInfo": "0.53.1"
    },
    {
      "SPDXID": "SPDXRef-Package-pin-project-lite-0.2.17",
      "description": "A lightweight version of pin-project written with declarative macros.\n",
      "downloadLocation": "registry+https://github.com/rust-lang/crates.io-index",
      "externalRefs": [
        {
          "referenceCategory": "PACKAGE-MANAGER",
          "referenceLocator": "pkg:cargo/pin-project-lite@0.2.17",
          "referenceType": "purl"
        }
      ],
      "licenseConcluded": "Apache-2.0 OR MIT",
      "licenseDeclared": "Apache-2.0 OR MIT",
      "name": "pin-project-lite",
      "versionInfo": "0.2.17"
    },
    {
      "SPDXID": "SPDXRef-Package-tree-sitter-typescript-0.23.2",
      "description": "TypeScript and TSX grammars for tree-sitter",
      "downloadLocation": "registry+https://github.com/rust-lang/crates.io-index",
      "externalRefs": [
        {
          "referenceCategory": "PACKAGE-MANAGER",
          "referenceLocator": "pkg:cargo/tree-sitter-typescript@0.23.2",
          "referenceType": "purl"
        }
      ],
      "licenseConcluded": "MIT",
      "licenseDeclared": "MIT",
      "name": "tree-sitter-typescript",
      "versionInfo": "0.23.2"
    },
    {
      "SPDXID": "SPDXRef-Package-r-efi-6.0.0",
      "description": "UEFI Reference Specification Protocol Constants and Definitions",
      "downloadLocation": "registry+https://github.com/rust-lang/crates.io-index",
      "externalRefs": [
        {
          "referenceCategory": "PACKAGE-MANAGER",
          "referenceLocator": "pkg:cargo/r-efi@6.0.0",
          "referenceType": "purl"
        }
      ],
      "homepage": "https://github.com/r-efi/r-efi/wiki",
      "licenseConcluded": "MIT OR Apache-2.0 OR LGPL-2.1-or-later",
      "licenseDeclared": "MIT OR Apache-2.0 OR LGPL-2.1-or-later",
      "name": "r-efi",
      "versionInfo": "6.0.0"
    },
    {
      "SPDXID": "SPDXRef-Package-crossbeam-epoch-0.9.20",
      "description": "Epoch-based garbage collection",
      "downloadLocation": "registry+https://github.com/rust-lang/crates.io-index",
      "externalRefs": [
        {
          "referenceCategory": "PACKAGE-MANAGER",
          "referenceLocator": "pkg:cargo/crossbeam-epoch@0.9.20",
          "referenceType": "purl"
        }
      ],
      "homepage": "https://github.com/crossbeam-rs/crossbeam/tree/master/crossbeam-epoch",
      "licenseConcluded": "MIT OR Apache-2.0",
      "licenseDeclared": "MIT OR Apache-2.0",
      "name": "crossbeam-epoch",
      "versionInfo": "0.9.20"
    },
    {
      "SPDXID": "SPDXRef-Package-hashbrown-0.14.5",
      "description": "A Rust port of Google's SwissTable hash map",
      "downloadLocation": "registry+https://github.com/rust-lang/crates.io-index",
      "externalRefs": [
        {
          "referenceCategory": "PACKAGE-MANAGER",
          "referenceLocator": "pkg:cargo/hashbrown@0.14.5",
          "referenceType": "purl"
        }
      ],
      "licenseConcluded": "MIT OR Apache-2.0",
      "licenseDeclared": "MIT OR Apache-2.0",
      "name": "hashbrown",
      "versionInfo": "0.14.5"
    },
    {
      "SPDXID": "SPDXRef-Package-uuid-1.24.1",
      "description": "A library to generate and parse UUIDs.",
      "downloadLocation": "registry+https://github.com/rust-lang/crates.io-index",
      "externalRefs": [
        {
          "referenceCategory": "PACKAGE-MANAGER",
          "referenceLocator": "pkg:cargo/uuid@1.24.1",
          "referenceType": "purl"
        }
      ],
      "homepage": "https://github.com/uuid-rs/uuid",
      "licenseConcluded": "Apache-2.0 OR MIT",
      "licenseDeclared": "Apache-2.0 OR MIT",
      "name": "uuid",
      "versionInfo": "1.24.1"
    },
    {
      "SPDXID": "SPDXRef-Package-cap-std-4.0.2",
      "description": "Capability-based version of the Rust standard library",
      "downloadLocation": "registry+https://github.com/rust-lang/crates.io-index",
      "externalRefs": [
        {
          "referenceCategory": "PACKAGE-MANAGER",
          "referenceLocator": "pkg:cargo/cap-std@4.0.2",
          "referenceType": "purl"
        }
      ],
      "licenseConcluded": "Apache-2.0 OR Apache-2.0 OR MIT",
      "licenseDeclared": "Apache-2.0 OR Apache-2.0 OR MIT",
      "name": "cap-std",
      "versionInfo": "4.0.2"
    },
    {
      "SPDXID": "SPDXRef-Package-gix-worktree-stream-0.35.0",
      "description": "generate a byte-stream from a git-tree",
      "downloadLocation": "registry+https://github.com/rust-lang/crates.io-index",
      "externalRefs": [
        {
          "referenceCategory": "PACKAGE-MANAGER",
          "referenceLocator": "pkg:cargo/gix-worktree-stream@0.35.0",
          "referenceType": "purl"
        }
      ],
      "licenseConcluded": "MIT OR Apache-2.0",
      "licenseDeclared": "MIT OR Apache-2.0",
      "name": "gix-worktree-stream",
      "versionInfo": "0.35.0"
    },
    {
      "SPDXID": "SPDXRef-Package-unicode-bom-2.0.3",
      "description": "Unicode byte-order mark detection for files and byte arrays.",
      "downloadLocation": "registry+https://github.com/rust-lang/crates.io-index",
      "externalRefs": [
        {
          "referenceCategory": "PACKAGE-MANAGER",
          "referenceLocator": "pkg:cargo/unicode-bom@2.0.3",
          "referenceType": "purl"
        }
      ],
      "licenseConcluded": "Apache-2.0",
      "licenseDeclared": "Apache-2.0",
      "name": "unicode-bom",
      "versionInfo": "2.0.3"
    },
    {
      "SPDXID": "SPDXRef-Package-streaming-iterator-0.1.9",
      "description": "Streaming iterators",
      "downloadLocation": "registry+https://github.com/rust-lang/crates.io-index",
      "externalRefs": [
        {
          "referenceCategory": "PACKAGE-MANAGER",
          "referenceLocator": "pkg:cargo/streaming-iterator@0.1.9",
          "referenceType": "purl"
        }
      ],
      "licenseConcluded": "MIT OR Apache-2.0",
      "licenseDeclared": "MIT OR Apache-2.0",
      "name": "streaming-iterator",
      "versionInfo": "0.1.9"
    },
    {
      "SPDXID": "SPDXRef-Package-io-extras-0.19.0",
      "description": "File/socket handle/descriptor utilities",
      "downloadLocation": "registry+https://github.com/rust-lang/crates.io-index",
      "externalRefs": [
        {
          "referenceCategory": "PACKAGE-MANAGER",
          "referenceLocator": "pkg:cargo/io-extras@0.19.0",
          "referenceType": "purl"
        }
      ],
      "licenseConcluded": "Apache-2.0 OR Apache-2.0 OR MIT",
      "licenseDeclared": "Apache-2.0 OR Apache-2.0 OR MIT",
      "name": "io-extras",
      "versionInfo": "0.19.0"
    },
    {
      "SPDXID": "SPDXRef-Package-windows--i686--gnullvm-0.53.1",
      "description": "Import lib for Windows",
      "downloadLocation": "registry+https://github.com/rust-lang/crates.io-index",
      "externalRefs": [
        {
          "referenceCategory": "PACKAGE-MANAGER",
          "referenceLocator": "pkg:cargo/windows_i686_gnullvm@0.53.1",
          "referenceType": "purl"
        }
      ],
      "licenseConcluded": "MIT OR Apache-2.0",
      "licenseDeclared": "MIT OR Apache-2.0",
      "name": "windows_i686_gnullvm",
      "versionInfo": "0.53.1"
    },
    {
      "SPDXID": "SPDXRef-Package-nonempty-0.12.0",
      "description": "Correct by construction non-empty vector",
      "downloadLocation": "registry+https://github.com/rust-lang/crates.io-index",
      "externalRefs": [
        {
          "referenceCategory": "PACKAGE-MANAGER",
          "referenceLocator": "pkg:cargo/nonempty@0.12.0",
          "referenceType": "purl"
        }
      ],
      "licenseConcluded": "MIT",
      "licenseDeclared": "MIT",
      "name": "nonempty",
      "versionInfo": "0.12.0"
    },
    {
      "SPDXID": "SPDXRef-Package-aho-corasick-1.1.5",
      "description": "Fast multiple substring searching.",
      "downloadLocation": "registry+https://github.com/rust-lang/crates.io-index",
      "externalRefs": [
        {
          "referenceCategory": "PACKAGE-MANAGER",
          "referenceLocator": "pkg:cargo/aho-corasick@1.1.5",
          "referenceType": "purl"
        }
      ],
      "homepage": "https://github.com/BurntSushi/aho-corasick",
      "licenseConcluded": "Unlicense OR MIT",
      "licenseDeclared": "Unlicense OR MIT",
      "name": "aho-corasick",
      "versionInfo": "1.1.5"
    },
    {
      "SPDXID": "SPDXRef-Package-gix-path-0.12.4",
      "description": "A crate of the gitoxide project dealing paths and their conversions",
      "downloadLocation": "registry+https://github.com/rust-lang/crates.io-index",
      "externalRefs": [
        {
          "referenceCategory": "PACKAGE-MANAGER",
          "referenceLocator": "pkg:cargo/gix-path@0.12.4",
          "referenceType": "purl"
        }
      ],
      "licenseConcluded": "MIT OR Apache-2.0",
      "licenseDeclared": "MIT OR Apache-2.0",
      "name": "gix-path",
      "versionInfo": "0.12.4"
    },
    {
      "SPDXID": "SPDXRef-Package-gix-trace-0.1.21",
      "description": "A crate to provide minimal `tracing` support that can be turned off to zero cost",
      "downloadLocation": "registry+https://github.com/rust-lang/crates.io-index",
      "externalRefs": [
        {
          "referenceCategory": "PACKAGE-MANAGER",
          "referenceLocator": "pkg:cargo/gix-trace@0.1.21",
          "referenceType": "purl"
        }
      ],
      "licenseConcluded": "MIT OR Apache-2.0",
      "licenseDeclared": "MIT OR Apache-2.0",
      "name": "gix-trace",
      "versionInfo": "0.1.21"
    },
    {
      "SPDXID": "SPDXRef-Package-windows--i686--msvc-0.52.6",
      "description": "Import lib for Windows",
      "downloadLocation": "registry+https://github.com/rust-lang/crates.io-index",
      "externalRefs": [
        {
          "referenceCategory": "PACKAGE-MANAGER",
          "referenceLocator": "pkg:cargo/windows_i686_msvc@0.52.6",
          "referenceType": "purl"
        }
      ],
      "licenseConcluded": "MIT OR Apache-2.0",
      "licenseDeclared": "MIT OR Apache-2.0",
      "name": "windows_i686_msvc",
      "versionInfo": "0.52.6"
    },
    {
      "SPDXID": "SPDXRef-Package-gix-protocol-0.64.0",
      "description": "A crate of the gitoxide project for implementing git protocols",
      "downloadLocation": "registry+https://github.com/rust-lang/crates.io-index",
      "externalRefs": [
        {
          "referenceCategory": "PACKAGE-MANAGER",
          "referenceLocator": "pkg:cargo/gix-protocol@0.64.0",
          "referenceType": "purl"
        }
      ],
      "licenseConcluded": "MIT OR Apache-2.0",
      "licenseDeclared": "MIT OR Apache-2.0",
      "name": "gix-protocol",
      "versionInfo": "0.64.0"
    },
    {
      "SPDXID": "SPDXRef-Package-windows--i686--gnullvm-0.52.6",
      "description": "Import lib for Windows",
      "downloadLocation": "registry+https://github.com/rust-lang/crates.io-index",
      "externalRefs": [
        {
          "referenceCategory": "PACKAGE-MANAGER",
          "referenceLocator": "pkg:cargo/windows_i686_gnullvm@0.52.6",
          "referenceType": "purl"
        }
      ],
      "licenseConcluded": "MIT OR Apache-2.0",
      "licenseDeclared": "MIT OR Apache-2.0",
      "name": "windows_i686_gnullvm",
      "versionInfo": "0.52.6"
    },
    {
      "SPDXID": "SPDXRef-Package-windows-sys-0.61.2",
      "description": "Rust for Windows",
      "downloadLocation": "registry+https://github.com/rust-lang/crates.io-index",
      "externalRefs": [
        {
          "referenceCategory": "PACKAGE-MANAGER",
          "referenceLocator": "pkg:cargo/windows-sys@0.61.2",
          "referenceType": "purl"
        }
      ],
      "licenseConcluded": "MIT OR Apache-2.0",
      "licenseDeclared": "MIT OR Apache-2.0",
      "name": "windows-sys",
      "versionInfo": "0.61.2"
    },
    {
      "SPDXID": "SPDXRef-Package-ignore-0.4.31",
      "description": "A fast library for efficiently matching ignore files such as `.gitignore`\nagainst file paths.\n",
      "downloadLocation": "registry+https://github.com/rust-lang/crates.io-index",
      "externalRefs": [
        {
          "referenceCategory": "PACKAGE-MANAGER",
          "referenceLocator": "pkg:cargo/ignore@0.4.31",
          "referenceType": "purl"
        }
      ],
      "homepage": "https://github.com/BurntSushi/ripgrep/tree/master/crates/ignore",
      "licenseConcluded": "Unlicense OR MIT",
      "licenseDeclared": "Unlicense OR MIT",
      "name": "ignore",
      "versionInfo": "0.4.31"
    },
    {
      "SPDXID": "SPDXRef-Package-unicode-ident-1.0.24",
      "description": "Determine whether characters have the XID_Start or XID_Continue properties according to Unicode Standard Annex #31",
      "downloadLocation": "registry+https://github.com/rust-lang/crates.io-index",
      "externalRefs": [
        {
          "referenceCategory": "PACKAGE-MANAGER",
          "referenceLocator": "pkg:cargo/unicode-ident@1.0.24",
          "referenceType": "purl"
        }
      ],
      "licenseConcluded": "(MIT OR Apache-2.0) AND Unicode-3.0",
      "licenseDeclared": "(MIT OR Apache-2.0) AND Unicode-3.0",
      "name": "unicode-ident",
      "versionInfo": "1.0.24"
    },
    {
      "SPDXID": "SPDXRef-Package-errno-0.3.14",
      "description": "Cross-platform interface to the `errno` variable.",
      "downloadLocation": "registry+https://github.com/rust-lang/crates.io-index",
      "externalRefs": [
        {
          "referenceCategory": "PACKAGE-MANAGER",
          "referenceLocator": "pkg:cargo/errno@0.3.14",
          "referenceType": "purl"
        }
      ],
      "licenseConcluded": "MIT OR Apache-2.0",
      "licenseDeclared": "MIT OR Apache-2.0",
      "name": "errno",
      "versionInfo": "0.3.14"
    },
    {
      "SPDXID": "SPDXRef-Package-gix-lock-24.0.0",
      "description": "A git-style lock-file implementation",
      "downloadLocation": "registry+https://github.com/rust-lang/crates.io-index",
      "externalRefs": [
        {
          "referenceCategory": "PACKAGE-MANAGER",
          "referenceLocator": "pkg:cargo/gix-lock@24.0.0",
          "referenceType": "purl"
        }
      ],
      "licenseConcluded": "MIT OR Apache-2.0",
      "licenseDeclared": "MIT OR Apache-2.0",
      "name": "gix-lock",
      "versionInfo": "24.0.0"
    },
    {
      "SPDXID": "SPDXRef-Package-serde-1.0.228",
      "description": "A generic serialization/deserialization framework",
      "downloadLocation": "registry+https://github.com/rust-lang/crates.io-index",
      "externalRefs": [
        {
          "referenceCategory": "PACKAGE-MANAGER",
          "referenceLocator": "pkg:cargo/serde@1.0.228",
          "referenceType": "purl"
        }
      ],
      "homepage": "https://serde.rs",
      "licenseConcluded": "MIT OR Apache-2.0",
      "licenseDeclared": "MIT OR Apache-2.0",
      "name": "serde",
      "versionInfo": "1.0.228"
    },
    {
      "SPDXID": "SPDXRef-Package-jiff-tzdb-0.1.8",
      "description": "The entire Time Zone Database embedded into your binary.",
      "downloadLocation": "registry+https://github.com/rust-lang/crates.io-index",
      "externalRefs": [
        {
          "referenceCategory": "PACKAGE-MANAGER",
          "referenceLocator": "pkg:cargo/jiff-tzdb@0.1.8",
          "referenceType": "purl"
        }
      ],
      "homepage": "https://github.com/BurntSushi/jiff/tree/master/crates/jiff-tzdb",
      "licenseConcluded": "Unlicense OR MIT",
      "licenseDeclared": "Unlicense OR MIT",
      "name": "jiff-tzdb",
      "versionInfo": "0.1.8"
    },
    {
      "SPDXID": "SPDXRef-Package-gix-filter-0.33.0",
      "description": "A crate of the gitoxide project implementing git filters",
      "downloadLocation": "registry+https://github.com/rust-lang/crates.io-index",
      "externalRefs": [
        {
          "referenceCategory": "PACKAGE-MANAGER",
          "referenceLocator": "pkg:cargo/gix-filter@0.33.0",
          "referenceType": "purl"
        }
      ],
      "licenseConcluded": "MIT OR Apache-2.0",
      "licenseDeclared": "MIT OR Apache-2.0",
      "name": "gix-filter",
      "versionInfo": "0.33.0"
    },
    {
      "SPDXID": "SPDXRef-Package-gix-error-0.2.5",
      "description": "A crate of the gitoxide project to provide common errors and error-handling utilities",
      "downloadLocation": "registry+https://github.com/rust-lang/crates.io-index",
      "externalRefs": [
        {
          "referenceCategory": "PACKAGE-MANAGER",
          "referenceLocator": "pkg:cargo/gix-error@0.2.5",
          "referenceType": "purl"
        }
      ],
      "licenseConcluded": "MIT OR Apache-2.0",
      "licenseDeclared": "MIT OR Apache-2.0",
      "name": "gix-error",
      "versionInfo": "0.2.5"
    },
    {
      "SPDXID": "SPDXRef-Package-portable-atomic-util-0.2.4",
      "description": "Synchronization primitives built with portable-atomic.\n",
      "downloadLocation": "registry+https://github.com/rust-lang/crates.io-index",
      "externalRefs": [
        {
          "referenceCategory": "PACKAGE-MANAGER",
          "referenceLocator": "pkg:cargo/portable-atomic-util@0.2.4",
          "referenceType": "purl"
        }
      ],
      "licenseConcluded": "Apache-2.0 OR MIT",
      "licenseDeclared": "Apache-2.0 OR MIT",
      "name": "portable-atomic-util",
      "versionInfo": "0.2.4"
    },
    {
      "SPDXID": "SPDXRef-Package-serde--derive-1.0.228",
      "description": "Macros 1.1 implementation of #[derive(Serialize, Deserialize)]",
      "downloadLocation": "registry+https://github.com/rust-lang/crates.io-index",
      "externalRefs": [
        {
          "referenceCategory": "PACKAGE-MANAGER",
          "referenceLocator": "pkg:cargo/serde_derive@1.0.228",
          "referenceType": "purl"
        }
      ],
      "homepage": "https://serde.rs",
      "licenseConcluded": "MIT OR Apache-2.0",
      "licenseDeclared": "MIT OR Apache-2.0",
      "name": "serde_derive",
      "versionInfo": "1.0.228"
    },
    {
      "SPDXID": "SPDXRef-Package-bytes-1.12.1",
      "description": "Types and traits for working with bytes",
      "downloadLocation": "registry+https://github.com/rust-lang/crates.io-index",
      "externalRefs": [
        {
          "referenceCategory": "PACKAGE-MANAGER",
          "referenceLocator": "pkg:cargo/bytes@1.12.1",
          "referenceType": "purl"
        }
      ],
      "licenseConcluded": "MIT",
      "licenseDeclared": "MIT",
      "name": "bytes",
      "versionInfo": "1.12.1"
    },
    {
      "SPDXID": "SPDXRef-Package-serde--json-1.0.145",
      "description": "A JSON serialization file format",
      "downloadLocation": "registry+https://github.com/rust-lang/crates.io-index",
      "externalRefs": [
        {
          "referenceCategory": "PACKAGE-MANAGER",
          "referenceLocator": "pkg:cargo/serde_json@1.0.145",
          "referenceType": "purl"
        }
      ],
      "licenseConcluded": "MIT OR Apache-2.0",
      "licenseDeclared": "MIT OR Apache-2.0",
      "name": "serde_json",
      "versionInfo": "1.0.145"
    },
    {
      "SPDXID": "SPDXRef-Package-rustix-1.1.4",
      "description": "Safe Rust bindings to POSIX/Unix/Linux/Winsock-like syscalls",
      "downloadLocation": "registry+https://github.com/rust-lang/crates.io-index",
      "externalRefs": [
        {
          "referenceCategory": "PACKAGE-MANAGER",
          "referenceLocator": "pkg:cargo/rustix@1.1.4",
          "referenceType": "purl"
        }
      ],
      "licenseConcluded": "Apache-2.0 OR Apache-2.0 OR MIT",
      "licenseDeclared": "Apache-2.0 OR Apache-2.0 OR MIT",
      "name": "rustix",
      "versionInfo": "1.1.4"
    },
    {
      "SPDXID": "SPDXRef-Package-winx-0.36.4",
      "description": "Windows API helper library",
      "downloadLocation": "registry+https://github.com/rust-lang/crates.io-index",
      "externalRefs": [
        {
          "referenceCategory": "PACKAGE-MANAGER",
          "referenceLocator": "pkg:cargo/winx@0.36.4",
          "referenceType": "purl"
        }
      ],
      "licenseConcluded": "Apache-2.0",
      "licenseDeclared": "Apache-2.0",
      "name": "winx",
      "versionInfo": "0.36.4"
    },
    {
      "SPDXID": "SPDXRef-Package-rustversion-1.0.23",
      "description": "Conditional compilation according to rustc compiler version",
      "downloadLocation": "registry+https://github.com/rust-lang/crates.io-index",
      "externalRefs": [
        {
          "referenceCategory": "PACKAGE-MANAGER",
          "referenceLocator": "pkg:cargo/rustversion@1.0.23",
          "referenceType": "purl"
        }
      ],
      "licenseConcluded": "MIT OR Apache-2.0",
      "licenseDeclared": "MIT OR Apache-2.0",
      "name": "rustversion",
      "versionInfo": "1.0.23"
    },
    {
      "SPDXID": "SPDXRef-Package-bitflags-2.13.1",
      "description": "A macro to generate structures which behave like bitflags.\n",
      "downloadLocation": "registry+https://github.com/rust-lang/crates.io-index",
      "externalRefs": [
        {
          "referenceCategory": "PACKAGE-MANAGER",
          "referenceLocator": "pkg:cargo/bitflags@2.13.1",
          "referenceType": "purl"
        }
      ],
      "homepage": "https://github.com/bitflags/bitflags",
      "licenseConcluded": "MIT OR Apache-2.0",
      "licenseDeclared": "MIT OR Apache-2.0",
      "name": "bitflags",
      "versionInfo": "2.13.1"
    },
    {
      "SPDXID": "SPDXRef-Package-tempfile-3.27.0",
      "description": "A library for managing temporary files and directories.",
      "downloadLocation": "registry+https://github.com/rust-lang/crates.io-index",
      "externalRefs": [
        {
          "referenceCategory": "PACKAGE-MANAGER",
          "referenceLocator": "pkg:cargo/tempfile@3.27.0",
          "referenceType": "purl"
        }
      ],
      "homepage": "https://stebalien.com/projects/tempfile-rs/",
      "licenseConcluded": "MIT OR Apache-2.0",
      "licenseDeclared": "MIT OR Apache-2.0",
      "name": "tempfile",
      "versionInfo": "3.27.0"
    },
    {
      "SPDXID": "SPDXRef-Package-gix-prompt-0.16.0",
      "description": "A crate of the gitoxide project for handling prompts in the terminal",
      "downloadLocation": "registry+https://github.com/rust-lang/crates.io-index",
      "externalRefs": [
        {
          "referenceCategory": "PACKAGE-MANAGER",
          "referenceLocator": "pkg:cargo/gix-prompt@0.16.0",
          "referenceType": "purl"
        }
      ],
      "licenseConcluded": "MIT OR Apache-2.0",
      "licenseDeclared": "MIT OR Apache-2.0",
      "name": "gix-prompt",
      "versionInfo": "0.16.0"
    },
    {
      "SPDXID": "SPDXRef-Package-portable-atomic-1.13.1",
      "description": "Portable atomic types including support for 128-bit atomics, atomic float, etc.\n",
      "downloadLocation": "registry+https://github.com/rust-lang/crates.io-index",
      "externalRefs": [
        {
          "referenceCategory": "PACKAGE-MANAGER",
          "referenceLocator": "pkg:cargo/portable-atomic@1.13.1",
          "referenceType": "purl"
        }
      ],
      "licenseConcluded": "Apache-2.0 OR MIT",
      "licenseDeclared": "Apache-2.0 OR MIT",
      "name": "portable-atomic",
      "versionInfo": "1.13.1"
    },
    {
      "SPDXID": "SPDXRef-Package-gix-refspec-0.44.0",
      "description": "A crate of the gitoxide project for parsing and representing refspecs",
      "downloadLocation": "registry+https://github.com/rust-lang/crates.io-index",
      "externalRefs": [
        {
          "referenceCategory": "PACKAGE-MANAGER",
          "referenceLocator": "pkg:cargo/gix-refspec@0.44.0",
          "referenceType": "purl"
        }
      ],
      "licenseConcluded": "MIT OR Apache-2.0",
      "licenseDeclared": "MIT OR Apache-2.0",
      "name": "gix-refspec",
      "versionInfo": "0.44.0"
    },
    {
      "SPDXID": "SPDXRef-Package-gix-fs-0.22.0",
      "description": "A crate providing file system specific utilities to `gitoxide`",
      "downloadLocation": "registry+https://github.com/rust-lang/crates.io-index",
      "externalRefs": [
        {
          "referenceCategory": "PACKAGE-MANAGER",
          "referenceLocator": "pkg:cargo/gix-fs@0.22.0",
          "referenceType": "purl"
        }
      ],
      "licenseConcluded": "MIT OR Apache-2.0",
      "licenseDeclared": "MIT OR Apache-2.0",
      "name": "gix-fs",
      "versionInfo": "0.22.0"
    },
    {
      "SPDXID": "SPDXRef-Package-gix-object-0.63.0",
      "description": "Immutable and mutable git objects with decoding and encoding support",
      "downloadLocation": "registry+https://github.com/rust-lang/crates.io-index",
      "externalRefs": [
        {
          "referenceCategory": "PACKAGE-MANAGER",
          "referenceLocator": "pkg:cargo/gix-object@0.63.0",
          "referenceType": "purl"
        }
      ],
      "licenseConcluded": "MIT OR Apache-2.0",
      "licenseDeclared": "MIT OR Apache-2.0",
      "name": "gix-object",
      "versionInfo": "0.63.0"
    },
    {
      "SPDXID": "SPDXRef-Package-blake3-1.8.5",
      "description": "the BLAKE3 hash function",
      "downloadLocation": "registry+https://github.com/rust-lang/crates.io-index",
      "externalRefs": [
        {
          "referenceCategory": "PACKAGE-MANAGER",
          "referenceLocator": "pkg:cargo/blake3@1.8.5",
          "referenceType": "purl"
        }
      ],
      "licenseConcluded": "CC0-1.0 OR Apache-2.0 OR Apache-2.0",
      "licenseDeclared": "CC0-1.0 OR Apache-2.0 OR Apache-2.0",
      "name": "blake3",
      "versionInfo": "1.8.5"
    },
    {
      "SPDXID": "SPDXRef-Package-gix-odb-0.83.0",
      "description": "Implements various git object databases",
      "downloadLocation": "registry+https://github.com/rust-lang/crates.io-index",
      "externalRefs": [
        {
          "referenceCategory": "PACKAGE-MANAGER",
          "referenceLocator": "pkg:cargo/gix-odb@0.83.0",
          "referenceType": "purl"
        }
      ],
      "licenseConcluded": "MIT OR Apache-2.0",
      "licenseDeclared": "MIT OR Apache-2.0",
      "name": "gix-odb",
      "versionInfo": "0.83.0"
    },
    {
      "SPDXID": "SPDXRef-Package-gix-zlib-0.1.0",
      "description": "Zlib-rs streaming compression and decompression utilities used by gitoxide",
      "downloadLocation": "registry+https://github.com/rust-lang/crates.io-index",
      "externalRefs": [
        {
          "referenceCategory": "PACKAGE-MANAGER",
          "referenceLocator": "pkg:cargo/gix-zlib@0.1.0",
          "referenceType": "purl"
        }
      ],
      "licenseConcluded": "MIT OR Apache-2.0",
      "licenseDeclared": "MIT OR Apache-2.0",
      "name": "gix-zlib",
      "versionInfo": "0.1.0"
    },
    {
      "SPDXID": "SPDXRef-Package-windows--x86--64--msvc-0.53.1",
      "description": "Import lib for Windows",
      "downloadLocation": "registry+https://github.com/rust-lang/crates.io-index",
      "externalRefs": [
        {
          "referenceCategory": "PACKAGE-MANAGER",
          "referenceLocator": "pkg:cargo/windows_x86_64_msvc@0.53.1",
          "referenceType": "purl"
        }
      ],
      "licenseConcluded": "MIT OR Apache-2.0",
      "licenseDeclared": "MIT OR Apache-2.0",
      "name": "windows_x86_64_msvc",
      "versionInfo": "0.53.1"
    },
    {
      "SPDXID": "SPDXRef-Package-crossbeam-channel-0.5.16",
      "description": "Multi-producer multi-consumer channels for message passing",
      "downloadLocation": "registry+https://github.com/rust-lang/crates.io-index",
      "externalRefs": [
        {
          "referenceCategory": "PACKAGE-MANAGER",
          "referenceLocator": "pkg:cargo/crossbeam-channel@0.5.16",
          "referenceType": "purl"
        }
      ],
      "homepage": "https://github.com/crossbeam-rs/crossbeam/tree/master/crossbeam-channel",
      "licenseConcluded": "MIT OR Apache-2.0",
      "licenseDeclared": "MIT OR Apache-2.0",
      "name": "crossbeam-channel",
      "versionInfo": "0.5.16"
    },
    {
      "SPDXID": "SPDXRef-Package-futures-core-0.3.34",
      "description": "The core traits and types in for the `futures` library.\n",
      "downloadLocation": "registry+https://github.com/rust-lang/crates.io-index",
      "externalRefs": [
        {
          "referenceCategory": "PACKAGE-MANAGER",
          "referenceLocator": "pkg:cargo/futures-core@0.3.34",
          "referenceType": "purl"
        }
      ],
      "homepage": "https://rust-lang.github.io/futures-rs",
      "licenseConcluded": "MIT OR Apache-2.0",
      "licenseDeclared": "MIT OR Apache-2.0",
      "name": "futures-core",
      "versionInfo": "0.3.34"
    },
    {
      "SPDXID": "SPDXRef-Package-arc-swap-1.9.2",
      "description": "Atomically swappable Arc",
      "downloadLocation": "registry+https://github.com/rust-lang/crates.io-index",
      "externalRefs": [
        {
          "referenceCategory": "PACKAGE-MANAGER",
          "referenceLocator": "pkg:cargo/arc-swap@1.9.2",
          "referenceType": "purl"
        }
      ],
      "licenseConcluded": "MIT OR Apache-2.0",
      "licenseDeclared": "MIT OR Apache-2.0",
      "name": "arc-swap",
      "versionInfo": "1.9.2"
    },
    {
      "SPDXID": "SPDXRef-Package-clru-0.6.3",
      "description": "An LRU cache implementation with constant time operations and weighted semantic",
      "downloadLocation": "registry+https://github.com/rust-lang/crates.io-index",
      "externalRefs": [
        {
          "referenceCategory": "PACKAGE-MANAGER",
          "referenceLocator": "pkg:cargo/clru@0.6.3",
          "referenceType": "purl"
        }
      ],
      "licenseConcluded": "MIT",
      "licenseDeclared": "MIT",
      "name": "clru",
      "versionInfo": "0.6.3"
    },
    {
      "SPDXID": "SPDXRef-Package-bstr-1.13.1",
      "description": "A string type that is not required to be valid UTF-8.",
      "downloadLocation": "registry+https://github.com/rust-lang/crates.io-index",
      "externalRefs": [
        {
          "referenceCategory": "PACKAGE-MANAGER",
          "referenceLocator": "pkg:cargo/bstr@1.13.1",
          "referenceType": "purl"
        }
      ],
      "homepage": "https://github.com/BurntSushi/bstr",
      "licenseConcluded": "MIT OR Apache-2.0",
      "licenseDeclared": "MIT OR Apache-2.0",
      "name": "bstr",
      "versionInfo": "1.13.1"
    },
    {
      "SPDXID": "SPDXRef-Package-defmt-1.1.1",
      "description": "A highly efficient logging framework that targets resource-constrained devices, like microcontrollers",
      "downloadLocation": "registry+https://github.com/rust-lang/crates.io-index",
      "externalRefs": [
        {
          "referenceCategory": "PACKAGE-MANAGER",
          "referenceLocator": "pkg:cargo/defmt@1.1.1",
          "referenceType": "purl"
        }
      ],
      "homepage": "https://knurling.ferrous-systems.com/",
      "licenseConcluded": "MIT OR Apache-2.0",
      "licenseDeclared": "MIT OR Apache-2.0",
      "name": "defmt",
      "versionInfo": "1.1.1"
    },
    {
      "SPDXID": "SPDXRef-Package-gix-status-0.33.0",
      "description": "A crate of the gitoxide project dealing with 'git status'-like functionality",
      "downloadLocation": "registry+https://github.com/rust-lang/crates.io-index",
      "externalRefs": [
        {
          "referenceCategory": "PACKAGE-MANAGER",
          "referenceLocator": "pkg:cargo/gix-status@0.33.0",
          "referenceType": "purl"
        }
      ],
      "licenseConcluded": "MIT OR Apache-2.0",
      "licenseDeclared": "MIT OR Apache-2.0",
      "name": "gix-status",
      "versionInfo": "0.33.0"
    },
    {
      "SPDXID": "SPDXRef-Package-windows-targets-0.53.5",
      "description": "Import libs for Windows",
      "downloadLocation": "registry+https://github.com/rust-lang/crates.io-index",
      "externalRefs": [
        {
          "referenceCategory": "PACKAGE-MANAGER",
          "referenceLocator": "pkg:cargo/windows-targets@0.53.5",
          "referenceType": "purl"
        }
      ],
      "licenseConcluded": "MIT OR Apache-2.0",
      "licenseDeclared": "MIT OR Apache-2.0",
      "name": "windows-targets",
      "versionInfo": "0.53.5"
    },
    {
      "SPDXID": "SPDXRef-Package-wasm-bindgen-0.2.120",
      "description": "Easy support for interacting between JS and Rust.\n",
      "downloadLocation": "registry+https://github.com/rust-lang/crates.io-index",
      "externalRefs": [
        {
          "referenceCategory": "PACKAGE-MANAGER",
          "referenceLocator": "pkg:cargo/wasm-bindgen@0.2.120",
          "referenceType": "purl"
        }
      ],
      "homepage": "https://wasm-bindgen.github.io/wasm-bindgen",
      "licenseConcluded": "MIT OR Apache-2.0",
      "licenseDeclared": "MIT OR Apache-2.0",
      "name": "wasm-bindgen",
      "versionInfo": "0.2.120"
    },
    {
      "SPDXID": "SPDXRef-Package-indexmap-2.14.0",
      "description": "A hash table with consistent order and fast iteration.",
      "downloadLocation": "registry+https://github.com/rust-lang/crates.io-index",
      "externalRefs": [
        {
          "referenceCategory": "PACKAGE-MANAGER",
          "referenceLocator": "pkg:cargo/indexmap@2.14.0",
          "referenceType": "purl"
        }
      ],
      "licenseConcluded": "Apache-2.0 OR MIT",
      "licenseDeclared": "Apache-2.0 OR MIT",
      "name": "indexmap",
      "versionInfo": "2.14.0"
    },
    {
      "SPDXID": "SPDXRef-Package-cfb-0.7.3",
      "description": "Read/write Compound File Binary (structured storage) files",
      "downloadLocation": "registry+https://github.com/rust-lang/crates.io-index",
      "externalRefs": [
        {
          "referenceCategory": "PACKAGE-MANAGER",
          "referenceLocator": "pkg:cargo/cfb@0.7.3",
          "referenceType": "purl"
        }
      ],
      "licenseConcluded": "MIT",
      "licenseDeclared": "MIT",
      "name": "cfb",
      "versionInfo": "0.7.3"
    },
    {
      "SPDXID": "SPDXRef-Package-bisync--macros-0.2.3",
      "description": "macro implementations for the bisync crate",
      "downloadLocation": "registry+https://github.com/rust-lang/crates.io-index",
      "externalRefs": [
        {
          "referenceCategory": "PACKAGE-MANAGER",
          "referenceLocator": "pkg:cargo/bisync_macros@0.2.3",
          "referenceType": "purl"
        }
      ],
      "licenseConcluded": "MIT OR Apache-2.0",
      "licenseDeclared": "MIT OR Apache-2.0",
      "name": "bisync_macros",
      "versionInfo": "0.2.3"
    },
    {
      "SPDXID": "SPDXRef-Package-crossbeam-deque-0.8.7",
      "description": "Concurrent work-stealing deque",
      "downloadLocation": "registry+https://github.com/rust-lang/crates.io-index",
      "externalRefs": [
        {
          "referenceCategory": "PACKAGE-MANAGER",
          "referenceLocator": "pkg:cargo/crossbeam-deque@0.8.7",
          "referenceType": "purl"
        }
      ],
      "homepage": "https://github.com/crossbeam-rs/crossbeam/tree/master/crossbeam-deque",
      "licenseConcluded": "MIT OR Apache-2.0",
      "licenseDeclared": "MIT OR Apache-2.0",
      "name": "crossbeam-deque",
      "versionInfo": "0.8.7"
    },
    {
      "SPDXID": "SPDXRef-Package-gix-packetline-0.22.0",
      "description": "A crate of the gitoxide project implementing the pkt-line serialization format",
      "downloadLocation": "registry+https://github.com/rust-lang/crates.io-index",
      "externalRefs": [
        {
          "referenceCategory": "PACKAGE-MANAGER",
          "referenceLocator": "pkg:cargo/gix-packetline@0.22.0",
          "referenceType": "purl"
        }
      ],
      "licenseConcluded": "MIT OR Apache-2.0",
      "licenseDeclared": "MIT OR Apache-2.0",
      "name": "gix-packetline",
      "versionInfo": "0.22.0"
    },
    {
      "SPDXID": "SPDXRef-Package-gix-chunk-0.7.3",
      "description": "Interact with the git chunk file format used in multi-pack index and commit-graph files",
      "downloadLocation": "registry+https://github.com/rust-lang/crates.io-index",
      "externalRefs": [
        {
          "referenceCategory": "PACKAGE-MANAGER",
          "referenceLocator": "pkg:cargo/gix-chunk@0.7.3",
          "referenceType": "purl"
        }
      ],
      "licenseConcluded": "MIT OR Apache-2.0",
      "licenseDeclared": "MIT OR Apache-2.0",
      "name": "gix-chunk",
      "versionInfo": "0.7.3"
    },
    {
      "SPDXID": "SPDXRef-Package-tree-sitter-md-0.5.3",
      "description": "Markdown grammar for tree-sitter",
      "downloadLocation": "registry+https://github.com/rust-lang/crates.io-index",
      "externalRefs": [
        {
          "referenceCategory": "PACKAGE-MANAGER",
          "referenceLocator": "pkg:cargo/tree-sitter-md@0.5.3",
          "referenceType": "purl"
        }
      ],
      "licenseConcluded": "MIT",
      "licenseDeclared": "MIT",
      "name": "tree-sitter-md",
      "versionInfo": "0.5.3"
    },
    {
      "SPDXID": "SPDXRef-Package-tokio-macros-2.7.0",
      "description": "Tokio's proc macros.\n",
      "downloadLocation": "registry+https://github.com/rust-lang/crates.io-index",
      "externalRefs": [
        {
          "referenceCategory": "PACKAGE-MANAGER",
          "referenceLocator": "pkg:cargo/tokio-macros@2.7.0",
          "referenceType": "purl"
        }
      ],
      "homepage": "https://tokio.rs",
      "licenseConcluded": "MIT",
      "licenseDeclared": "MIT",
      "name": "tokio-macros",
      "versionInfo": "2.7.0"
    },
    {
      "SPDXID": "SPDXRef-Package-scopeguard-1.2.0",
      "description": "A RAII scope guard that will run a given closure when it goes out of scope,\neven if the code between panics (assuming unwinding panic).\n\nDefines the macros `defer!`, `defer_on_unwind!`, `defer_on_success!` as\nshorthands for guards with one of the implemented strategies.\n",
      "downloadLocation": "registry+https://github.com/rust-lang/crates.io-index",
      "externalRefs": [
        {
          "referenceCategory": "PACKAGE-MANAGER",
          "referenceLocator": "pkg:cargo/scopeguard@1.2.0",
          "referenceType": "purl"
        }
      ],
      "licenseConcluded": "MIT OR Apache-2.0",
      "licenseDeclared": "MIT OR Apache-2.0",
      "name": "scopeguard",
      "versionInfo": "1.2.0"
    },
    {
      "SPDXID": "SPDXRef-Package-cap-fs-ext-4.0.2",
      "description": "Extension traits for `Dir`, `File`, etc.",
      "downloadLocation": "registry+https://github.com/rust-lang/crates.io-index",
      "externalRefs": [
        {
          "referenceCategory": "PACKAGE-MANAGER",
          "referenceLocator": "pkg:cargo/cap-fs-ext@4.0.2",
          "referenceType": "purl"
        }
      ],
      "licenseConcluded": "Apache-2.0 OR Apache-2.0 OR MIT",
      "licenseDeclared": "Apache-2.0 OR Apache-2.0 OR MIT",
      "name": "cap-fs-ext",
      "versionInfo": "4.0.2"
    },
    {
      "SPDXID": "SPDXRef-Package-human--format-1.2.1",
      "description": "Rust Port of human-format from node, formatting numbers for us, while the machines are still at bay.",
      "downloadLocation": "registry+https://github.com/rust-lang/crates.io-index",
      "externalRefs": [
        {
          "referenceCategory": "PACKAGE-MANAGER",
          "referenceLocator": "pkg:cargo/human_format@1.2.1",
          "referenceType": "purl"
        }
      ],
      "homepage": "https://bobgneu.github.io/human-format-rs/",
      "licenseConcluded": "MIT",
      "licenseDeclared": "MIT",
      "name": "human_format",
      "versionInfo": "1.2.1"
    },
    {
      "SPDXID": "SPDXRef-Package-hashbrown-0.16.1",
      "description": "A Rust port of Google's SwissTable hash map",
      "downloadLocation": "registry+https://github.com/rust-lang/crates.io-index",
      "externalRefs": [
        {
          "referenceCategory": "PACKAGE-MANAGER",
          "referenceLocator": "pkg:cargo/hashbrown@0.16.1",
          "referenceType": "purl"
        }
      ],
      "licenseConcluded": "MIT OR Apache-2.0",
      "licenseDeclared": "MIT OR Apache-2.0",
      "name": "hashbrown",
      "versionInfo": "0.16.1"
    },
    {
      "SPDXID": "SPDXRef-Package-gix-revwalk-0.34.0",
      "description": "A crate providing utilities for walking the revision graph",
      "downloadLocation": "registry+https://github.com/rust-lang/crates.io-index",
      "externalRefs": [
        {
          "referenceCategory": "PACKAGE-MANAGER",
          "referenceLocator": "pkg:cargo/gix-revwalk@0.34.0",
          "referenceType": "purl"
        }
      ],
      "licenseConcluded": "MIT OR Apache-2.0",
      "licenseDeclared": "MIT OR Apache-2.0",
      "name": "gix-revwalk",
      "versionInfo": "0.34.0"
    },
    {
      "SPDXID": "SPDXRef-Package-ryu-1.0.23",
      "description": "Fast floating point to string conversion",
      "downloadLocation": "registry+https://github.com/rust-lang/crates.io-index",
      "externalRefs": [
        {
          "referenceCategory": "PACKAGE-MANAGER",
          "referenceLocator": "pkg:cargo/ryu@1.0.23",
          "referenceType": "purl"
        }
      ],
      "licenseConcluded": "Apache-2.0 OR BSL-1.0",
      "licenseDeclared": "Apache-2.0 OR BSL-1.0",
      "name": "ryu",
      "versionInfo": "1.0.23"
    },
    {
      "SPDXID": "SPDXRef-Package-tree-sitter-rust-0.24.2",
      "description": "Rust grammar for tree-sitter",
      "downloadLocation": "registry+https://github.com/rust-lang/crates.io-index",
      "externalRefs": [
        {
          "referenceCategory": "PACKAGE-MANAGER",
          "referenceLocator": "pkg:cargo/tree-sitter-rust@0.24.2",
          "referenceType": "purl"
        }
      ],
      "licenseConcluded": "MIT",
      "licenseDeclared": "MIT",
      "name": "tree-sitter-rust",
      "versionInfo": "0.24.2"
    },
    {
      "SPDXID": "SPDXRef-Package-smallvec-1.15.2",
      "description": "'Small vector' optimization: store up to a small number of items on the stack",
      "downloadLocation": "registry+https://github.com/rust-lang/crates.io-index",
      "externalRefs": [
        {
          "referenceCategory": "PACKAGE-MANAGER",
          "referenceLocator": "pkg:cargo/smallvec@1.15.2",
          "referenceType": "purl"
        }
      ],
      "licenseConcluded": "MIT OR Apache-2.0",
      "licenseDeclared": "MIT OR Apache-2.0",
      "name": "smallvec",
      "versionInfo": "1.15.2"
    },
    {
      "SPDXID": "SPDXRef-Package-jiff-0.2.35",
      "description": "A date-time library that encourages you to jump into the pit of success.\n\nThis library is heavily inspired by the Temporal project.\n",
      "downloadLocation": "registry+https://github.com/rust-lang/crates.io-index",
      "externalRefs": [
        {
          "referenceCategory": "PACKAGE-MANAGER",
          "referenceLocator": "pkg:cargo/jiff@0.2.35",
          "referenceType": "purl"
        }
      ],
      "licenseConcluded": "Unlicense OR MIT",
      "licenseDeclared": "Unlicense OR MIT",
      "name": "jiff",
      "versionInfo": "0.2.35"
    },
    {
      "SPDXID": "SPDXRef-Package-log-0.4.33",
      "description": "A lightweight logging facade for Rust\n",
      "downloadLocation": "registry+https://github.com/rust-lang/crates.io-index",
      "externalRefs": [
        {
          "referenceCategory": "PACKAGE-MANAGER",
          "referenceLocator": "pkg:cargo/log@0.4.33",
          "referenceType": "purl"
        }
      ],
      "licenseConcluded": "MIT OR Apache-2.0",
      "licenseDeclared": "MIT OR Apache-2.0",
      "name": "log",
      "versionInfo": "0.4.33"
    },
    {
      "SPDXID": "SPDXRef-Package-equivalent-1.0.2",
      "description": "Traits for key comparison in maps.",
      "downloadLocation": "registry+https://github.com/rust-lang/crates.io-index",
      "externalRefs": [
        {
          "referenceCategory": "PACKAGE-MANAGER",
          "referenceLocator": "pkg:cargo/equivalent@1.0.2",
          "referenceType": "purl"
        }
      ],
      "licenseConcluded": "Apache-2.0 OR MIT",
      "licenseDeclared": "Apache-2.0 OR MIT",
      "name": "equivalent",
      "versionInfo": "1.0.2"
    },
    {
      "SPDXID": "SPDXRef-Package-windows--aarch64--gnullvm-0.53.1",
      "description": "Import lib for Windows",
      "downloadLocation": "registry+https://github.com/rust-lang/crates.io-index",
      "externalRefs": [
        {
          "referenceCategory": "PACKAGE-MANAGER",
          "referenceLocator": "pkg:cargo/windows_aarch64_gnullvm@0.53.1",
          "referenceType": "purl"
        }
      ],
      "licenseConcluded": "MIT OR Apache-2.0",
      "licenseDeclared": "MIT OR Apache-2.0",
      "name": "windows_aarch64_gnullvm",
      "versionInfo": "0.53.1"
    },
    {
      "SPDXID": "SPDXRef-Package-jiff-tzdb-platform-0.1.3",
      "description": "The entire Time Zone Database embedded into your binary for specific platforms.\n",
      "downloadLocation": "registry+https://github.com/rust-lang/crates.io-index",
      "externalRefs": [
        {
          "referenceCategory": "PACKAGE-MANAGER",
          "referenceLocator": "pkg:cargo/jiff-tzdb-platform@0.1.3",
          "referenceType": "purl"
        }
      ],
      "homepage": "https://github.com/BurntSushi/jiff/tree/master/crates/jiff-tzdb-platform",
      "licenseConcluded": "Unlicense OR MIT",
      "licenseDeclared": "Unlicense OR MIT",
      "name": "jiff-tzdb-platform",
      "versionInfo": "0.1.3"
    },
    {
      "SPDXID": "SPDXRef-Package-tinyvec--macros-0.1.1",
      "description": "Some macros for tiny containers",
      "downloadLocation": "registry+https://github.com/rust-lang/crates.io-index",
      "externalRefs": [
        {
          "referenceCategory": "PACKAGE-MANAGER",
          "referenceLocator": "pkg:cargo/tinyvec_macros@0.1.1",
          "referenceType": "purl"
        }
      ],
      "licenseConcluded": "MIT OR Apache-2.0 OR Zlib",
      "licenseDeclared": "MIT OR Apache-2.0 OR Zlib",
      "name": "tinyvec_macros",
      "versionInfo": "0.1.1"
    },
    {
      "SPDXID": "SPDXRef-Package-mio-1.2.1",
      "description": "Lightweight non-blocking I/O.",
      "downloadLocation": "registry+https://github.com/rust-lang/crates.io-index",
      "externalRefs": [
        {
          "referenceCategory": "PACKAGE-MANAGER",
          "referenceLocator": "pkg:cargo/mio@1.2.1",
          "referenceType": "purl"
        }
      ],
      "homepage": "https://github.com/tokio-rs/mio",
      "licenseConcluded": "MIT",
      "licenseDeclared": "MIT",
      "name": "mio",
      "versionInfo": "1.2.1"
    },
    {
      "SPDXID": "SPDXRef-Package-gix-negotiate-0.34.0",
      "description": "A crate of the gitoxide project implementing negotiation algorithms",
      "downloadLocation": "registry+https://github.com/rust-lang/crates.io-index",
      "externalRefs": [
        {
          "referenceCategory": "PACKAGE-MANAGER",
          "referenceLocator": "pkg:cargo/gix-negotiate@0.34.0",
          "referenceType": "purl"
        }
      ],
      "licenseConcluded": "MIT OR Apache-2.0",
      "licenseDeclared": "MIT OR Apache-2.0",
      "name": "gix-negotiate",
      "versionInfo": "0.34.0"
    },
    {
      "SPDXID": "SPDXRef-Package-sha1-checked-0.10.0",
      "description": "SHA-1 hash function with collision detection",
      "downloadLocation": "registry+https://github.com/rust-lang/crates.io-index",
      "externalRefs": [
        {
          "referenceCategory": "PACKAGE-MANAGER",
          "referenceLocator": "pkg:cargo/sha1-checked@0.10.0",
          "referenceType": "purl"
        }
      ],
      "licenseConcluded": "MIT OR Apache-2.0",
      "licenseDeclared": "MIT OR Apache-2.0",
      "name": "sha1-checked",
      "versionInfo": "0.10.0"
    },
    {
      "SPDXID": "SPDXRef-Package-crypto-common-0.1.7",
      "description": "Common cryptographic traits",
      "downloadLocation": "registry+https://github.com/rust-lang/crates.io-index",
      "externalRefs": [
        {
          "referenceCategory": "PACKAGE-MANAGER",
          "referenceLocator": "pkg:cargo/crypto-common@0.1.7",
          "referenceType": "purl"
        }
      ],
      "licenseConcluded": "MIT OR Apache-2.0",
      "licenseDeclared": "MIT OR Apache-2.0",
      "name": "crypto-common",
      "versionInfo": "0.1.7"
    },
    {
      "SPDXID": "SPDXRef-Package-dashmap-6.2.1",
      "description": "Blazing fast concurrent HashMap for Rust.",
      "downloadLocation": "registry+https://github.com/rust-lang/crates.io-index",
      "externalRefs": [
        {
          "referenceCategory": "PACKAGE-MANAGER",
          "referenceLocator": "pkg:cargo/dashmap@6.2.1",
          "referenceType": "purl"
        }
      ],
      "homepage": "https://github.com/xacrimon/dashmap",
      "licenseConcluded": "MIT",
      "licenseDeclared": "MIT",
      "name": "dashmap",
      "versionInfo": "6.2.1"
    },
    {
      "SPDXID": "SPDXRef-Package-gix-bitmap-0.3.3",
      "description": "A crate of the gitoxide project dedicated implementing the standard git bitmap format",
      "downloadLocation": "registry+https://github.com/rust-lang/crates.io-index",
      "externalRefs": [
        {
          "referenceCategory": "PACKAGE-MANAGER",
          "referenceLocator": "pkg:cargo/gix-bitmap@0.3.3",
          "referenceType": "purl"
        }
      ],
      "licenseConcluded": "MIT OR Apache-2.0",
      "licenseDeclared": "MIT OR Apache-2.0",
      "name": "gix-bitmap",
      "versionInfo": "0.3.3"
    },
    {
      "SPDXID": "SPDXRef-Package-memmap2-0.9.11",
      "description": "Cross-platform Rust API for memory-mapped file IO",
      "downloadLocation": "registry+https://github.com/rust-lang/crates.io-index",
      "externalRefs": [
        {
          "referenceCategory": "PACKAGE-MANAGER",
          "referenceLocator": "pkg:cargo/memmap2@0.9.11",
          "referenceType": "purl"
        }
      ],
      "licenseConcluded": "MIT OR Apache-2.0",
      "licenseDeclared": "MIT OR Apache-2.0",
      "name": "memmap2",
      "versionInfo": "0.9.11"
    },
    {
      "SPDXID": "SPDXRef-Package-quote-1.0.47",
      "description": "Quasi-quoting macro quote!(...)",
      "downloadLocation": "registry+https://github.com/rust-lang/crates.io-index",
      "externalRefs": [
        {
          "referenceCategory": "PACKAGE-MANAGER",
          "referenceLocator": "pkg:cargo/quote@1.0.47",
          "referenceType": "purl"
        }
      ],
      "licenseConcluded": "MIT OR Apache-2.0",
      "licenseDeclared": "MIT OR Apache-2.0",
      "name": "quote",
      "versionInfo": "1.0.47"
    },
    {
      "SPDXID": "SPDXRef-Package-gix-glob-0.27.0",
      "description": "A crate of the gitoxide project dealing with pattern matching",
      "downloadLocation": "registry+https://github.com/rust-lang/crates.io-index",
      "externalRefs": [
        {
          "referenceCategory": "PACKAGE-MANAGER",
          "referenceLocator": "pkg:cargo/gix-glob@0.27.0",
          "referenceType": "purl"
        }
      ],
      "licenseConcluded": "MIT OR Apache-2.0",
      "licenseDeclared": "MIT OR Apache-2.0",
      "name": "gix-glob",
      "versionInfo": "0.27.0"
    },
    {
      "SPDXID": "SPDXRef-Package-io-lifetimes-3.0.1",
      "description": "A low-level I/O ownership and borrowing library",
      "downloadLocation": "registry+https://github.com/rust-lang/crates.io-index",
      "externalRefs": [
        {
          "referenceCategory": "PACKAGE-MANAGER",
          "referenceLocator": "pkg:cargo/io-lifetimes@3.0.1",
          "referenceType": "purl"
        }
      ],
      "licenseConcluded": "Apache-2.0 OR Apache-2.0 OR MIT",
      "licenseDeclared": "Apache-2.0 OR Apache-2.0 OR MIT",
      "name": "io-lifetimes",
      "versionInfo": "3.0.1"
    },
    {
      "SPDXID": "SPDXRef-Package-defmt-parser-1.0.0",
      "description": "Parsing library for defmt format strings",
      "downloadLocation": "registry+https://github.com/rust-lang/crates.io-index",
      "externalRefs": [
        {
          "referenceCategory": "PACKAGE-MANAGER",
          "referenceLocator": "pkg:cargo/defmt-parser@1.0.0",
          "referenceType": "purl"
        }
      ],
      "licenseConcluded": "MIT OR Apache-2.0",
      "licenseDeclared": "MIT OR Apache-2.0",
      "name": "defmt-parser",
      "versionInfo": "1.0.0"
    },
    {
      "SPDXID": "SPDXRef-Package-getrandom-0.4.3",
      "description": "A small cross-platform library for retrieving random data from system source",
      "downloadLocation": "registry+https://github.com/rust-lang/crates.io-index",
      "externalRefs": [
        {
          "referenceCategory": "PACKAGE-MANAGER",
          "referenceLocator": "pkg:cargo/getrandom@0.4.3",
          "referenceType": "purl"
        }
      ],
      "licenseConcluded": "MIT OR Apache-2.0",
      "licenseDeclared": "MIT OR Apache-2.0",
      "name": "getrandom",
      "versionInfo": "0.4.3"
    },
    {
      "SPDXID": "SPDXRef-Package-unicode-normalization-0.1.25",
      "description": "This crate provides functions for normalization of\nUnicode strings, including Canonical and Compatible\nDecomposition and Recomposition, as described in\nUnicode Standard Annex #15.\n",
      "downloadLocation": "registry+https://github.com/rust-lang/crates.io-index",
      "externalRefs": [
        {
          "referenceCategory": "PACKAGE-MANAGER",
          "referenceLocator": "pkg:cargo/unicode-normalization@0.1.25",
          "referenceType": "purl"
        }
      ],
      "homepage": "https://github.com/unicode-rs/unicode-normalization",
      "licenseConcluded": "MIT OR Apache-2.0",
      "licenseDeclared": "MIT OR Apache-2.0",
      "name": "unicode-normalization",
      "versionInfo": "0.1.25"
    },
    {
      "SPDXID": "SPDXRef-Package-typenum-1.20.1",
      "description": "Typenum is a Rust library for type-level numbers evaluated at\n    compile time. It currently supports bits, unsigned integers, and signed\n    integers. It also provides a type-level array of type-level numbers, but its\n    implementation is incomplete.",
      "downloadLocation": "registry+https://github.com/rust-lang/crates.io-index",
      "externalRefs": [
        {
          "referenceCategory": "PACKAGE-MANAGER",
          "referenceLocator": "pkg:cargo/typenum@1.20.1",
          "referenceType": "purl"
        }
      ],
      "licenseConcluded": "MIT OR Apache-2.0",
      "licenseDeclared": "MIT OR Apache-2.0",
      "name": "typenum",
      "versionInfo": "1.20.1"
    },
    {
      "SPDXID": "SPDXRef-Package-tree-sitter-language-0.1.7",
      "description": "The tree-sitter Language type, used by the library and by language implementations",
      "downloadLocation": "registry+https://github.com/rust-lang/crates.io-index",
      "externalRefs": [
        {
          "referenceCategory": "PACKAGE-MANAGER",
          "referenceLocator": "pkg:cargo/tree-sitter-language@0.1.7",
          "referenceType": "purl"
        }
      ],
      "homepage": "https://tree-sitter.github.io/tree-sitter",
      "licenseConcluded": "MIT",
      "licenseDeclared": "MIT",
      "name": "tree-sitter-language",
      "versionInfo": "0.1.7"
    },
    {
      "SPDXID": "SPDXRef-Package-gix-archive-0.35.0",
      "description": "archive generation from of a worktree stream",
      "downloadLocation": "registry+https://github.com/rust-lang/crates.io-index",
      "externalRefs": [
        {
          "referenceCategory": "PACKAGE-MANAGER",
          "referenceLocator": "pkg:cargo/gix-archive@0.35.0",
          "referenceType": "purl"
        }
      ],
      "licenseConcluded": "MIT OR Apache-2.0",
      "licenseDeclared": "MIT OR Apache-2.0",
      "name": "gix-archive",
      "versionInfo": "0.35.0"
    },
    {
      "SPDXID": "SPDXRef-Package-windows-sys-0.60.2",
      "description": "Rust for Windows",
      "downloadLocation": "registry+https://github.com/rust-lang/crates.io-index",
      "externalRefs": [
        {
          "referenceCategory": "PACKAGE-MANAGER",
          "referenceLocator": "pkg:cargo/windows-sys@0.60.2",
          "referenceType": "purl"
        }
      ],
      "licenseConcluded": "MIT OR Apache-2.0",
      "licenseDeclared": "MIT OR Apache-2.0",
      "name": "windows-sys",
      "versionInfo": "0.60.2"
    },
    {
      "SPDXID": "SPDXRef-Package-wasm-bindgen-macro-0.2.120",
      "description": "Definition of the `#[wasm_bindgen]` attribute, an internal dependency\n",
      "downloadLocation": "registry+https://github.com/rust-lang/crates.io-index",
      "externalRefs": [
        {
          "referenceCategory": "PACKAGE-MANAGER",
          "referenceLocator": "pkg:cargo/wasm-bindgen-macro@0.2.120",
          "referenceType": "purl"
        }
      ],
      "homepage": "https://wasm-bindgen.github.io/wasm-bindgen/",
      "licenseConcluded": "MIT OR Apache-2.0",
      "licenseDeclared": "MIT OR Apache-2.0",
      "name": "wasm-bindgen-macro",
      "versionInfo": "0.2.120"
    },
    {
      "SPDXID": "SPDXRef-Package-defmt-macros-1.1.1",
      "description": "defmt macros",
      "downloadLocation": "registry+https://github.com/rust-lang/crates.io-index",
      "externalRefs": [
        {
          "referenceCategory": "PACKAGE-MANAGER",
          "referenceLocator": "pkg:cargo/defmt-macros@1.1.1",
          "referenceType": "purl"
        }
      ],
      "licenseConcluded": "MIT OR Apache-2.0",
      "licenseDeclared": "MIT OR Apache-2.0",
      "name": "defmt-macros",
      "versionInfo": "1.1.1"
    },
    {
      "SPDXID": "SPDXRef-Package-generic-array-0.14.7",
      "description": "Generic types implementing functionality of arrays",
      "downloadLocation": "registry+https://github.com/rust-lang/crates.io-index",
      "externalRefs": [
        {
          "referenceCategory": "PACKAGE-MANAGER",
          "referenceLocator": "pkg:cargo/generic-array@0.14.7",
          "referenceType": "purl"
        }
      ],
      "licenseConcluded": "MIT",
      "licenseDeclared": "MIT",
      "name": "generic-array",
      "versionInfo": "0.14.7"
    }
  ],
  "relationships": [
    {
      "relatedSpdxElement": "SPDXRef-Package-smallvec-1.15.2",
      "relationshipType": "DEPENDS_ON",
      "spdxElementId": "SPDXRef-Package-gix-attributes-0.34.0"
    },
    {
      "relatedSpdxElement": "SPDXRef-Package-gix-path-0.12.4",
      "relationshipType": "DEPENDS_ON",
      "spdxElementId": "SPDXRef-Package-gix-ignore-0.22.0"
    },
    {
      "relatedSpdxElement": "SPDXRef-Package-proc-macro2-1.0.107",
      "relationshipType": "DEPENDS_ON",
      "spdxElementId": "SPDXRef-Package-syn-2.0.119"
    },
    {
      "relatedSpdxElement": "SPDXRef-Package-serde--core-1.0.228",
      "relationshipType": "DEPENDS_ON",
      "spdxElementId": "SPDXRef-Package-bstr-1.13.1"
    },
    {
      "relatedSpdxElement": "SPDXRef-Package-signal-hook-registry-1.4.8",
      "relationshipType": "DEPENDS_ON",
      "spdxElementId": "SPDXRef-Package-signal-hook-0.4.4"
    },
    {
      "relatedSpdxElement": "SPDXRef-Package-fastrand-2.5.0",
      "relationshipType": "DEPENDS_ON",
      "spdxElementId": "SPDXRef-Package-tempfile-3.27.0"
    },
    {
      "relatedSpdxElement": "SPDXRef-Package-gix-worktree-0.55.0",
      "relationshipType": "DEPENDS_ON",
      "spdxElementId": "SPDXRef-Package-gix-status-0.33.0"
    },
    {
      "relatedSpdxElement": "SPDXRef-Package-gix-commitgraph-0.38.0",
      "relationshipType": "DEPENDS_ON",
      "spdxElementId": "SPDXRef-Package-gix-revision-0.48.0"
    },
    {
      "relatedSpdxElement": "SPDXRef-Package-serde--json-1.0.145",
      "relationshipType": "DEPENDS_ON",
      "spdxElementId": "SPDXRef-Package-repin-foundation-spike-0.1.0"
    },
    {
      "relatedSpdxElement": "SPDXRef-Package-bisync--macros-0.2.3",
      "relationshipType": "DEPENDS_ON",
      "spdxElementId": "SPDXRef-Package-bisync-0.3.0"
    },
    {
      "relatedSpdxElement": "SPDXRef-Package-gix-command-0.9.2",
      "relationshipType": "DEPENDS_ON",
      "spdxElementId": "SPDXRef-Package-gix-transport-0.58.1"
    },
    {
      "relatedSpdxElement": "SPDXRef-Package-futures-util-0.3.34",
      "relationshipType": "DEPENDS_ON",
      "spdxElementId": "SPDXRef-Package-js-sys-0.3.97"
    },
    {
      "relatedSpdxElement": "SPDXRef-Package-equivalent-1.0.2",
      "relationshipType": "DEPENDS_ON",
      "spdxElementId": "SPDXRef-Package-indexmap-2.14.0"
    },
    {
      "relatedSpdxElement": "SPDXRef-Package-windows-sys-0.61.2",
      "relationshipType": "DEPENDS_ON",
      "spdxElementId": "SPDXRef-Package-socket2-0.6.4"
    },
    {
      "relatedSpdxElement": "SPDXRef-Package-bitflags-2.13.1",
      "relationshipType": "DEPENDS_ON",
      "spdxElementId": "SPDXRef-Package-gix-pathspec-0.19.0"
    },
    {
      "relatedSpdxElement": "SPDXRef-Package-unicode-bom-2.0.3",
      "relationshipType": "DEPENDS_ON",
      "spdxElementId": "SPDXRef-Package-gix-ignore-0.22.0"
    },
    {
      "relatedSpdxElement": "SPDXRef-Package-gix-path-0.12.4",
      "relationshipType": "DEPENDS_ON",
      "spdxElementId": "SPDXRef-Package-gix-attributes-0.34.0"
    },
    {
      "relatedSpdxElement": "SPDXRef-Package-thiserror-2.0.20",
      "relationshipType": "DEPENDS_ON",
      "spdxElementId": "SPDXRef-Package-gix-index-0.54.0"
    },
    {
      "relatedSpdxElement": "SPDXRef-Package-ryu-1.0.23",
      "relationshipType": "DEPENDS_ON",
      "spdxElementId": "SPDXRef-Package-serde--json-1.0.145"
    },
    {
      "relatedSpdxElement": "SPDXRef-Package-gix-trace-0.1.21",
      "relationshipType": "DEPENDS_ON",
      "spdxElementId": "SPDXRef-Package-gix-dir-0.28.0"
    },
    {
      "relatedSpdxElement": "SPDXRef-Package-gix-hash-0.26.0",
      "relationshipType": "DEPENDS_ON",
      "spdxElementId": "SPDXRef-Package-gix-filter-0.33.0"
    },
    {
      "relatedSpdxElement": "SPDXRef-Package-regex-1.13.1",
      "relationshipType": "DEPENDS_ON",
      "spdxElementId": "SPDXRef-Package-tree-sitter-0.26.11"
    },
    {
      "relatedSpdxElement": "SPDXRef-Package-serde-1.0.228",
      "relationshipType": "DEPENDS_ON",
      "spdxElementId": "SPDXRef-Package-serde--json-1.0.145"
    },
    {
      "relatedSpdxElement": "SPDXRef-Package-crossbeam-epoch-0.9.20",
      "relationshipType": "DEPENDS_ON",
      "spdxElementId": "SPDXRef-Package-crossbeam-deque-0.8.7"
    },
    {
      "relatedSpdxElement": "SPDXRef-Package-foldhash-0.2.0",
      "relationshipType": "DEPENDS_ON",
      "spdxElementId": "SPDXRef-Package-hashbrown-0.16.1"
    },
    {
      "relatedSpdxElement": "SPDXRef-Package-futures-task-0.3.34",
      "relationshipType": "DEPENDS_ON",
      "spdxElementId": "SPDXRef-Package-futures-util-0.3.34"
    },
    {
      "relatedSpdxElement": "SPDXRef-Package-rustix-1.1.4",
      "relationshipType": "DEPENDS_ON",
      "spdxElementId": "SPDXRef-Package-rustix-linux-procfs-0.1.1"
    },
    {
      "relatedSpdxElement": "SPDXRef-Package-tokio-macros-2.7.0",
      "relationshipType": "DEPENDS_ON",
      "spdxElementId": "SPDXRef-Package-tokio-1.53.1"
    },
    {
      "relatedSpdxElement": "SPDXRef-Package-gix-revision-0.48.0",
      "relationshipType": "DEPENDS_ON",
      "spdxElementId": "SPDXRef-Package-gix-0.86.0"
    },
    {
      "relatedSpdxElement": "SPDXRef-Package-gix-utils-0.3.5",
      "relationshipType": "DEPENDS_ON",
      "spdxElementId": "SPDXRef-Package-gix-filter-0.33.0"
    },
    {
      "relatedSpdxElement": "SPDXRef-Package-cfg-if-1.0.4",
      "relationshipType": "DEPENDS_ON",
      "spdxElementId": "SPDXRef-Package-getrandom-0.4.3"
    },
    {
      "relatedSpdxElement": "SPDXRef-Package-generic-array-0.14.7",
      "relationshipType": "DEPENDS_ON",
      "spdxElementId": "SPDXRef-Package-crypto-common-0.1.7"
    },
    {
      "relatedSpdxElement": "SPDXRef-Package-byteorder-1.5.0",
      "relationshipType": "DEPENDS_ON",
      "spdxElementId": "SPDXRef-Package-cfb-0.7.3"
    },
    {
      "relatedSpdxElement": "SPDXRef-Package-gix-features-0.49.0",
      "relationshipType": "DEPENDS_ON",
      "spdxElementId": "SPDXRef-Package-gix-protocol-0.64.0"
    },
    {
      "relatedSpdxElement": "SPDXRef-Package-thiserror-2.0.20",
      "relationshipType": "DEPENDS_ON",
      "spdxElementId": "SPDXRef-Package-gix-path-0.12.4"
    },
    {
      "relatedSpdxElement": "SPDXRef-Package-windows--x86--64--gnullvm-0.52.6",
      "relationshipType": "DEPENDS_ON",
      "spdxElementId": "SPDXRef-Package-windows-targets-0.52.6"
    },
    {
      "relatedSpdxElement": "SPDXRef-Package-gix-path-0.12.4",
      "relationshipType": "DEPENDS_ON",
      "spdxElementId": "SPDXRef-Package-gix-0.86.0"
    },
    {
      "relatedSpdxElement": "SPDXRef-Package-gix-utils-0.3.5",
      "relationshipType": "DEPENDS_ON",
      "spdxElementId": "SPDXRef-Package-gix-features-0.49.0"
    },
    {
      "relatedSpdxElement": "SPDXRef-Package-gix-attributes-0.34.0",
      "relationshipType": "DEPENDS_ON",
      "spdxElementId": "SPDXRef-Package-gix-worktree-stream-0.35.0"
    },
    {
      "relatedSpdxElement": "SPDXRef-Package-bstr-1.13.1",
      "relationshipType": "DEPENDS_ON",
      "spdxElementId": "SPDXRef-Package-gix-worktree-state-0.33.0"
    },
    {
      "relatedSpdxElement": "SPDXRef-Package-io-extras-0.19.0",
      "relationshipType": "DEPENDS_ON",
      "spdxElementId": "SPDXRef-Package-cap-primitives-4.0.2"
    },
    {
      "relatedSpdxElement": "SPDXRef-Package-defmt-macros-1.1.1",
      "relationshipType": "DEPENDS_ON",
      "spdxElementId": "SPDXRef-Package-defmt-1.1.1"
    },
    {
      "relatedSpdxElement": "SPDXRef-Package-bitflags-2.13.1",
      "relationshipType": "DEPENDS_ON",
      "spdxElementId": "SPDXRef-Package-gix-glob-0.27.0"
    },
    {
      "relatedSpdxElement": "SPDXRef-Package-lock--api-0.4.14",
      "relationshipType": "DEPENDS_ON",
      "spdxElementId": "SPDXRef-Package-dashmap-6.2.1"
    },
    {
      "relatedSpdxElement": "SPDXRef-Package-gix-validate-0.11.3",
      "relationshipType": "DEPENDS_ON",
      "spdxElementId": "SPDXRef-Package-gix-ref-0.66.0"
    },
    {
      "relatedSpdxElement": "SPDXRef-Package-memchr-2.8.3",
      "relationshipType": "DEPENDS_ON",
      "spdxElementId": "SPDXRef-Package-ignore-0.4.31"
    },
    {
      "relatedSpdxElement": "SPDXRef-Package-thiserror-2.0.20",
      "relationshipType": "DEPENDS_ON",
      "spdxElementId": "SPDXRef-Package-gix-revwalk-0.34.0"
    },
    {
      "relatedSpdxElement": "SPDXRef-Package-windows-sys-0.61.2",
      "relationshipType": "DEPENDS_ON",
      "spdxElementId": "SPDXRef-Package-mio-1.2.1"
    },
    {
      "relatedSpdxElement": "SPDXRef-Package-gix-utils-0.3.5",
      "relationshipType": "DEPENDS_ON",
      "spdxElementId": "SPDXRef-Package-gix-object-0.63.0"
    },
    {
      "relatedSpdxElement": "SPDXRef-Package-gix-tempfile-24.0.0",
      "relationshipType": "DEPENDS_ON",
      "spdxElementId": "SPDXRef-Package-gix-lock-24.0.0"
    },
    {
      "relatedSpdxElement": "SPDXRef-Package-gix-error-0.2.5",
      "relationshipType": "DEPENDS_ON",
      "spdxElementId": "SPDXRef-Package-gix-bitmap-0.3.3"
    },
    {
      "relatedSpdxElement": "SPDXRef-Package-gix-filter-0.33.0",
      "relationshipType": "DEPENDS_ON",
      "spdxElementId": "SPDXRef-Package-gix-worktree-state-0.33.0"
    },
    {
      "relatedSpdxElement": "SPDXRef-Package-walkdir-2.5.0",
      "relationshipType": "DEPENDS_ON",
      "spdxElementId": "SPDXRef-Package-ignore-0.4.31"
    },
    {
      "relatedSpdxElement": "SPDXRef-Package-unicode-bom-2.0.3",
      "relationshipType": "DEPENDS_ON",
      "spdxElementId": "SPDXRef-Package-gix-attributes-0.34.0"
    },
    {
      "relatedSpdxElement": "SPDXRef-Package-sha1-checked-0.10.0",
      "relationshipType": "DEPENDS_ON",
      "spdxElementId": "SPDXRef-Package-gix-hash-0.26.0"
    },
    {
      "relatedSpdxElement": "SPDXRef-File-repin-f4-spike",
      "relationshipType": "DESCRIBES",
      "spdxElementId": "SPDXRef-DOCUMENT"
    },
    {
      "relatedSpdxElement": "SPDXRef-Package-smallvec-1.15.2",
      "relationshipType": "DEPENDS_ON",
      "spdxElementId": "SPDXRef-Package-gix-filter-0.33.0"
    },
    {
      "relatedSpdxElement": "SPDXRef-Package-jiff-static-0.2.35",
      "relationshipType": "DEPENDS_ON",
      "spdxElementId": "SPDXRef-Package-jiff-0.2.35"
    },
    {
      "relatedSpdxElement": "SPDXRef-Package-gix-object-0.63.0",
      "relationshipType": "DEPENDS_ON",
      "spdxElementId": "SPDXRef-Package-gix-index-0.54.0"
    },
    {
      "relatedSpdxElement": "SPDXRef-Package-smallvec-1.15.2",
      "relationshipType": "DEPENDS_ON",
      "spdxElementId": "SPDXRef-Package-gix-traverse-0.60.0"
    },
    {
      "relatedSpdxElement": "SPDXRef-Package-shell-words-1.1.1",
      "relationshipType": "DEPENDS_ON",
      "spdxElementId": "SPDXRef-Package-gix-command-0.9.2"
    },
    {
      "relatedSpdxElement": "SPDXRef-Package-gix-path-0.12.4",
      "relationshipType": "DEPENDS_ON",
      "spdxElementId": "SPDXRef-Package-gix-pathspec-0.19.0"
    },
    {
      "relatedSpdxElement": "SPDXRef-Package-bstr-1.13.1",
      "relationshipType": "DEPENDS_ON",
      "spdxElementId": "SPDXRef-Package-gix-refspec-0.44.0"
    },
    {
      "relatedSpdxElement": "SPDXRef-Package-thiserror-2.0.20",
      "relationshipType": "DEPENDS_ON",
      "spdxElementId": "SPDXRef-Package-gix-submodule-0.33.0"
    },
    {
      "relatedSpdxElement": "SPDXRef-Package-winapi-0.3.9",
      "relationshipType": "DEPENDS_ON",
      "spdxElementId": "SPDXRef-Package-io-close-0.3.7"
    },
    {
      "relatedSpdxElement": "SPDXRef-Package-defmt-parser-1.0.0",
      "relationshipType": "DEPENDS_ON",
      "spdxElementId": "SPDXRef-Package-defmt-macros-1.1.1"
    },
    {
      "relatedSpdxElement": "SPDXRef-Package-gix-hash-0.26.0",
      "relationshipType": "DEPENDS_ON",
      "spdxElementId": "SPDXRef-Package-gix-hashtable-0.16.0"
    },
    {
      "relatedSpdxElement": "SPDXRef-Package-thiserror-2.0.20",
      "relationshipType": "DEPENDS_ON",
      "spdxElementId": "SPDXRef-Package-gix-attributes-0.34.0"
    },
    {
      "relatedSpdxElement": "SPDXRef-Package-thiserror-2.0.20",
      "relationshipType": "DEPENDS_ON",
      "spdxElementId": "SPDXRef-Package-gix-refspec-0.44.0"
    },
    {
      "relatedSpdxElement": "SPDXRef-Package-gix-index-0.54.0",
      "relationshipType": "DEPENDS_ON",
      "spdxElementId": "SPDXRef-Package-gix-status-0.33.0"
    },
    {
      "relatedSpdxElement": "SPDXRef-Package-mio-1.2.1",
      "relationshipType": "DEPENDS_ON",
      "spdxElementId": "SPDXRef-Package-tokio-1.53.1"
    },
    {
      "relatedSpdxElement": "SPDXRef-Package-gix-trace-0.1.21",
      "relationshipType": "DEPENDS_ON",
      "spdxElementId": "SPDXRef-Package-gix-diff-0.66.0"
    },
    {
      "relatedSpdxElement": "SPDXRef-Package-gix-prompt-0.16.0",
      "relationshipType": "DEPENDS_ON",
      "spdxElementId": "SPDXRef-Package-gix-credentials-0.39.1"
    },
    {
      "relatedSpdxElement": "SPDXRef-Package-gix-hash-0.26.0",
      "relationshipType": "DEPENDS_ON",
      "spdxElementId": "SPDXRef-Package-gix-pack-0.73.0"
    },
    {
      "relatedSpdxElement": "SPDXRef-Package-gix-hash-0.26.0",
      "relationshipType": "DEPENDS_ON",
      "spdxElementId": "SPDXRef-Package-gix-worktree-0.55.0"
    },
    {
      "relatedSpdxElement": "SPDXRef-Package-gix-object-0.63.0",
      "relationshipType": "DEPENDS_ON",
      "spdxElementId": "SPDXRef-Package-gix-filter-0.33.0"
    },
    {
      "relatedSpdxElement": "SPDXRef-Package-windows-sys-0.61.2",
      "relationshipType": "DEPENDS_ON",
      "spdxElementId": "SPDXRef-Package-gix-status-0.33.0"
    },
    {
      "relatedSpdxElement": "SPDXRef-Package-ambient-authority-0.0.2",
      "relationshipType": "DEPENDS_ON",
      "spdxElementId": "SPDXRef-Package-cap-primitives-4.0.2"
    },
    {
      "relatedSpdxElement": "SPDXRef-Package-gix-commitgraph-0.38.0",
      "relationshipType": "DEPENDS_ON",
      "spdxElementId": "SPDXRef-Package-gix-traverse-0.60.0"
    },
    {
      "relatedSpdxElement": "SPDXRef-Package-gix-sec-0.14.2",
      "relationshipType": "DEPENDS_ON",
      "spdxElementId": "SPDXRef-Package-gix-credentials-0.39.1"
    },
    {
      "relatedSpdxElement": "SPDXRef-Package-gix-prompt-0.16.0",
      "relationshipType": "DEPENDS_ON",
      "spdxElementId": "SPDXRef-Package-gix-0.86.0"
    },
    {
      "relatedSpdxElement": "SPDXRef-Package-bstr-1.13.1",
      "relationshipType": "DEPENDS_ON",
      "spdxElementId": "SPDXRef-Package-gix-credentials-0.39.1"
    },
    {
      "relatedSpdxElement": "SPDXRef-Package-windows-sys-0.59.0",
      "relationshipType": "DEPENDS_ON",
      "spdxElementId": "SPDXRef-Package-fs-set-times-0.20.3"
    },
    {
      "relatedSpdxElement": "SPDXRef-Package-windows-sys-0.61.2",
      "relationshipType": "DEPENDS_ON",
      "spdxElementId": "SPDXRef-Package-cap-primitives-4.0.2"
    },
    {
      "relatedSpdxElement": "SPDXRef-Package-windows--i686--gnu-0.52.6",
      "relationshipType": "DEPENDS_ON",
      "spdxElementId": "SPDXRef-Package-windows-targets-0.52.6"
    },
    {
      "relatedSpdxElement": "SPDXRef-Package-smallvec-1.15.2",
      "relationshipType": "DEPENDS_ON",
      "spdxElementId": "SPDXRef-Package-gix-blame-0.16.0"
    },
    {
      "relatedSpdxElement": "SPDXRef-Package-gix-object-0.63.0",
      "relationshipType": "DEPENDS_ON",
      "spdxElementId": "SPDXRef-Package-gix-blame-0.16.0"
    },
    {
      "relatedSpdxElement": "SPDXRef-Package-parking--lot--core-0.9.12",
      "relationshipType": "DEPENDS_ON",
      "spdxElementId": "SPDXRef-Package-dashmap-6.2.1"
    },
    {
      "relatedSpdxElement": "SPDXRef-Package-blake3-1.8.5",
      "relationshipType": "DEPENDS_ON",
      "spdxElementId": "SPDXRef-Package-repin-foundation-spike-0.1.0"
    },
    {
      "relatedSpdxElement": "SPDXRef-Package-gix-date-0.15.6",
      "relationshipType": "DEPENDS_ON",
      "spdxElementId": "SPDXRef-Package-gix-blame-0.16.0"
    },
    {
      "relatedSpdxElement": "SPDXRef-Package-once--cell-1.21.4",
      "relationshipType": "DEPENDS_ON",
      "spdxElementId": "SPDXRef-Package-dashmap-6.2.1"
    },
    {
      "relatedSpdxElement": "SPDXRef-Package-gix-pathspec-0.19.0",
      "relationshipType": "DEPENDS_ON",
      "spdxElementId": "SPDXRef-Package-gix-0.86.0"
    },
    {
      "relatedSpdxElement": "SPDXRef-Package-gix-glob-0.27.0",
      "relationshipType": "DEPENDS_ON",
      "spdxElementId": "SPDXRef-Package-gix-worktree-0.55.0"
    },
    {
      "relatedSpdxElement": "SPDXRef-Package-thiserror-2.0.20",
      "relationshipType": "DEPENDS_ON",
      "spdxElementId": "SPDXRef-Package-gix-url-0.37.1"
    },
    {
      "relatedSpdxElement": "SPDXRef-Package-thiserror-2.0.20",
      "relationshipType": "DEPENDS_ON",
      "spdxElementId": "SPDXRef-Package-gix-worktree-state-0.33.0"
    },
    {
      "relatedSpdxElement": "SPDXRef-Package-gix-path-0.12.4",
      "relationshipType": "DEPENDS_ON",
      "spdxElementId": "SPDXRef-Package-gix-worktree-state-0.33.0"
    },
    {
      "relatedSpdxElement": "SPDXRef-Package-fnv-1.0.7",
      "relationshipType": "DEPENDS_ON",
      "spdxElementId": "SPDXRef-Package-gix-index-0.54.0"
    },
    {
      "relatedSpdxElement": "SPDXRef-Package-portable-atomic-1.13.1",
      "relationshipType": "DEPENDS_ON",
      "spdxElementId": "SPDXRef-Package-jiff-0.2.35"
    },
    {
      "relatedSpdxElement": "SPDXRef-Package-serde--core-1.0.228",
      "relationshipType": "DEPENDS_ON",
      "spdxElementId": "SPDXRef-Package-serde-1.0.228"
    },
    {
      "relatedSpdxElement": "SPDXRef-Package-gix-fs-0.22.0",
      "relationshipType": "DEPENDS_ON",
      "spdxElementId": "SPDXRef-Package-gix-dir-0.28.0"
    },
    {
      "relatedSpdxElement": "SPDXRef-Package-parking--lot-0.12.5",
      "relationshipType": "DEPENDS_ON",
      "spdxElementId": "SPDXRef-Package-gix-prompt-0.16.0"
    },
    {
      "relatedSpdxElement": "SPDXRef-Package-gix-hash-0.26.0",
      "relationshipType": "DEPENDS_ON",
      "spdxElementId": "SPDXRef-Package-gix-odb-0.83.0"
    },
    {
      "relatedSpdxElement": "SPDXRef-Package-repin-foundation-spike-0.1.0",
      "relationshipType": "GENERATED_FROM",
      "spdxElementId": "SPDXRef-File-repin-foundation-followup"
    },
    {
      "relatedSpdxElement": "SPDXRef-Package-serde--derive-1.0.228",
      "relationshipType": "DEPENDS_ON",
      "spdxElementId": "SPDXRef-Package-serde-1.0.228"
    },
    {
      "relatedSpdxElement": "SPDXRef-Package-hash32-0.3.1",
      "relationshipType": "DEPENDS_ON",
      "spdxElementId": "SPDXRef-Package-heapless-0.8.0"
    },
    {
      "relatedSpdxElement": "SPDXRef-Package-gix-path-0.12.4",
      "relationshipType": "DEPENDS_ON",
      "spdxElementId": "SPDXRef-Package-gix-filter-0.33.0"
    },
    {
      "relatedSpdxElement": "SPDXRef-Package-gix-url-0.37.1",
      "relationshipType": "DEPENDS_ON",
      "spdxElementId": "SPDXRef-Package-gix-credentials-0.39.1"
    },
    {
      "relatedSpdxElement": "SPDXRef-Package-aho-corasick-1.1.5",
      "relationshipType": "DEPENDS_ON",
      "spdxElementId": "SPDXRef-Package-globset-0.4.19"
    },
    {
      "relatedSpdxElement": "SPDXRef-Package-gix-trace-0.1.21",
      "relationshipType": "DEPENDS_ON",
      "spdxElementId": "SPDXRef-Package-gix-command-0.9.2"
    },
    {
      "relatedSpdxElement": "SPDXRef-Package-bisync-0.3.0",
      "relationshipType": "DEPENDS_ON",
      "spdxElementId": "SPDXRef-Package-gix-protocol-0.64.0"
    },
    {
      "relatedSpdxElement": "SPDXRef-Package-parking--lot-0.12.5",
      "relationshipType": "DEPENDS_ON",
      "spdxElementId": "SPDXRef-Package-gix-tempfile-24.0.0"
    },
    {
      "relatedSpdxElement": "SPDXRef-Package-gix-filter-0.33.0",
      "relationshipType": "DEPENDS_ON",
      "spdxElementId": "SPDXRef-Package-gix-status-0.33.0"
    },
    {
      "relatedSpdxElement": "SPDXRef-Package-globset-0.4.19",
      "relationshipType": "DEPENDS_ON",
      "spdxElementId": "SPDXRef-Package-repin-foundation-spike-0.1.0"
    },
    {
      "relatedSpdxElement": "SPDXRef-Package-gix-glob-0.27.0",
      "relationshipType": "DEPENDS_ON",
      "spdxElementId": "SPDXRef-Package-gix-0.86.0"
    },
    {
      "relatedSpdxElement": "SPDXRef-Package-once--cell-1.21.4",
      "relationshipType": "DEPENDS_ON",
      "spdxElementId": "SPDXRef-Package-tempfile-3.27.0"
    },
    {
      "relatedSpdxElement": "SPDXRef-Package-gix-date-0.15.6",
      "relationshipType": "DEPENDS_ON",
      "spdxElementId": "SPDXRef-Package-gix-revwalk-0.34.0"
    },
    {
      "relatedSpdxElement": "SPDXRef-Package-wasm-bindgen-macro-0.2.120",
      "relationshipType": "DEPENDS_ON",
      "spdxElementId": "SPDXRef-Package-wasm-bindgen-0.2.120"
    },
    {
      "relatedSpdxElement": "SPDXRef-Package-defmt-1.1.1",
      "relationshipType": "DEPENDS_ON",
      "spdxElementId": "SPDXRef-Package-jiff-core-0.1.0"
    },
    {
      "relatedSpdxElement": "SPDXRef-Package-gix-path-0.12.4",
      "relationshipType": "DEPENDS_ON",
      "spdxElementId": "SPDXRef-Package-gix-config-0.59.0"
    },
    {
      "relatedSpdxElement": "SPDXRef-Package-itoa-1.0.18",
      "relationshipType": "DEPENDS_ON",
      "spdxElementId": "SPDXRef-Package-gix-object-0.63.0"
    },
    {
      "relatedSpdxElement": "SPDXRef-Package-tree-sitter-language-0.1.7",
      "relationshipType": "DEPENDS_ON",
      "spdxElementId": "SPDXRef-Package-tree-sitter-0.26.11"
    },
    {
      "relatedSpdxElement": "SPDXRef-Package-bitflags-2.13.1",
      "relationshipType": "DEPENDS_ON",
      "spdxElementId": "SPDXRef-Package-rustix-1.1.4"
    },
    {
      "relatedSpdxElement": "SPDXRef-Package-memchr-2.8.3",
      "relationshipType": "DEPENDS_ON",
      "spdxElementId": "SPDXRef-Package-regex-automata-0.4.16"
    },
    {
      "relatedSpdxElement": "SPDXRef-Package-gix-actor-0.41.2",
      "relationshipType": "DEPENDS_ON",
      "spdxElementId": "SPDXRef-Package-gix-ref-0.66.0"
    },
    {
      "relatedSpdxElement": "SPDXRef-Package-hashbrown-0.16.1",
      "relationshipType": "DEPENDS_ON",
      "spdxElementId": "SPDXRef-Package-clru-0.6.3"
    },
    {
      "relatedSpdxElement": "SPDXRef-Package-gix-revwalk-0.34.0",
      "relationshipType": "DEPENDS_ON",
      "spdxElementId": "SPDXRef-Package-gix-traverse-0.60.0"
    },
    {
      "relatedSpdxElement": "SPDXRef-Package-unicode-ident-1.0.24",
      "relationshipType": "DEPENDS_ON",
      "spdxElementId": "SPDXRef-Package-syn-2.0.119"
    },
    {
      "relatedSpdxElement": "SPDXRef-Package-thiserror-2.0.20",
      "relationshipType": "DEPENDS_ON",
      "spdxElementId": "SPDXRef-Package-gix-hash-0.26.0"
    },
    {
      "relatedSpdxElement": "SPDXRef-Package-gix-error-0.2.5",
      "relationshipType": "DEPENDS_ON",
      "spdxElementId": "SPDXRef-Package-gix-commitgraph-0.38.0"
    },
    {
      "relatedSpdxElement": "SPDXRef-Package-tree-sitter-typescript-0.23.2",
      "relationshipType": "DEPENDS_ON",
      "spdxElementId": "SPDXRef-Package-repin-foundation-spike-0.1.0"
    },
    {
      "relatedSpdxElement": "SPDXRef-Package-gix-utils-0.3.5",
      "relationshipType": "DEPENDS_ON",
      "spdxElementId": "SPDXRef-Package-gix-lock-24.0.0"
    },
    {
      "relatedSpdxElement": "SPDXRef-Package-gix-hash-0.26.0",
      "relationshipType": "DEPENDS_ON",
      "spdxElementId": "SPDXRef-Package-gix-protocol-0.64.0"
    },
    {
      "relatedSpdxElement": "SPDXRef-Package-gix-path-0.12.4",
      "relationshipType": "DEPENDS_ON",
      "spdxElementId": "SPDXRef-Package-gix-transport-0.58.1"
    },
    {
      "relatedSpdxElement": "SPDXRef-Package-gix-discover-0.54.0",
      "relationshipType": "DEPENDS_ON",
      "spdxElementId": "SPDXRef-Package-gix-0.86.0"
    },
    {
      "relatedSpdxElement": "SPDXRef-Package-tinyvec-1.12.0",
      "relationshipType": "DEPENDS_ON",
      "spdxElementId": "SPDXRef-Package-unicode-normalization-0.1.25"
    },
    {
      "relatedSpdxElement": "SPDXRef-Package-equivalent-1.0.2",
      "relationshipType": "DEPENDS_ON",
      "spdxElementId": "SPDXRef-Package-hashbrown-0.17.1"
    },
    {
      "relatedSpdxElement": "SPDXRef-Package-bstr-1.13.1",
      "relationshipType": "DEPENDS_ON",
      "spdxElementId": "SPDXRef-Package-gix-actor-0.41.2"
    },
    {
      "relatedSpdxElement": "SPDXRef-Package-gix-traverse-0.60.0",
      "relationshipType": "DEPENDS_ON",
      "spdxElementId": "SPDXRef-Package-gix-index-0.54.0"
    },
    {
      "relatedSpdxElement": "SPDXRef-Package-gix-command-0.9.2",
      "relationshipType": "DEPENDS_ON",
      "spdxElementId": "SPDXRef-Package-gix-credentials-0.39.1"
    },
    {
      "relatedSpdxElement": "SPDXRef-Package-cfb-0.7.3",
      "relationshipType": "DEPENDS_ON",
      "spdxElementId": "SPDXRef-Package-infer-0.19.0"
    },
    {
      "relatedSpdxElement": "SPDXRef-Package-gix-hash-0.26.0",
      "relationshipType": "DEPENDS_ON",
      "spdxElementId": "SPDXRef-Package-gix-revision-0.48.0"
    },
    {
      "relatedSpdxElement": "SPDXRef-Package-proc-macro2-1.0.107",
      "relationshipType": "DEPENDS_ON",
      "spdxElementId": "SPDXRef-Package-defmt-macros-1.1.1"
    },
    {
      "relatedSpdxElement": "SPDXRef-Package-gix-lock-24.0.0",
      "relationshipType": "DEPENDS_ON",
      "spdxElementId": "SPDXRef-Package-gix-0.86.0"
    },
    {
      "relatedSpdxElement": "SPDXRef-Package-bstr-1.13.1",
      "relationshipType": "DEPENDS_ON",
      "spdxElementId": "SPDXRef-Package-gix-submodule-0.33.0"
    },
    {
      "relatedSpdxElement": "SPDXRef-Package-gix-path-0.12.4",
      "relationshipType": "DEPENDS_ON",
      "spdxElementId": "SPDXRef-Package-gix-command-0.9.2"
    },
    {
      "relatedSpdxElement": "SPDXRef-Package-portable-atomic-util-0.2.4",
      "relationshipType": "DEPENDS_ON",
      "spdxElementId": "SPDXRef-Package-jiff-0.2.35"
    },
    {
      "relatedSpdxElement": "SPDXRef-Package-prodash-31.0.0",
      "relationshipType": "DEPENDS_ON",
      "spdxElementId": "SPDXRef-Package-gix-features-0.49.0"
    },
    {
      "relatedSpdxElement": "SPDXRef-Package-gix-worktree-0.55.0",
      "relationshipType": "DEPENDS_ON",
      "spdxElementId": "SPDXRef-Package-gix-blame-0.16.0"
    },
    {
      "relatedSpdxElement": "SPDXRef-Package-bitflags-2.13.1",
      "relationshipType": "DEPENDS_ON",
      "spdxElementId": "SPDXRef-Package-gix-index-0.54.0"
    },
    {
      "relatedSpdxElement": "SPDXRef-Package-cfg-if-1.0.4",
      "relationshipType": "DEPENDS_ON",
      "spdxElementId": "SPDXRef-Package-blake3-1.8.5"
    },
    {
      "relatedSpdxElement": "SPDXRef-Package-tree-sitter-javascript-0.25.0",
      "relationshipType": "DEPENDS_ON",
      "spdxElementId": "SPDXRef-Package-repin-foundation-spike-0.1.0"
    },
    {
      "relatedSpdxElement": "SPDXRef-Package-maybe-owned-0.3.4",
      "relationshipType": "DEPENDS_ON",
      "spdxElementId": "SPDXRef-Package-cap-primitives-4.0.2"
    },
    {
      "relatedSpdxElement": "SPDXRef-Package-gix-index-0.54.0",
      "relationshipType": "DEPENDS_ON",
      "spdxElementId": "SPDXRef-Package-gix-0.86.0"
    },
    {
      "relatedSpdxElement": "SPDXRef-Package-windows-link-0.2.1",
      "relationshipType": "DEPENDS_ON",
      "spdxElementId": "SPDXRef-Package-windows-sys-0.61.2"
    },
    {
      "relatedSpdxElement": "SPDXRef-Package-heapless-0.8.0",
      "relationshipType": "DEPENDS_ON",
      "spdxElementId": "SPDXRef-Package-faster-hex-0.10.0"
    },
    {
      "relatedSpdxElement": "SPDXRef-Package-syn-2.0.119",
      "relationshipType": "DEPENDS_ON",
      "spdxElementId": "SPDXRef-Package-defmt-macros-1.1.1"
    },
    {
      "relatedSpdxElement": "SPDXRef-Package-thiserror-2.0.20",
      "relationshipType": "DEPENDS_ON",
      "spdxElementId": "SPDXRef-Package-gix-dir-0.28.0"
    },
    {
      "relatedSpdxElement": "SPDXRef-Package-gix-command-0.9.2",
      "relationshipType": "DEPENDS_ON",
      "spdxElementId": "SPDXRef-Package-gix-0.86.0"
    },
    {
      "relatedSpdxElement": "SPDXRef-Package-bstr-1.13.1",
      "relationshipType": "DEPENDS_ON",
      "spdxElementId": "SPDXRef-Package-gix-url-0.37.1"
    },
    {
      "relatedSpdxElement": "SPDXRef-Package-gix-features-0.49.0",
      "relationshipType": "DEPENDS_ON",
      "spdxElementId": "SPDXRef-Package-gix-status-0.33.0"
    },
    {
      "relatedSpdxElement": "SPDXRef-Package-gix-sec-0.14.2",
      "relationshipType": "DEPENDS_ON",
      "spdxElementId": "SPDXRef-Package-gix-0.86.0"
    },
    {
      "relatedSpdxElement": "SPDXRef-Package-portable-atomic-1.13.1",
      "relationshipType": "DEPENDS_ON",
      "spdxElementId": "SPDXRef-Package-portable-atomic-util-0.2.4"
    },
    {
      "relatedSpdxElement": "SPDXRef-Package-gix-credentials-0.39.1",
      "relationshipType": "DEPENDS_ON",
      "spdxElementId": "SPDXRef-Package-gix-0.86.0"
    },
    {
      "relatedSpdxElement": "SPDXRef-Package-faster-hex-0.10.0",
      "relationshipType": "DEPENDS_ON",
      "spdxElementId": "SPDXRef-Package-gix-hash-0.26.0"
    },
    {
      "relatedSpdxElement": "SPDXRef-Package-gix-utils-0.3.5",
      "relationshipType": "DEPENDS_ON",
      "spdxElementId": "SPDXRef-Package-gix-0.86.0"
    },
    {
      "relatedSpdxElement": "SPDXRef-Package-thiserror-2.0.20",
      "relationshipType": "DEPENDS_ON",
      "spdxElementId": "SPDXRef-Package-gix-traverse-0.60.0"
    },
    {
      "relatedSpdxElement": "SPDXRef-Package-gix-date-0.15.6",
      "relationshipType": "DEPENDS_ON",
      "spdxElementId": "SPDXRef-Package-gix-negotiate-0.34.0"
    },
    {
      "relatedSpdxElement": "SPDXRef-Package-hashbrown-0.17.1",
      "relationshipType": "DEPENDS_ON",
      "spdxElementId": "SPDXRef-Package-indexmap-2.14.0"
    },
    {
      "relatedSpdxElement": "SPDXRef-Package-stable--deref--trait-1.2.1",
      "relationshipType": "DEPENDS_ON",
      "spdxElementId": "SPDXRef-Package-heapless-0.8.0"
    },
    {
      "relatedSpdxElement": "SPDXRef-Package-gix-filter-0.33.0",
      "relationshipType": "DEPENDS_ON",
      "spdxElementId": "SPDXRef-Package-gix-diff-0.66.0"
    },
    {
      "relatedSpdxElement": "SPDXRef-Package-bstr-1.13.1",
      "relationshipType": "DEPENDS_ON",
      "spdxElementId": "SPDXRef-Package-gix-diff-0.66.0"
    },
    {
      "relatedSpdxElement": "SPDXRef-Package-gix-path-0.12.4",
      "relationshipType": "DEPENDS_ON",
      "spdxElementId": "SPDXRef-Package-gix-odb-0.83.0"
    },
    {
      "relatedSpdxElement": "SPDXRef-Package-wasm-bindgen-0.2.120",
      "relationshipType": "DEPENDS_ON",
      "spdxElementId": "SPDXRef-Package-uuid-1.24.1"
    },
    {
      "relatedSpdxElement": "SPDXRef-Package-gix-glob-0.27.0",
      "relationshipType": "DEPENDS_ON",
      "spdxElementId": "SPDXRef-Package-gix-pathspec-0.19.0"
    },
    {
      "relatedSpdxElement": "SPDXRef-Package-thiserror-2.0.20",
      "relationshipType": "DEPENDS_ON",
      "spdxElementId": "SPDXRef-Package-gix-odb-0.83.0"
    },
    {
      "relatedSpdxElement": "SPDXRef-Package-gix-object-0.63.0",
      "relationshipType": "DEPENDS_ON",
      "spdxElementId": "SPDXRef-Package-gix-pack-0.73.0"
    },
    {
      "relatedSpdxElement": "SPDXRef-Package-bstr-1.13.1",
      "relationshipType": "DEPENDS_ON",
      "spdxElementId": "SPDXRef-Package-globset-0.4.19"
    },
    {
      "relatedSpdxElement": "SPDXRef-Package-thiserror-2.0.20",
      "relationshipType": "DEPENDS_ON",
      "spdxElementId": "SPDXRef-Package-gix-credentials-0.39.1"
    },
    {
      "relatedSpdxElement": "SPDXRef-Package-itoa-1.0.18",
      "relationshipType": "DEPENDS_ON",
      "spdxElementId": "SPDXRef-Package-serde--json-1.0.145"
    },
    {
      "relatedSpdxElement": "SPDXRef-Package-gix-lock-24.0.0",
      "relationshipType": "DEPENDS_ON",
      "spdxElementId": "SPDXRef-Package-gix-ref-0.66.0"
    },
    {
      "relatedSpdxElement": "SPDXRef-Package-windows-sys-0.61.2",
      "relationshipType": "DEPENDS_ON",
      "spdxElementId": "SPDXRef-Package-cap-fs-ext-4.0.2"
    },
    {
      "relatedSpdxElement": "SPDXRef-Package-gix-attributes-0.34.0",
      "relationshipType": "DEPENDS_ON",
      "spdxElementId": "SPDXRef-Package-gix-filter-0.33.0"
    },
    {
      "relatedSpdxElement": "SPDXRef-Package-gix-fs-0.22.0",
      "relationshipType": "DEPENDS_ON",
      "spdxElementId": "SPDXRef-Package-gix-diff-0.66.0"
    },
    {
      "relatedSpdxElement": "SPDXRef-Package-tree-sitter-language-0.1.7",
      "relationshipType": "DEPENDS_ON",
      "spdxElementId": "SPDXRef-Package-tree-sitter-typescript-0.23.2"
    },
    {
      "relatedSpdxElement": "SPDXRef-Package-gix-worktree-state-0.33.0",
      "relationshipType": "DEPENDS_ON",
      "spdxElementId": "SPDXRef-Package-gix-0.86.0"
    },
    {
      "relatedSpdxElement": "SPDXRef-Package-same-file-1.0.6",
      "relationshipType": "DEPENDS_ON",
      "spdxElementId": "SPDXRef-Package-walkdir-2.5.0"
    },
    {
      "relatedSpdxElement": "SPDXRef-Package-infer-0.19.0",
      "relationshipType": "DEPENDS_ON",
      "spdxElementId": "SPDXRef-Package-repin-foundation-spike-0.1.0"
    },
    {
      "relatedSpdxElement": "SPDXRef-Package-windows--x86--64--msvc-0.53.1",
      "relationshipType": "DEPENDS_ON",
      "spdxElementId": "SPDXRef-Package-windows-targets-0.53.5"
    },
    {
      "relatedSpdxElement": "SPDXRef-Package-proc-macro2-1.0.107",
      "relationshipType": "DEPENDS_ON",
      "spdxElementId": "SPDXRef-Package-quote-1.0.47"
    },
    {
      "relatedSpdxElement": "SPDXRef-Package-gix-attributes-0.34.0",
      "relationshipType": "DEPENDS_ON",
      "spdxElementId": "SPDXRef-Package-gix-worktree-0.55.0"
    },
    {
      "relatedSpdxElement": "SPDXRef-Package-winapi-x86--64-pc-windows-gnu-0.4.0",
      "relationshipType": "DEPENDS_ON",
      "spdxElementId": "SPDXRef-Package-winapi-0.3.9"
    },
    {
      "relatedSpdxElement": "SPDXRef-Package-windows--aarch64--gnullvm-0.53.1",
      "relationshipType": "DEPENDS_ON",
      "spdxElementId": "SPDXRef-Package-windows-targets-0.53.5"
    },
    {
      "relatedSpdxElement": "SPDXRef-Package-gix-path-0.12.4",
      "relationshipType": "DEPENDS_ON",
      "spdxElementId": "SPDXRef-Package-gix-config-value-0.19.1"
    },
    {
      "relatedSpdxElement": "SPDXRef-Package-regex-syntax-0.8.11",
      "relationshipType": "DEPENDS_ON",
      "spdxElementId": "SPDXRef-Package-globset-0.4.19"
    },
    {
      "relatedSpdxElement": "SPDXRef-Package-gix-worktree-stream-0.35.0",
      "relationshipType": "DEPENDS_ON",
      "spdxElementId": "SPDXRef-Package-gix-archive-0.35.0"
    },
    {
      "relatedSpdxElement": "SPDXRef-Package-ipnet-2.12.1",
      "relationshipType": "DEPENDS_ON",
      "spdxElementId": "SPDXRef-Package-cap-primitives-4.0.2"
    },
    {
      "relatedSpdxElement": "SPDXRef-Package-gix-path-0.12.4",
      "relationshipType": "DEPENDS_ON",
      "spdxElementId": "SPDXRef-Package-gix-sec-0.14.2"
    },
    {
      "relatedSpdxElement": "SPDXRef-Package-gix-date-0.15.6",
      "relationshipType": "DEPENDS_ON",
      "spdxElementId": "SPDXRef-Package-gix-0.86.0"
    },
    {
      "relatedSpdxElement": "SPDXRef-Package-gix-traverse-0.60.0",
      "relationshipType": "DEPENDS_ON",
      "spdxElementId": "SPDXRef-Package-gix-worktree-stream-0.35.0"
    },
    {
      "relatedSpdxElement": "SPDXRef-Package-log-0.4.33",
      "relationshipType": "DEPENDS_ON",
      "spdxElementId": "SPDXRef-Package-jiff-0.2.35"
    },
    {
      "relatedSpdxElement": "SPDXRef-Package-allocator-api2-0.2.21",
      "relationshipType": "DEPENDS_ON",
      "spdxElementId": "SPDXRef-Package-hashbrown-0.16.1"
    },
    {
      "relatedSpdxElement": "SPDXRef-Package-thiserror-2.0.20",
      "relationshipType": "DEPENDS_ON",
      "spdxElementId": "SPDXRef-Package-gix-protocol-0.64.0"
    },
    {
      "relatedSpdxElement": "SPDXRef-Package-gix-date-0.15.6",
      "relationshipType": "DEPENDS_ON",
      "spdxElementId": "SPDXRef-Package-gix-object-0.63.0"
    },
    {
      "relatedSpdxElement": "SPDXRef-Package-cfg-if-1.0.4",
      "relationshipType": "DEPENDS_ON",
      "spdxElementId": "SPDXRef-Package-js-sys-0.3.97"
    },
    {
      "relatedSpdxElement": "SPDXRef-Package-gix-date-0.15.6",
      "relationshipType": "DEPENDS_ON",
      "spdxElementId": "SPDXRef-Package-gix-archive-0.35.0"
    },
    {
      "relatedSpdxElement": "SPDXRef-Package-nonempty-0.12.0",
      "relationshipType": "DEPENDS_ON",
      "spdxElementId": "SPDXRef-Package-gix-commitgraph-0.38.0"
    },
    {
      "relatedSpdxElement": "SPDXRef-Package-io-close-0.3.7",
      "relationshipType": "DEPENDS_ON",
      "spdxElementId": "SPDXRef-Package-gix-worktree-state-0.33.0"
    },
    {
      "relatedSpdxElement": "SPDXRef-Package-gix-error-0.2.5",
      "relationshipType": "DEPENDS_ON",
      "spdxElementId": "SPDXRef-Package-gix-date-0.15.6"
    },
    {
      "relatedSpdxElement": "SPDXRef-Package-gix-path-0.12.4",
      "relationshipType": "DEPENDS_ON",
      "spdxElementId": "SPDXRef-Package-gix-worktree-stream-0.35.0"
    },
    {
      "relatedSpdxElement": "SPDXRef-Package-scopeguard-1.2.0",
      "relationshipType": "DEPENDS_ON",
      "spdxElementId": "SPDXRef-Package-lock--api-0.4.14"
    },
    {
      "relatedSpdxElement": "SPDXRef-Package-gix-error-0.2.5",
      "relationshipType": "DEPENDS_ON",
      "spdxElementId": "SPDXRef-Package-gix-archive-0.35.0"
    },
    {
      "relatedSpdxElement": "SPDXRef-Package-io-lifetimes-2.0.4",
      "relationshipType": "DEPENDS_ON",
      "spdxElementId": "SPDXRef-Package-fs-set-times-0.20.3"
    },
    {
      "relatedSpdxElement": "SPDXRef-Package-libc-0.2.189",
      "relationshipType": "DEPENDS_ON",
      "spdxElementId": "SPDXRef-Package-socket2-0.6.4"
    },
    {
      "relatedSpdxElement": "SPDXRef-Package-rustix-1.1.4",
      "relationshipType": "DEPENDS_ON",
      "spdxElementId": "SPDXRef-Package-cap-std-4.0.2"
    },
    {
      "relatedSpdxElement": "SPDXRef-Package-gix-lock-24.0.0",
      "relationshipType": "DEPENDS_ON",
      "spdxElementId": "SPDXRef-Package-gix-index-0.54.0"
    },
    {
      "relatedSpdxElement": "SPDXRef-Package-bitflags-1.3.2",
      "relationshipType": "DEPENDS_ON",
      "spdxElementId": "SPDXRef-Package-defmt-1.1.1"
    },
    {
      "relatedSpdxElement": "SPDXRef-Package-proc-macro2-1.0.107",
      "relationshipType": "DEPENDS_ON",
      "spdxElementId": "SPDXRef-Package-serde--derive-1.0.228"
    },
    {
      "relatedSpdxElement": "SPDXRef-Package-bstr-1.13.1",
      "relationshipType": "DEPENDS_ON",
      "spdxElementId": "SPDXRef-Package-gix-index-0.54.0"
    },
    {
      "relatedSpdxElement": "SPDXRef-Package-gix-error-0.2.5",
      "relationshipType": "DEPENDS_ON",
      "spdxElementId": "SPDXRef-Package-gix-mailmap-0.33.2"
    },
    {
      "relatedSpdxElement": "SPDXRef-Package-unicode-ident-1.0.24",
      "relationshipType": "DEPENDS_ON",
      "spdxElementId": "SPDXRef-Package-proc-macro2-1.0.107"
    },
    {
      "relatedSpdxElement": "SPDXRef-Package-gix-path-0.12.4",
      "relationshipType": "DEPENDS_ON",
      "spdxElementId": "SPDXRef-Package-gix-dir-0.28.0"
    },
    {
      "relatedSpdxElement": "SPDXRef-Package-byteorder-1.5.0",
      "relationshipType": "DEPENDS_ON",
      "spdxElementId": "SPDXRef-Package-hash32-0.3.1"
    },
    {
      "relatedSpdxElement": "SPDXRef-Package-windows--aarch64--msvc-0.53.1",
      "relationshipType": "DEPENDS_ON",
      "spdxElementId": "SPDXRef-Package-windows-targets-0.53.5"
    },
    {
      "relatedSpdxElement": "SPDXRef-Package-parking--lot-0.12.5",
      "relationshipType": "DEPENDS_ON",
      "spdxElementId": "SPDXRef-Package-gix-hashtable-0.16.0"
    },
    {
      "relatedSpdxElement": "SPDXRef-Package-gix-utils-0.3.5",
      "relationshipType": "DEPENDS_ON",
      "spdxElementId": "SPDXRef-Package-gix-ref-0.66.0"
    },
    {
      "relatedSpdxElement": "SPDXRef-Package-bstr-1.13.1",
      "relationshipType": "DEPENDS_ON",
      "spdxElementId": "SPDXRef-Package-gix-commitgraph-0.38.0"
    },
    {
      "relatedSpdxElement": "SPDXRef-Package-bstr-1.13.1",
      "relationshipType": "DEPENDS_ON",
      "spdxElementId": "SPDXRef-Package-gix-ignore-0.22.0"
    },
    {
      "relatedSpdxElement": "SPDXRef-Package-libc-0.2.189",
      "relationshipType": "DEPENDS_ON",
      "spdxElementId": "SPDXRef-Package-signal-hook-registry-1.4.8"
    },
    {
      "relatedSpdxElement": "SPDXRef-Package-gix-0.86.0",
      "relationshipType": "DEPENDS_ON",
      "spdxElementId": "SPDXRef-Package-repin-foundation-spike-0.1.0"
    },
    {
      "relatedSpdxElement": "SPDXRef-Package-faster-hex-0.10.0",
      "relationshipType": "DEPENDS_ON",
      "spdxElementId": "SPDXRef-Package-gix-packetline-0.22.0"
    },
    {
      "relatedSpdxElement": "SPDXRef-Package-hashbrown-0.17.1",
      "relationshipType": "DEPENDS_ON",
      "spdxElementId": "SPDXRef-Package-gix-imara-diff-0.2.4"
    },
    {
      "relatedSpdxElement": "SPDXRef-Package-gix-actor-0.41.2",
      "relationshipType": "DEPENDS_ON",
      "spdxElementId": "SPDXRef-Package-gix-mailmap-0.33.2"
    },
    {
      "relatedSpdxElement": "SPDXRef-Package-arc-swap-1.9.2",
      "relationshipType": "DEPENDS_ON",
      "spdxElementId": "SPDXRef-Package-gix-odb-0.83.0"
    },
    {
      "relatedSpdxElement": "SPDXRef-Package-gix-zlib-0.1.0",
      "relationshipType": "DEPENDS_ON",
      "spdxElementId": "SPDXRef-Package-gix-pack-0.73.0"
    },
    {
      "relatedSpdxElement": "SPDXRef-Package-gix-object-0.63.0",
      "relationshipType": "DEPENDS_ON",
      "spdxElementId": "SPDXRef-Package-gix-odb-0.83.0"
    },
    {
      "relatedSpdxElement": "SPDXRef-Package-gix-transport-0.58.1",
      "relationshipType": "DEPENDS_ON",
      "spdxElementId": "SPDXRef-Package-gix-protocol-0.64.0"
    },
    {
      "relatedSpdxElement": "SPDXRef-Package-gix-fs-0.22.0",
      "relationshipType": "DEPENDS_ON",
      "spdxElementId": "SPDXRef-Package-gix-status-0.33.0"
    },
    {
      "relatedSpdxElement": "SPDXRef-Package-serde--derive-1.0.228",
      "relationshipType": "DEPENDS_ON",
      "spdxElementId": "SPDXRef-Package-serde--core-1.0.228"
    },
    {
      "relatedSpdxElement": "SPDXRef-Package-gix-attributes-0.34.0",
      "relationshipType": "DEPENDS_ON",
      "spdxElementId": "SPDXRef-Package-gix-pathspec-0.19.0"
    },
    {
      "relatedSpdxElement": "SPDXRef-Package-bstr-1.13.1",
      "relationshipType": "DEPENDS_ON",
      "spdxElementId": "SPDXRef-Package-gix-date-0.15.6"
    },
    {
      "relatedSpdxElement": "SPDXRef-Package-bstr-1.13.1",
      "relationshipType": "DEPENDS_ON",
      "spdxElementId": "SPDXRef-Package-gix-config-0.59.0"
    },
    {
      "relatedSpdxElement": "SPDXRef-Package-libc-0.2.189",
      "relationshipType": "DEPENDS_ON",
      "spdxElementId": "SPDXRef-Package-parking--lot--core-0.9.12"
    },
    {
      "relatedSpdxElement": "SPDXRef-Package-jiff-0.2.35",
      "relationshipType": "DEPENDS_ON",
      "spdxElementId": "SPDXRef-Package-gix-date-0.15.6"
    },
    {
      "relatedSpdxElement": "SPDXRef-Package-gix-blame-0.16.0",
      "relationshipType": "DEPENDS_ON",
      "spdxElementId": "SPDXRef-Package-gix-0.86.0"
    },
    {
      "relatedSpdxElement": "SPDXRef-Package-itoa-1.0.18",
      "relationshipType": "DEPENDS_ON",
      "spdxElementId": "SPDXRef-Package-gix-date-0.15.6"
    },
    {
      "relatedSpdxElement": "SPDXRef-Package-memchr-2.8.3",
      "relationshipType": "DEPENDS_ON",
      "spdxElementId": "SPDXRef-Package-regex-1.13.1"
    },
    {
      "relatedSpdxElement": "SPDXRef-Package-syn-2.0.119",
      "relationshipType": "DEPENDS_ON",
      "spdxElementId": "SPDXRef-Package-jiff-static-0.2.35"
    },
    {
      "relatedSpdxElement": "SPDXRef-Package-gix-ignore-0.22.0",
      "relationshipType": "DEPENDS_ON",
      "spdxElementId": "SPDXRef-Package-gix-dir-0.28.0"
    },
    {
      "relatedSpdxElement": "SPDXRef-Package-hashbrown-0.16.1",
      "relationshipType": "DEPENDS_ON",
      "spdxElementId": "SPDXRef-Package-gix-status-0.33.0"
    },
    {
      "relatedSpdxElement": "SPDXRef-Package-crossbeam-utils-0.8.22",
      "relationshipType": "DEPENDS_ON",
      "spdxElementId": "SPDXRef-Package-crossbeam-channel-0.5.16"
    },
    {
      "relatedSpdxElement": "SPDXRef-Package-gix-diff-0.66.0",
      "relationshipType": "DEPENDS_ON",
      "spdxElementId": "SPDXRef-Package-gix-blame-0.16.0"
    },
    {
      "relatedSpdxElement": "SPDXRef-Package-gix-object-0.63.0",
      "relationshipType": "DEPENDS_ON",
      "spdxElementId": "SPDXRef-Package-gix-dir-0.28.0"
    },
    {
      "relatedSpdxElement": "SPDXRef-Package-gix-ref-0.66.0",
      "relationshipType": "DEPENDS_ON",
      "spdxElementId": "SPDXRef-Package-gix-protocol-0.64.0"
    },
    {
      "relatedSpdxElement": "SPDXRef-Package-io-lifetimes-3.0.1",
      "relationshipType": "DEPENDS_ON",
      "spdxElementId": "SPDXRef-Package-io-extras-0.19.0"
    },
    {
      "relatedSpdxElement": "SPDXRef-Package-gix-packetline-0.22.0",
      "relationshipType": "DEPENDS_ON",
      "spdxElementId": "SPDXRef-Package-gix-filter-0.33.0"
    },
    {
      "relatedSpdxElement": "SPDXRef-Package-gix-path-0.12.4",
      "relationshipType": "DEPENDS_ON",
      "spdxElementId": "SPDXRef-Package-gix-submodule-0.33.0"
    },
    {
      "relatedSpdxElement": "SPDXRef-Package-crc32fast-1.5.0",
      "relationshipType": "DEPENDS_ON",
      "spdxElementId": "SPDXRef-Package-gix-features-0.49.0"
    },
    {
      "relatedSpdxElement": "SPDXRef-Package-regex-automata-0.4.16",
      "relationshipType": "DEPENDS_ON",
      "spdxElementId": "SPDXRef-Package-ignore-0.4.31"
    },
    {
      "relatedSpdxElement": "SPDXRef-Package-gix-date-0.15.6",
      "relationshipType": "DEPENDS_ON",
      "spdxElementId": "SPDXRef-Package-gix-mailmap-0.33.2"
    },
    {
      "relatedSpdxElement": "SPDXRef-Package-gix-tempfile-24.0.0",
      "relationshipType": "DEPENDS_ON",
      "spdxElementId": "SPDXRef-Package-gix-ref-0.66.0"
    },
    {
      "relatedSpdxElement": "SPDXRef-Package-once--cell-1.21.4",
      "relationshipType": "DEPENDS_ON",
      "spdxElementId": "SPDXRef-Package-wasm-bindgen-0.2.120"
    },
    {
      "relatedSpdxElement": "SPDXRef-Package-serde--core-1.0.228",
      "relationshipType": "DEPENDS_ON",
      "spdxElementId": "SPDXRef-Package-serde--json-1.0.145"
    },
    {
      "relatedSpdxElement": "SPDXRef-Package-memchr-2.8.3",
      "relationshipType": "DEPENDS_ON",
      "spdxElementId": "SPDXRef-Package-serde--json-1.0.145"
    },
    {
      "relatedSpdxElement": "SPDXRef-Package-wasm-bindgen-macro-support-0.2.120",
      "relationshipType": "DEPENDS_ON",
      "spdxElementId": "SPDXRef-Package-wasm-bindgen-macro-0.2.120"
    },
    {
      "relatedSpdxElement": "SPDXRef-File-repin-foundation-followup",
      "relationshipType": "DESCRIBES",
      "spdxElementId": "SPDXRef-DOCUMENT"
    },
    {
      "relatedSpdxElement": "SPDXRef-Package-quote-1.0.47",
      "relationshipType": "DEPENDS_ON",
      "spdxElementId": "SPDXRef-Package-serde--derive-1.0.228"
    },
    {
      "relatedSpdxElement": "SPDXRef-Package-once--cell-1.21.4",
      "relationshipType": "DEPENDS_ON",
      "spdxElementId": "SPDXRef-Package-gix-features-0.49.0"
    },
    {
      "relatedSpdxElement": "SPDXRef-Package-bstr-1.13.1",
      "relationshipType": "DEPENDS_ON",
      "spdxElementId": "SPDXRef-Package-gix-revision-0.48.0"
    },
    {
      "relatedSpdxElement": "SPDXRef-Package-cfg-if-1.0.4",
      "relationshipType": "DEPENDS_ON",
      "spdxElementId": "SPDXRef-Package-wasm-bindgen-0.2.120"
    },
    {
      "relatedSpdxElement": "SPDXRef-Package-gix-bitmap-0.3.3",
      "relationshipType": "DEPENDS_ON",
      "spdxElementId": "SPDXRef-Package-gix-index-0.54.0"
    },
    {
      "relatedSpdxElement": "SPDXRef-Package-gix-sec-0.14.2",
      "relationshipType": "DEPENDS_ON",
      "spdxElementId": "SPDXRef-Package-gix-discover-0.54.0"
    },
    {
      "relatedSpdxElement": "SPDXRef-Package-bstr-1.13.1",
      "relationshipType": "DEPENDS_ON",
      "spdxElementId": "SPDXRef-Package-gix-archive-0.35.0"
    },
    {
      "relatedSpdxElement": "SPDXRef-Package-winapi-util-0.1.11",
      "relationshipType": "DEPENDS_ON",
      "spdxElementId": "SPDXRef-Package-walkdir-2.5.0"
    },
    {
      "relatedSpdxElement": "SPDXRef-Package-fnv-1.0.7",
      "relationshipType": "DEPENDS_ON",
      "spdxElementId": "SPDXRef-Package-cfb-0.7.3"
    },
    {
      "relatedSpdxElement": "SPDXRef-Package-libc-0.2.189",
      "relationshipType": "DEPENDS_ON",
      "spdxElementId": "SPDXRef-Package-rustix-1.1.4"
    },
    {
      "relatedSpdxElement": "SPDXRef-Package-gix-error-0.2.5",
      "relationshipType": "DEPENDS_ON",
      "spdxElementId": "SPDXRef-Package-gix-worktree-stream-0.35.0"
    },
    {
      "relatedSpdxElement": "SPDXRef-Package-tree-sitter-md-0.5.3",
      "relationshipType": "DEPENDS_ON",
      "spdxElementId": "SPDXRef-Package-repin-foundation-spike-0.1.0"
    },
    {
      "relatedSpdxElement": "SPDXRef-Package-thiserror-2.0.20",
      "relationshipType": "DEPENDS_ON",
      "spdxElementId": "SPDXRef-Package-gix-lock-24.0.0"
    },
    {
      "relatedSpdxElement": "SPDXRef-Package-signal-hook-0.4.4",
      "relationshipType": "DEPENDS_ON",
      "spdxElementId": "SPDXRef-Package-gix-tempfile-24.0.0"
    },
    {
      "relatedSpdxElement": "SPDXRef-Package-gix-trace-0.1.21",
      "relationshipType": "DEPENDS_ON",
      "spdxElementId": "SPDXRef-Package-gix-path-0.12.4"
    },
    {
      "relatedSpdxElement": "SPDXRef-Package-thiserror-2.0.20",
      "relationshipType": "DEPENDS_ON",
      "spdxElementId": "SPDXRef-Package-gix-object-0.63.0"
    },
    {
      "relatedSpdxElement": "SPDXRef-Package-gix-path-0.12.4",
      "relationshipType": "DEPENDS_ON",
      "spdxElementId": "SPDXRef-Package-gix-credentials-0.39.1"
    },
    {
      "relatedSpdxElement": "SPDXRef-Package-gix-validate-0.11.3",
      "relationshipType": "DEPENDS_ON",
      "spdxElementId": "SPDXRef-Package-gix-path-0.12.4"
    },
    {
      "relatedSpdxElement": "SPDXRef-Package-smallvec-1.15.2",
      "relationshipType": "DEPENDS_ON",
      "spdxElementId": "SPDXRef-Package-gix-refspec-0.44.0"
    },
    {
      "relatedSpdxElement": "SPDXRef-Package-gix-odb-0.83.0",
      "relationshipType": "DEPENDS_ON",
      "spdxElementId": "SPDXRef-Package-gix-0.86.0"
    },
    {
      "relatedSpdxElement": "SPDXRef-Package-gix-archive-0.35.0",
      "relationshipType": "DEPENDS_ON",
      "spdxElementId": "SPDXRef-Package-gix-0.86.0"
    },
    {
      "relatedSpdxElement": "SPDXRef-Package-regex-1.13.1",
      "relationshipType": "DEPENDS_ON",
      "spdxElementId": "SPDXRef-Package-repin-foundation-spike-0.1.0"
    },
    {
      "relatedSpdxElement": "SPDXRef-Package-gix-hash-0.26.0",
      "relationshipType": "DEPENDS_ON",
      "spdxElementId": "SPDXRef-Package-gix-commitgraph-0.38.0"
    },
    {
      "relatedSpdxElement": "SPDXRef-Package-uuid-1.24.1",
      "relationshipType": "DEPENDS_ON",
      "spdxElementId": "SPDXRef-Package-cfb-0.7.3"
    },
    {
      "relatedSpdxElement": "SPDXRef-Package-bumpalo-3.20.3",
      "relationshipType": "DEPENDS_ON",
      "spdxElementId": "SPDXRef-Package-wasm-bindgen-macro-support-0.2.120"
    },
    {
      "relatedSpdxElement": "SPDXRef-Package-syn-2.0.119",
      "relationshipType": "DEPENDS_ON",
      "spdxElementId": "SPDXRef-Package-wasm-bindgen-macro-support-0.2.120"
    },
    {
      "relatedSpdxElement": "SPDXRef-Package-thiserror-2.0.20",
      "relationshipType": "DEPENDS_ON",
      "spdxElementId": "SPDXRef-Package-defmt-parser-1.0.0"
    },
    {
      "relatedSpdxElement": "SPDXRef-Package-jiff-tzdb-platform-0.1.3",
      "relationshipType": "DEPENDS_ON",
      "spdxElementId": "SPDXRef-Package-jiff-0.2.35"
    },
    {
      "relatedSpdxElement": "SPDXRef-Package-windows--i686--msvc-0.52.6",
      "relationshipType": "DEPENDS_ON",
      "spdxElementId": "SPDXRef-Package-windows-targets-0.52.6"
    },
    {
      "relatedSpdxElement": "SPDXRef-Package-regex-automata-0.4.16",
      "relationshipType": "DEPENDS_ON",
      "spdxElementId": "SPDXRef-Package-bstr-1.13.1"
    },
    {
      "relatedSpdxElement": "SPDXRef-Package-gix-config-0.59.0",
      "relationshipType": "DEPENDS_ON",
      "spdxElementId": "SPDXRef-Package-gix-0.86.0"
    },
    {
      "relatedSpdxElement": "SPDXRef-Package-memchr-2.8.3",
      "relationshipType": "DEPENDS_ON",
      "spdxElementId": "SPDXRef-Package-bstr-1.13.1"
    },
    {
      "relatedSpdxElement": "SPDXRef-Package-jiff-core-0.1.0",
      "relationshipType": "DEPENDS_ON",
      "spdxElementId": "SPDXRef-Package-jiff-0.2.35"
    },
    {
      "relatedSpdxElement": "SPDXRef-Package-gix-pathspec-0.19.0",
      "relationshipType": "DEPENDS_ON",
      "spdxElementId": "SPDXRef-Package-gix-dir-0.28.0"
    },
    {
      "relatedSpdxElement": "SPDXRef-Package-dunce-1.0.5",
      "relationshipType": "DEPENDS_ON",
      "spdxElementId": "SPDXRef-Package-gix-discover-0.54.0"
    },
    {
      "relatedSpdxElement": "SPDXRef-Package-gix-fs-0.22.0",
      "relationshipType": "DEPENDS_ON",
      "spdxElementId": "SPDXRef-Package-gix-tempfile-24.0.0"
    },
    {
      "relatedSpdxElement": "SPDXRef-Package-bstr-1.13.1",
      "relationshipType": "DEPENDS_ON",
      "spdxElementId": "SPDXRef-Package-gix-mailmap-0.33.2"
    },
    {
      "relatedSpdxElement": "SPDXRef-Package-regex-automata-0.4.16",
      "relationshipType": "DEPENDS_ON",
      "spdxElementId": "SPDXRef-Package-globset-0.4.19"
    },
    {
      "relatedSpdxElement": "SPDXRef-Package-thiserror-2.0.20",
      "relationshipType": "DEPENDS_ON",
      "spdxElementId": "SPDXRef-Package-gix-diff-0.66.0"
    },
    {
      "relatedSpdxElement": "SPDXRef-Package-libc-0.2.189",
      "relationshipType": "DEPENDS_ON",
      "spdxElementId": "SPDXRef-Package-filetime-0.2.29"
    },
    {
      "relatedSpdxElement": "SPDXRef-Package-gix-index-0.54.0",
      "relationshipType": "DEPENDS_ON",
      "spdxElementId": "SPDXRef-Package-gix-dir-0.28.0"
    },
    {
      "relatedSpdxElement": "SPDXRef-Package-gix-attributes-0.34.0",
      "relationshipType": "DEPENDS_ON",
      "spdxElementId": "SPDXRef-Package-gix-0.86.0"
    },
    {
      "relatedSpdxElement": "SPDXRef-Package-bstr-1.13.1",
      "relationshipType": "DEPENDS_ON",
      "spdxElementId": "SPDXRef-Package-gix-dir-0.28.0"
    },
    {
      "relatedSpdxElement": "SPDXRef-Package-cpufeatures-0.3.0",
      "relationshipType": "DEPENDS_ON",
      "spdxElementId": "SPDXRef-Package-blake3-1.8.5"
    },
    {
      "relatedSpdxElement": "SPDXRef-Package-gix-fs-0.22.0",
      "relationshipType": "DEPENDS_ON",
      "spdxElementId": "SPDXRef-Package-gix-odb-0.83.0"
    },
    {
      "relatedSpdxElement": "SPDXRef-Package-bytesize-2.7.0",
      "relationshipType": "DEPENDS_ON",
      "spdxElementId": "SPDXRef-Package-prodash-31.0.0"
    },
    {
      "relatedSpdxElement": "SPDXRef-Package-redox--syscall-0.5.18",
      "relationshipType": "DEPENDS_ON",
      "spdxElementId": "SPDXRef-Package-parking--lot--core-0.9.12"
    },
    {
      "relatedSpdxElement": "SPDXRef-Package-log-0.4.33",
      "relationshipType": "DEPENDS_ON",
      "spdxElementId": "SPDXRef-Package-globset-0.4.19"
    },
    {
      "relatedSpdxElement": "SPDXRef-Package-bstr-1.13.1",
      "relationshipType": "DEPENDS_ON",
      "spdxElementId": "SPDXRef-Package-gix-pathspec-0.19.0"
    },
    {
      "relatedSpdxElement": "SPDXRef-Package-cap-primitives-4.0.2",
      "relationshipType": "DEPENDS_ON",
      "spdxElementId": "SPDXRef-Package-cap-fs-ext-4.0.2"
    },
    {
      "relatedSpdxElement": "SPDXRef-Package-bstr-1.13.1",
      "relationshipType": "DEPENDS_ON",
      "spdxElementId": "SPDXRef-Package-gix-filter-0.33.0"
    },
    {
      "relatedSpdxElement": "SPDXRef-Package-gix-trace-0.1.21",
      "relationshipType": "DEPENDS_ON",
      "spdxElementId": "SPDXRef-Package-gix-blame-0.16.0"
    },
    {
      "relatedSpdxElement": "SPDXRef-Package-gix-index-0.54.0",
      "relationshipType": "DEPENDS_ON",
      "spdxElementId": "SPDXRef-Package-gix-worktree-0.55.0"
    },
    {
      "relatedSpdxElement": "SPDXRef-Package-gix-path-0.12.4",
      "relationshipType": "DEPENDS_ON",
      "spdxElementId": "SPDXRef-Package-gix-glob-0.27.0"
    },
    {
      "relatedSpdxElement": "SPDXRef-Package-thiserror-2.0.20",
      "relationshipType": "DEPENDS_ON",
      "spdxElementId": "SPDXRef-Package-gix-prompt-0.16.0"
    },
    {
      "relatedSpdxElement": "SPDXRef-Package-windows-sys-0.61.2",
      "relationshipType": "DEPENDS_ON",
      "spdxElementId": "SPDXRef-Package-tempfile-3.27.0"
    },
    {
      "relatedSpdxElement": "SPDXRef-Package-quote-1.0.47",
      "relationshipType": "DEPENDS_ON",
      "spdxElementId": "SPDXRef-Package-thiserror-impl-2.0.20"
    },
    {
      "relatedSpdxElement": "SPDXRef-Package-gix-date-0.15.6",
      "relationshipType": "DEPENDS_ON",
      "spdxElementId": "SPDXRef-Package-gix-credentials-0.39.1"
    },
    {
      "relatedSpdxElement": "SPDXRef-Package-uluru-3.1.0",
      "relationshipType": "DEPENDS_ON",
      "spdxElementId": "SPDXRef-Package-gix-pack-0.73.0"
    },
    {
      "relatedSpdxElement": "SPDXRef-Package-gix-command-0.9.2",
      "relationshipType": "DEPENDS_ON",
      "spdxElementId": "SPDXRef-Package-gix-filter-0.33.0"
    },
    {
      "relatedSpdxElement": "SPDXRef-Package-gix-features-0.49.0",
      "relationshipType": "DEPENDS_ON",
      "spdxElementId": "SPDXRef-Package-gix-0.86.0"
    },
    {
      "relatedSpdxElement": "SPDXRef-Package-gix-features-0.49.0",
      "relationshipType": "DEPENDS_ON",
      "spdxElementId": "SPDXRef-Package-gix-pack-0.73.0"
    },
    {
      "relatedSpdxElement": "SPDXRef-Package-gix-ref-0.66.0",
      "relationshipType": "DEPENDS_ON",
      "spdxElementId": "SPDXRef-Package-gix-0.86.0"
    },
    {
      "relatedSpdxElement": "SPDXRef-Package-windows-targets-0.52.6",
      "relationshipType": "DEPENDS_ON",
      "spdxElementId": "SPDXRef-Package-windows-sys-0.59.0"
    },
    {
      "relatedSpdxElement": "SPDXRef-Package-gix-actor-0.41.2",
      "relationshipType": "DEPENDS_ON",
      "spdxElementId": "SPDXRef-Package-gix-0.86.0"
    },
    {
      "relatedSpdxElement": "SPDXRef-Package-thiserror-2.0.20",
      "relationshipType": "DEPENDS_ON",
      "spdxElementId": "SPDXRef-Package-gix-discover-0.54.0"
    },
    {
      "relatedSpdxElement": "SPDXRef-Package-gix-url-0.37.1",
      "relationshipType": "DEPENDS_ON",
      "spdxElementId": "SPDXRef-Package-gix-transport-0.58.1"
    },
    {
      "relatedSpdxElement": "SPDXRef-Package-gix-zlib-0.1.0",
      "relationshipType": "DEPENDS_ON",
      "spdxElementId": "SPDXRef-Package-gix-odb-0.83.0"
    },
    {
      "relatedSpdxElement": "SPDXRef-Package-sha1-0.10.7",
      "relationshipType": "DEPENDS_ON",
      "spdxElementId": "SPDXRef-Package-sha1-checked-0.10.0"
    },
    {
      "relatedSpdxElement": "SPDXRef-Package-gix-quote-0.7.2",
      "relationshipType": "DEPENDS_ON",
      "spdxElementId": "SPDXRef-Package-gix-transport-0.58.1"
    },
    {
      "relatedSpdxElement": "SPDXRef-Package-gix-config-0.59.0",
      "relationshipType": "DEPENDS_ON",
      "spdxElementId": "SPDXRef-Package-gix-submodule-0.33.0"
    },
    {
      "relatedSpdxElement": "SPDXRef-Package-gix-trace-0.1.21",
      "relationshipType": "DEPENDS_ON",
      "spdxElementId": "SPDXRef-Package-gix-attributes-0.34.0"
    },
    {
      "relatedSpdxElement": "SPDXRef-Package-gix-packetline-0.22.0",
      "relationshipType": "DEPENDS_ON",
      "spdxElementId": "SPDXRef-Package-gix-transport-0.58.1"
    },
    {
      "relatedSpdxElement": "SPDXRef-Package-futures-core-0.3.34",
      "relationshipType": "DEPENDS_ON",
      "spdxElementId": "SPDXRef-Package-futures-util-0.3.34"
    },
    {
      "relatedSpdxElement": "SPDXRef-Package-gix-object-0.63.0",
      "relationshipType": "DEPENDS_ON",
      "spdxElementId": "SPDXRef-Package-gix-ref-0.66.0"
    },
    {
      "relatedSpdxElement": "SPDXRef-Package-gix-path-0.12.4",
      "relationshipType": "DEPENDS_ON",
      "spdxElementId": "SPDXRef-Package-gix-url-0.37.1"
    },
    {
      "relatedSpdxElement": "SPDXRef-Package-unicode-ident-1.0.24",
      "relationshipType": "DEPENDS_ON",
      "spdxElementId": "SPDXRef-Package-wasm-bindgen-shared-0.2.120"
    },
    {
      "relatedSpdxElement": "SPDXRef-Package-crossbeam-deque-0.8.7",
      "relationshipType": "DEPENDS_ON",
      "spdxElementId": "SPDXRef-Package-ignore-0.4.31"
    },
    {
      "relatedSpdxElement": "SPDXRef-Package-pin-project-lite-0.2.17",
      "relationshipType": "DEPENDS_ON",
      "spdxElementId": "SPDXRef-Package-tokio-1.53.1"
    },
    {
      "relatedSpdxElement": "SPDXRef-Package-proc-macro2-1.0.107",
      "relationshipType": "DEPENDS_ON",
      "spdxElementId": "SPDXRef-Package-syn-3.0.3"
    },
    {
      "relatedSpdxElement": "SPDXRef-Package-gix-tempfile-24.0.0",
      "relationshipType": "DEPENDS_ON",
      "spdxElementId": "SPDXRef-Package-gix-0.86.0"
    },
    {
      "relatedSpdxElement": "SPDXRef-Package-tree-sitter-language-0.1.7",
      "relationshipType": "DEPENDS_ON",
      "spdxElementId": "SPDXRef-Package-tree-sitter-rust-0.24.2"
    },
    {
      "relatedSpdxElement": "SPDXRef-Package-zlib-rs-0.6.7",
      "relationshipType": "DEPENDS_ON",
      "spdxElementId": "SPDXRef-Package-gix-zlib-0.1.0"
    },
    {
      "relatedSpdxElement": "SPDXRef-Package-gix-validate-0.11.3",
      "relationshipType": "DEPENDS_ON",
      "spdxElementId": "SPDXRef-Package-gix-object-0.63.0"
    },
    {
      "relatedSpdxElement": "SPDXRef-Package-filetime-0.2.29",
      "relationshipType": "DEPENDS_ON",
      "spdxElementId": "SPDXRef-Package-gix-index-0.54.0"
    },
    {
      "relatedSpdxElement": "SPDXRef-Package-quote-1.0.47",
      "relationshipType": "DEPENDS_ON",
      "spdxElementId": "SPDXRef-Package-jiff-static-0.2.35"
    },
    {
      "relatedSpdxElement": "SPDXRef-Package-allocator-api2-0.2.21",
      "relationshipType": "DEPENDS_ON",
      "spdxElementId": "SPDXRef-Package-hashbrown-0.17.1"
    },
    {
      "relatedSpdxElement": "SPDXRef-Package-gix-quote-0.7.2",
      "relationshipType": "DEPENDS_ON",
      "spdxElementId": "SPDXRef-Package-gix-odb-0.83.0"
    },
    {
      "relatedSpdxElement": "SPDXRef-Package-defmt-1.1.1",
      "relationshipType": "DEPENDS_ON",
      "spdxElementId": "SPDXRef-Package-jiff-0.2.35"
    },
    {
      "relatedSpdxElement": "SPDXRef-Package-rustix-1.1.4",
      "relationshipType": "DEPENDS_ON",
      "spdxElementId": "SPDXRef-Package-gix-index-0.54.0"
    },
    {
      "relatedSpdxElement": "SPDXRef-Package-portable-atomic-1.13.1",
      "relationshipType": "DEPENDS_ON",
      "spdxElementId": "SPDXRef-Package-gix-status-0.33.0"
    },
    {
      "relatedSpdxElement": "SPDXRef-Package-regex-syntax-0.8.11",
      "relationshipType": "DEPENDS_ON",
      "spdxElementId": "SPDXRef-Package-regex-1.13.1"
    },
    {
      "relatedSpdxElement": "SPDXRef-Package-parking--lot-0.12.5",
      "relationshipType": "DEPENDS_ON",
      "spdxElementId": "SPDXRef-Package-gix-features-0.49.0"
    },
    {
      "relatedSpdxElement": "SPDXRef-Package-arrayvec-0.7.8",
      "relationshipType": "DEPENDS_ON",
      "spdxElementId": "SPDXRef-Package-blake3-1.8.5"
    },
    {
      "relatedSpdxElement": "SPDXRef-Package-windows-sys-0.59.0",
      "relationshipType": "DEPENDS_ON",
      "spdxElementId": "SPDXRef-Package-winx-0.36.4"
    },
    {
      "relatedSpdxElement": "SPDXRef-Package-windows-targets-0.53.5",
      "relationshipType": "DEPENDS_ON",
      "spdxElementId": "SPDXRef-Package-windows-sys-0.60.2"
    },
    {
      "relatedSpdxElement": "SPDXRef-Package-gix-features-0.49.0",
      "relationshipType": "DEPENDS_ON",
      "spdxElementId": "SPDXRef-Package-gix-worktree-state-0.33.0"
    },
    {
      "relatedSpdxElement": "SPDXRef-Package-gix-utils-0.3.5",
      "relationshipType": "DEPENDS_ON",
      "spdxElementId": "SPDXRef-Package-gix-config-0.59.0"
    },
    {
      "relatedSpdxElement": "SPDXRef-Package-slab-0.4.12",
      "relationshipType": "DEPENDS_ON",
      "spdxElementId": "SPDXRef-Package-futures-util-0.3.34"
    },
    {
      "relatedSpdxElement": "SPDXRef-Package-gix-error-0.2.5",
      "relationshipType": "DEPENDS_ON",
      "spdxElementId": "SPDXRef-Package-gix-chunk-0.7.3"
    },
    {
      "relatedSpdxElement": "SPDXRef-Package-gix-object-0.63.0",
      "relationshipType": "DEPENDS_ON",
      "spdxElementId": "SPDXRef-Package-gix-negotiate-0.34.0"
    },
    {
      "relatedSpdxElement": "SPDXRef-Package-gix-date-0.15.6",
      "relationshipType": "DEPENDS_ON",
      "spdxElementId": "SPDXRef-Package-gix-actor-0.41.2"
    },
    {
      "relatedSpdxElement": "SPDXRef-Package-memmap2-0.9.11",
      "relationshipType": "DEPENDS_ON",
      "spdxElementId": "SPDXRef-Package-gix-ref-0.66.0"
    },
    {
      "relatedSpdxElement": "SPDXRef-Package-gix-actor-0.41.2",
      "relationshipType": "DEPENDS_ON",
      "spdxElementId": "SPDXRef-Package-gix-object-0.63.0"
    },
    {
      "relatedSpdxElement": "SPDXRef-Package-gix-hash-0.26.0",
      "relationshipType": "DEPENDS_ON",
      "spdxElementId": "SPDXRef-Package-gix-ref-0.66.0"
    },
    {
      "relatedSpdxElement": "SPDXRef-Package-jiff-core-0.1.0",
      "relationshipType": "DEPENDS_ON",
      "spdxElementId": "SPDXRef-Package-jiff-static-0.2.35"
    },
    {
      "relatedSpdxElement": "SPDXRef-Package-sha2-0.10.9",
      "relationshipType": "DEPENDS_ON",
      "spdxElementId": "SPDXRef-Package-repin-foundation-spike-0.1.0"
    },
    {
      "relatedSpdxElement": "SPDXRef-Package-gix-hashtable-0.16.0",
      "relationshipType": "DEPENDS_ON",
      "spdxElementId": "SPDXRef-Package-gix-object-0.63.0"
    },
    {
      "relatedSpdxElement": "SPDXRef-Package-thiserror-impl-2.0.20",
      "relationshipType": "DEPENDS_ON",
      "spdxElementId": "SPDXRef-Package-thiserror-2.0.20"
    },
    {
      "relatedSpdxElement": "SPDXRef-Package-block-buffer-0.10.4",
      "relationshipType": "DEPENDS_ON",
      "spdxElementId": "SPDXRef-Package-digest-0.10.7"
    },
    {
      "relatedSpdxElement": "SPDXRef-Package-thiserror-2.0.20",
      "relationshipType": "DEPENDS_ON",
      "spdxElementId": "SPDXRef-Package-gix-filter-0.33.0"
    },
    {
      "relatedSpdxElement": "SPDXRef-Package-bitflags-2.13.1",
      "relationshipType": "DEPENDS_ON",
      "spdxElementId": "SPDXRef-Package-gix-negotiate-0.34.0"
    },
    {
      "relatedSpdxElement": "SPDXRef-Package-bstr-1.13.1",
      "relationshipType": "DEPENDS_ON",
      "spdxElementId": "SPDXRef-Package-gix-packetline-0.22.0"
    },
    {
      "relatedSpdxElement": "SPDXRef-Package-gix-url-0.37.1",
      "relationshipType": "DEPENDS_ON",
      "spdxElementId": "SPDXRef-Package-gix-submodule-0.33.0"
    },
    {
      "relatedSpdxElement": "SPDXRef-Package-cap-std-4.0.2",
      "relationshipType": "DEPENDS_ON",
      "spdxElementId": "SPDXRef-Package-cap-fs-ext-4.0.2"
    },
    {
      "relatedSpdxElement": "SPDXRef-Package-gix-hash-0.26.0",
      "relationshipType": "DEPENDS_ON",
      "spdxElementId": "SPDXRef-Package-gix-traverse-0.60.0"
    },
    {
      "relatedSpdxElement": "SPDXRef-Package-gix-glob-0.27.0",
      "relationshipType": "DEPENDS_ON",
      "spdxElementId": "SPDXRef-Package-gix-attributes-0.34.0"
    },
    {
      "relatedSpdxElement": "SPDXRef-Package-gix-hash-0.26.0",
      "relationshipType": "DEPENDS_ON",
      "spdxElementId": "SPDXRef-Package-gix-blame-0.16.0"
    },
    {
      "relatedSpdxElement": "SPDXRef-Package-syn-3.0.3",
      "relationshipType": "DEPENDS_ON",
      "spdxElementId": "SPDXRef-Package-thiserror-impl-2.0.20"
    },
    {
      "relatedSpdxElement": "SPDXRef-Package-bstr-1.13.1",
      "relationshipType": "DEPENDS_ON",
      "spdxElementId": "SPDXRef-Package-gix-glob-0.27.0"
    },
    {
      "relatedSpdxElement": "SPDXRef-Package-libc-0.2.189",
      "relationshipType": "DEPENDS_ON",
      "spdxElementId": "SPDXRef-Package-gix-config-value-0.19.1"
    },
    {
      "relatedSpdxElement": "SPDXRef-Package-digest-0.10.7",
      "relationshipType": "DEPENDS_ON",
      "spdxElementId": "SPDXRef-Package-sha1-0.10.7"
    },
    {
      "relatedSpdxElement": "SPDXRef-Package-thiserror-2.0.20",
      "relationshipType": "DEPENDS_ON",
      "spdxElementId": "SPDXRef-Package-gix-pack-0.73.0"
    },
    {
      "relatedSpdxElement": "SPDXRef-Package-smallvec-1.15.2",
      "relationshipType": "DEPENDS_ON",
      "spdxElementId": "SPDXRef-Package-gix-0.86.0"
    },
    {
      "relatedSpdxElement": "SPDXRef-Package-windows--i686--msvc-0.53.1",
      "relationshipType": "DEPENDS_ON",
      "spdxElementId": "SPDXRef-Package-windows-targets-0.53.5"
    },
    {
      "relatedSpdxElement": "SPDXRef-Package-tinyvec--macros-0.1.1",
      "relationshipType": "DEPENDS_ON",
      "spdxElementId": "SPDXRef-Package-tinyvec-1.12.0"
    },
    {
      "relatedSpdxElement": "SPDXRef-Package-windows-sys-0.61.2",
      "relationshipType": "DEPENDS_ON",
      "spdxElementId": "SPDXRef-Package-winapi-util-0.1.11"
    },
    {
      "relatedSpdxElement": "SPDXRef-Package-gix-commitgraph-0.38.0",
      "relationshipType": "DEPENDS_ON",
      "spdxElementId": "SPDXRef-Package-gix-revwalk-0.34.0"
    },
    {
      "relatedSpdxElement": "SPDXRef-Package-gix-index-0.54.0",
      "relationshipType": "DEPENDS_ON",
      "spdxElementId": "SPDXRef-Package-gix-worktree-state-0.33.0"
    },
    {
      "relatedSpdxElement": "SPDXRef-Package-gix-trace-0.1.21",
      "relationshipType": "DEPENDS_ON",
      "spdxElementId": "SPDXRef-Package-gix-0.86.0"
    },
    {
      "relatedSpdxElement": "SPDXRef-Package-memmap2-0.9.11",
      "relationshipType": "DEPENDS_ON",
      "spdxElementId": "SPDXRef-Package-gix-commitgraph-0.38.0"
    },
    {
      "relatedSpdxElement": "SPDXRef-Package-errno-0.3.14",
      "relationshipType": "DEPENDS_ON",
      "spdxElementId": "SPDXRef-Package-rustix-1.1.4"
    },
    {
      "relatedSpdxElement": "SPDXRef-Package-typenum-1.20.1",
      "relationshipType": "DEPENDS_ON",
      "spdxElementId": "SPDXRef-Package-crypto-common-0.1.7"
    },
    {
      "relatedSpdxElement": "SPDXRef-Package-crypto-common-0.1.7",
      "relationshipType": "DEPENDS_ON",
      "spdxElementId": "SPDXRef-Package-digest-0.10.7"
    },
    {
      "relatedSpdxElement": "SPDXRef-Package-bstr-1.13.1",
      "relationshipType": "DEPENDS_ON",
      "spdxElementId": "SPDXRef-Package-gix-error-0.2.5"
    },
    {
      "relatedSpdxElement": "SPDXRef-Package-tree-sitter-rust-0.24.2",
      "relationshipType": "DEPENDS_ON",
      "spdxElementId": "SPDXRef-Package-repin-foundation-spike-0.1.0"
    },
    {
      "relatedSpdxElement": "SPDXRef-Package-gix-trace-0.1.21",
      "relationshipType": "DEPENDS_ON",
      "spdxElementId": "SPDXRef-Package-gix-features-0.49.0"
    },
    {
      "relatedSpdxElement": "SPDXRef-Package-smallvec-1.15.2",
      "relationshipType": "DEPENDS_ON",
      "spdxElementId": "SPDXRef-Package-gix-config-0.59.0"
    },
    {
      "relatedSpdxElement": "SPDXRef-Package-bstr-1.13.1",
      "relationshipType": "DEPENDS_ON",
      "spdxElementId": "SPDXRef-Package-gix-discover-0.54.0"
    },
    {
      "relatedSpdxElement": "SPDXRef-Package-smallvec-1.15.2",
      "relationshipType": "DEPENDS_ON",
      "spdxElementId": "SPDXRef-Package-gix-revwalk-0.34.0"
    },
    {
      "relatedSpdxElement": "SPDXRef-Package-gix-lock-24.0.0",
      "relationshipType": "DEPENDS_ON",
      "spdxElementId": "SPDXRef-Package-gix-shallow-0.13.0"
    },
    {
      "relatedSpdxElement": "SPDXRef-Package-gix-pathspec-0.19.0",
      "relationshipType": "DEPENDS_ON",
      "spdxElementId": "SPDXRef-Package-gix-submodule-0.33.0"
    },
    {
      "relatedSpdxElement": "SPDXRef-Package-gix-hash-0.26.0",
      "relationshipType": "DEPENDS_ON",
      "spdxElementId": "SPDXRef-Package-gix-shallow-0.13.0"
    },
    {
      "relatedSpdxElement": "SPDXRef-Package-indexmap-2.14.0",
      "relationshipType": "DEPENDS_ON",
      "spdxElementId": "SPDXRef-Package-serde--json-1.0.145"
    },
    {
      "relatedSpdxElement": "SPDXRef-Package-crossbeam-channel-0.5.16",
      "relationshipType": "DEPENDS_ON",
      "spdxElementId": "SPDXRef-Package-gix-features-0.49.0"
    },
    {
      "relatedSpdxElement": "SPDXRef-Package-libc-0.2.189",
      "relationshipType": "DEPENDS_ON",
      "spdxElementId": "SPDXRef-Package-gix-index-0.54.0"
    },
    {
      "relatedSpdxElement": "SPDXRef-Package-crossbeam-utils-0.8.22",
      "relationshipType": "DEPENDS_ON",
      "spdxElementId": "SPDXRef-Package-crossbeam-deque-0.8.7"
    },
    {
      "relatedSpdxElement": "SPDXRef-Package-gix-traverse-0.60.0",
      "relationshipType": "DEPENDS_ON",
      "spdxElementId": "SPDXRef-Package-gix-blame-0.16.0"
    },
    {
      "relatedSpdxElement": "SPDXRef-Package-gix-dir-0.28.0",
      "relationshipType": "DEPENDS_ON",
      "spdxElementId": "SPDXRef-Package-gix-0.86.0"
    },
    {
      "relatedSpdxElement": "SPDXRef-Package-thiserror-2.0.20",
      "relationshipType": "DEPENDS_ON",
      "spdxElementId": "SPDXRef-Package-gix-status-0.33.0"
    },
    {
      "relatedSpdxElement": "SPDXRef-Package-filetime-0.2.29",
      "relationshipType": "DEPENDS_ON",
      "spdxElementId": "SPDXRef-Package-gix-status-0.33.0"
    },
    {
      "relatedSpdxElement": "SPDXRef-Package-gix-path-0.12.4",
      "relationshipType": "DEPENDS_ON",
      "spdxElementId": "SPDXRef-Package-gix-features-0.49.0"
    },
    {
      "relatedSpdxElement": "SPDXRef-Package-bstr-1.13.1",
      "relationshipType": "DEPENDS_ON",
      "spdxElementId": "SPDXRef-Package-gix-attributes-0.34.0"
    },
    {
      "relatedSpdxElement": "SPDXRef-Package-gix-trace-0.1.21",
      "relationshipType": "DEPENDS_ON",
      "spdxElementId": "SPDXRef-Package-gix-packetline-0.22.0"
    },
    {
      "relatedSpdxElement": "SPDXRef-Package-gix-mailmap-0.33.2",
      "relationshipType": "DEPENDS_ON",
      "spdxElementId": "SPDXRef-Package-gix-0.86.0"
    },
    {
      "relatedSpdxElement": "SPDXRef-Package-gix-error-0.2.5",
      "relationshipType": "DEPENDS_ON",
      "spdxElementId": "SPDXRef-Package-gix-quote-0.7.2"
    },
    {
      "relatedSpdxElement": "SPDXRef-Package-bstr-1.13.1",
      "relationshipType": "DEPENDS_ON",
      "spdxElementId": "SPDXRef-Package-gix-status-0.33.0"
    },
    {
      "relatedSpdxElement": "SPDXRef-Package-cfg-if-1.0.4",
      "relationshipType": "DEPENDS_ON",
      "spdxElementId": "SPDXRef-Package-encoding--rs-0.8.35"
    },
    {
      "relatedSpdxElement": "SPDXRef-Package-gix-trace-0.1.21",
      "relationshipType": "DEPENDS_ON",
      "spdxElementId": "SPDXRef-Package-gix-credentials-0.39.1"
    },
    {
      "relatedSpdxElement": "SPDXRef-Package-gix-url-0.37.1",
      "relationshipType": "DEPENDS_ON",
      "spdxElementId": "SPDXRef-Package-gix-0.86.0"
    },
    {
      "relatedSpdxElement": "SPDXRef-Package-tempfile-3.27.0",
      "relationshipType": "DEPENDS_ON",
      "spdxElementId": "SPDXRef-Package-gix-odb-0.83.0"
    },
    {
      "relatedSpdxElement": "SPDXRef-Package-gix-utils-0.3.5",
      "relationshipType": "DEPENDS_ON",
      "spdxElementId": "SPDXRef-Package-gix-fs-0.22.0"
    },
    {
      "relatedSpdxElement": "SPDXRef-Package-gix-object-0.63.0",
      "relationshipType": "DEPENDS_ON",
      "spdxElementId": "SPDXRef-Package-gix-status-0.33.0"
    },
    {
      "relatedSpdxElement": "SPDXRef-Package-windows--x86--64--msvc-0.52.6",
      "relationshipType": "DEPENDS_ON",
      "spdxElementId": "SPDXRef-Package-windows-targets-0.52.6"
    },
    {
      "relatedSpdxElement": "SPDXRef-Package-gix-hashtable-0.16.0",
      "relationshipType": "DEPENDS_ON",
      "spdxElementId": "SPDXRef-Package-gix-0.86.0"
    },
    {
      "relatedSpdxElement": "SPDXRef-Package-tree-sitter-0.26.11",
      "relationshipType": "DEPENDS_ON",
      "spdxElementId": "SPDXRef-Package-repin-foundation-spike-0.1.0"
    },
    {
      "relatedSpdxElement": "SPDXRef-Package-human--format-1.2.1",
      "relationshipType": "DEPENDS_ON",
      "spdxElementId": "SPDXRef-Package-prodash-31.0.0"
    },
    {
      "relatedSpdxElement": "SPDXRef-Package-gix-fs-0.22.0",
      "relationshipType": "DEPENDS_ON",
      "spdxElementId": "SPDXRef-Package-gix-worktree-state-0.33.0"
    },
    {
      "relatedSpdxElement": "SPDXRef-Package-thiserror-2.0.20",
      "relationshipType": "DEPENDS_ON",
      "spdxElementId": "SPDXRef-Package-gix-pathspec-0.19.0"
    },
    {
      "relatedSpdxElement": "SPDXRef-Package-gix-features-0.49.0",
      "relationshipType": "DEPENDS_ON",
      "spdxElementId": "SPDXRef-Package-gix-ref-0.66.0"
    },
    {
      "relatedSpdxElement": "SPDXRef-Package-windows--aarch64--gnullvm-0.52.6",
      "relationshipType": "DEPENDS_ON",
      "spdxElementId": "SPDXRef-Package-windows-targets-0.52.6"
    },
    {
      "relatedSpdxElement": "SPDXRef-Package-io-lifetimes-3.0.1",
      "relationshipType": "DEPENDS_ON",
      "spdxElementId": "SPDXRef-Package-cap-std-4.0.2"
    },
    {
      "relatedSpdxElement": "SPDXRef-Package-gix-hash-0.26.0",
      "relationshipType": "DEPENDS_ON",
      "spdxElementId": "SPDXRef-Package-gix-worktree-stream-0.35.0"
    },
    {
      "relatedSpdxElement": "SPDXRef-Package-libc-0.2.189",
      "relationshipType": "DEPENDS_ON",
      "spdxElementId": "SPDXRef-Package-memmap2-0.9.11"
    },
    {
      "relatedSpdxElement": "SPDXRef-Package-gix-quote-0.7.2",
      "relationshipType": "DEPENDS_ON",
      "spdxElementId": "SPDXRef-Package-gix-attributes-0.34.0"
    },
    {
      "relatedSpdxElement": "SPDXRef-Package-cap-fs-ext-4.0.2",
      "relationshipType": "DEPENDS_ON",
      "spdxElementId": "SPDXRef-Package-repin-foundation-spike-0.1.0"
    },
    {
      "relatedSpdxElement": "SPDXRef-Package-itoa-1.0.18",
      "relationshipType": "DEPENDS_ON",
      "spdxElementId": "SPDXRef-Package-gix-index-0.54.0"
    },
    {
      "relatedSpdxElement": "SPDXRef-Package-gix-utils-0.3.5",
      "relationshipType": "DEPENDS_ON",
      "spdxElementId": "SPDXRef-Package-gix-protocol-0.64.0"
    },
    {
      "relatedSpdxElement": "SPDXRef-Package-smallvec-1.15.2",
      "relationshipType": "DEPENDS_ON",
      "spdxElementId": "SPDXRef-Package-gix-object-0.63.0"
    },
    {
      "relatedSpdxElement": "SPDXRef-Package-fastrand-2.5.0",
      "relationshipType": "DEPENDS_ON",
      "spdxElementId": "SPDXRef-Package-gix-utils-0.3.5"
    },
    {
      "relatedSpdxElement": "SPDXRef-Package-gix-utils-0.3.5",
      "relationshipType": "DEPENDS_ON",
      "spdxElementId": "SPDXRef-Package-gix-quote-0.7.2"
    },
    {
      "relatedSpdxElement": "SPDXRef-Package-io-lifetimes-3.0.1",
      "relationshipType": "DEPENDS_ON",
      "spdxElementId": "SPDXRef-Package-cap-primitives-4.0.2"
    },
    {
      "relatedSpdxElement": "SPDXRef-Package-bytesize-2.7.0",
      "relationshipType": "DEPENDS_ON",
      "spdxElementId": "SPDXRef-Package-gix-features-0.49.0"
    },
    {
      "relatedSpdxElement": "SPDXRef-Package-hashbrown-0.17.1",
      "relationshipType": "DEPENDS_ON",
      "spdxElementId": "SPDXRef-Package-gix-index-0.54.0"
    },
    {
      "relatedSpdxElement": "SPDXRef-Package-thiserror-2.0.20",
      "relationshipType": "DEPENDS_ON",
      "spdxElementId": "SPDXRef-Package-gix-zlib-0.1.0"
    },
    {
      "relatedSpdxElement": "SPDXRef-Package-gix-worktree-stream-0.35.0",
      "relationshipType": "DEPENDS_ON",
      "spdxElementId": "SPDXRef-Package-gix-0.86.0"
    },
    {
      "relatedSpdxElement": "SPDXRef-Package-gix-error-0.2.5",
      "relationshipType": "DEPENDS_ON",
      "spdxElementId": "SPDXRef-Package-gix-refspec-0.44.0"
    },
    {
      "relatedSpdxElement": "SPDXRef-Package-gix-pack-0.73.0",
      "relationshipType": "DEPENDS_ON",
      "spdxElementId": "SPDXRef-Package-gix-odb-0.83.0"
    },
    {
      "relatedSpdxElement": "SPDXRef-Package-gix-pathspec-0.19.0",
      "relationshipType": "DEPENDS_ON",
      "spdxElementId": "SPDXRef-Package-gix-status-0.33.0"
    },
    {
      "relatedSpdxElement": "SPDXRef-Package-bstr-1.13.1",
      "relationshipType": "DEPENDS_ON",
      "spdxElementId": "SPDXRef-Package-gix-path-0.12.4"
    },
    {
      "relatedSpdxElement": "SPDXRef-Package-gix-chunk-0.7.3",
      "relationshipType": "DEPENDS_ON",
      "spdxElementId": "SPDXRef-Package-gix-commitgraph-0.38.0"
    },
    {
      "relatedSpdxElement": "SPDXRef-Package-gix-refspec-0.44.0",
      "relationshipType": "DEPENDS_ON",
      "spdxElementId": "SPDXRef-Package-gix-submodule-0.33.0"
    },
    {
      "relatedSpdxElement": "SPDXRef-Package-gix-traverse-0.60.0",
      "relationshipType": "DEPENDS_ON",
      "spdxElementId": "SPDXRef-Package-gix-0.86.0"
    },
    {
      "relatedSpdxElement": "SPDXRef-Package-cfg-if-1.0.4",
      "relationshipType": "DEPENDS_ON",
      "spdxElementId": "SPDXRef-Package-sha1-0.10.7"
    },
    {
      "relatedSpdxElement": "SPDXRef-Package-digest-0.10.7",
      "relationshipType": "DEPENDS_ON",
      "spdxElementId": "SPDXRef-Package-sha2-0.10.9"
    },
    {
      "relatedSpdxElement": "SPDXRef-Package-fs-set-times-0.20.3",
      "relationshipType": "DEPENDS_ON",
      "spdxElementId": "SPDXRef-Package-cap-primitives-4.0.2"
    },
    {
      "relatedSpdxElement": "SPDXRef-Package-bitflags-2.13.1",
      "relationshipType": "DEPENDS_ON",
      "spdxElementId": "SPDXRef-Package-redox--syscall-0.5.18"
    },
    {
      "relatedSpdxElement": "SPDXRef-Package-quote-1.0.47",
      "relationshipType": "DEPENDS_ON",
      "spdxElementId": "SPDXRef-Package-syn-2.0.119"
    },
    {
      "relatedSpdxElement": "SPDXRef-Package-windows-sys-0.61.2",
      "relationshipType": "DEPENDS_ON",
      "spdxElementId": "SPDXRef-Package-rustix-1.1.4"
    },
    {
      "relatedSpdxElement": "SPDXRef-Package-cap-std-4.0.2",
      "relationshipType": "DEPENDS_ON",
      "spdxElementId": "SPDXRef-Package-repin-foundation-spike-0.1.0"
    },
    {
      "relatedSpdxElement": "SPDXRef-Package-same-file-1.0.6",
      "relationshipType": "DEPENDS_ON",
      "spdxElementId": "SPDXRef-Package-ignore-0.4.31"
    },
    {
      "relatedSpdxElement": "SPDXRef-Package-nonempty-0.12.0",
      "relationshipType": "DEPENDS_ON",
      "spdxElementId": "SPDXRef-Package-gix-shallow-0.13.0"
    },
    {
      "relatedSpdxElement": "SPDXRef-Package-bstr-1.13.1",
      "relationshipType": "DEPENDS_ON",
      "spdxElementId": "SPDXRef-Package-gix-config-value-0.19.1"
    },
    {
      "relatedSpdxElement": "SPDXRef-Package-libc-0.2.189",
      "relationshipType": "DEPENDS_ON",
      "spdxElementId": "SPDXRef-Package-gix-tempfile-24.0.0"
    },
    {
      "relatedSpdxElement": "SPDXRef-Package-gix-diff-0.66.0",
      "relationshipType": "DEPENDS_ON",
      "spdxElementId": "SPDXRef-Package-gix-status-0.33.0"
    },
    {
      "relatedSpdxElement": "SPDXRef-Package-gix-dir-0.28.0",
      "relationshipType": "DEPENDS_ON",
      "spdxElementId": "SPDXRef-Package-gix-status-0.33.0"
    },
    {
      "relatedSpdxElement": "SPDXRef-Package-regex-syntax-0.8.11",
      "relationshipType": "DEPENDS_ON",
      "spdxElementId": "SPDXRef-Package-tree-sitter-0.26.11"
    },
    {
      "relatedSpdxElement": "SPDXRef-Package-gix-features-0.49.0",
      "relationshipType": "DEPENDS_ON",
      "spdxElementId": "SPDXRef-Package-gix-fs-0.22.0"
    },
    {
      "relatedSpdxElement": "SPDXRef-Package-parking--lot-0.12.5",
      "relationshipType": "DEPENDS_ON",
      "spdxElementId": "SPDXRef-Package-gix-0.86.0"
    },
    {
      "relatedSpdxElement": "SPDXRef-Package-socket2-0.6.4",
      "relationshipType": "DEPENDS_ON",
      "spdxElementId": "SPDXRef-Package-tokio-1.53.1"
    },
    {
      "relatedSpdxElement": "SPDXRef-Package-gix-config-value-0.19.1",
      "relationshipType": "DEPENDS_ON",
      "spdxElementId": "SPDXRef-Package-gix-prompt-0.16.0"
    },
    {
      "relatedSpdxElement": "SPDXRef-Package-gix-features-0.49.0",
      "relationshipType": "DEPENDS_ON",
      "spdxElementId": "SPDXRef-Package-gix-worktree-stream-0.35.0"
    },
    {
      "relatedSpdxElement": "SPDXRef-Package-gix-path-0.12.4",
      "relationshipType": "DEPENDS_ON",
      "spdxElementId": "SPDXRef-Package-gix-worktree-0.55.0"
    },
    {
      "relatedSpdxElement": "SPDXRef-Package-gix-fs-0.22.0",
      "relationshipType": "DEPENDS_ON",
      "spdxElementId": "SPDXRef-Package-gix-index-0.54.0"
    },
    {
      "relatedSpdxElement": "SPDXRef-Package-gix-object-0.63.0",
      "relationshipType": "DEPENDS_ON",
      "spdxElementId": "SPDXRef-Package-gix-traverse-0.60.0"
    },
    {
      "relatedSpdxElement": "SPDXRef-Package-gix-path-0.12.4",
      "relationshipType": "DEPENDS_ON",
      "spdxElementId": "SPDXRef-Package-gix-diff-0.66.0"
    },
    {
      "relatedSpdxElement": "SPDXRef-Package-windows--x86--64--gnu-0.52.6",
      "relationshipType": "DEPENDS_ON",
      "spdxElementId": "SPDXRef-Package-windows-targets-0.52.6"
    },
    {
      "relatedSpdxElement": "SPDXRef-Package-gix-protocol-0.64.0",
      "relationshipType": "DEPENDS_ON",
      "spdxElementId": "SPDXRef-Package-gix-0.86.0"
    },
    {
      "relatedSpdxElement": "SPDXRef-Package-bytes-1.12.1",
      "relationshipType": "DEPENDS_ON",
      "spdxElementId": "SPDXRef-Package-gix-features-0.49.0"
    },
    {
      "relatedSpdxElement": "SPDXRef-Package-gix-error-0.2.5",
      "relationshipType": "DEPENDS_ON",
      "spdxElementId": "SPDXRef-Package-gix-revwalk-0.34.0"
    },
    {
      "relatedSpdxElement": "SPDXRef-Package-cfg-if-1.0.4",
      "relationshipType": "DEPENDS_ON",
      "spdxElementId": "SPDXRef-Package-crc32fast-1.5.0"
    },
    {
      "relatedSpdxElement": "SPDXRef-Package-gix-features-0.49.0",
      "relationshipType": "DEPENDS_ON",
      "spdxElementId": "SPDXRef-Package-gix-transport-0.58.1"
    },
    {
      "relatedSpdxElement": "SPDXRef-Package-parking--lot-0.12.5",
      "relationshipType": "DEPENDS_ON",
      "spdxElementId": "SPDXRef-Package-gix-worktree-stream-0.35.0"
    },
    {
      "relatedSpdxElement": "SPDXRef-Package-pin-project-lite-0.2.17",
      "relationshipType": "DEPENDS_ON",
      "spdxElementId": "SPDXRef-Package-futures-util-0.3.34"
    },
    {
      "relatedSpdxElement": "SPDXRef-Package-rustversion-1.0.23",
      "relationshipType": "DEPENDS_ON",
      "spdxElementId": "SPDXRef-Package-arc-swap-1.9.2"
    },
    {
      "relatedSpdxElement": "SPDXRef-Package-quote-1.0.47",
      "relationshipType": "DEPENDS_ON",
      "spdxElementId": "SPDXRef-Package-wasm-bindgen-macro-0.2.120"
    },
    {
      "relatedSpdxElement": "SPDXRef-Package-gix-sec-0.14.2",
      "relationshipType": "DEPENDS_ON",
      "spdxElementId": "SPDXRef-Package-gix-config-0.59.0"
    },
    {
      "relatedSpdxElement": "SPDXRef-Package-windows-link-0.2.1",
      "relationshipType": "DEPENDS_ON",
      "spdxElementId": "SPDXRef-Package-parking--lot--core-0.9.12"
    },
    {
      "relatedSpdxElement": "SPDXRef-Package-gix-error-0.2.5",
      "relationshipType": "DEPENDS_ON",
      "spdxElementId": "SPDXRef-Package-gix-actor-0.41.2"
    },
    {
      "relatedSpdxElement": "SPDXRef-Package-gix-object-0.63.0",
      "relationshipType": "DEPENDS_ON",
      "spdxElementId": "SPDXRef-Package-gix-revwalk-0.34.0"
    },
    {
      "relatedSpdxElement": "SPDXRef-Package-bstr-1.13.1",
      "relationshipType": "DEPENDS_ON",
      "spdxElementId": "SPDXRef-Package-gix-command-0.9.2"
    },
    {
      "relatedSpdxElement": "SPDXRef-Package-hashbrown-0.17.1",
      "relationshipType": "DEPENDS_ON",
      "spdxElementId": "SPDXRef-Package-gix-hashtable-0.16.0"
    },
    {
      "relatedSpdxElement": "SPDXRef-Package-gix-object-0.63.0",
      "relationshipType": "DEPENDS_ON",
      "spdxElementId": "SPDXRef-Package-gix-diff-0.66.0"
    },
    {
      "relatedSpdxElement": "SPDXRef-Package-bstr-1.13.1",
      "relationshipType": "DEPENDS_ON",
      "spdxElementId": "SPDXRef-Package-gix-imara-diff-0.2.4"
    },
    {
      "relatedSpdxElement": "SPDXRef-Package-gix-worktree-0.55.0",
      "relationshipType": "DEPENDS_ON",
      "spdxElementId": "SPDXRef-Package-gix-0.86.0"
    },
    {
      "relatedSpdxElement": "SPDXRef-Package-gix-worktree-0.55.0",
      "relationshipType": "DEPENDS_ON",
      "spdxElementId": "SPDXRef-Package-gix-dir-0.28.0"
    },
    {
      "relatedSpdxElement": "SPDXRef-Package-gix-revwalk-0.34.0",
      "relationshipType": "DEPENDS_ON",
      "spdxElementId": "SPDXRef-Package-gix-negotiate-0.34.0"
    },
    {
      "relatedSpdxElement": "SPDXRef-Package-gix-error-0.2.5",
      "relationshipType": "DEPENDS_ON",
      "spdxElementId": "SPDXRef-Package-gix-revision-0.48.0"
    },
    {
      "relatedSpdxElement": "SPDXRef-Package-globset-0.4.19",
      "relationshipType": "DEPENDS_ON",
      "spdxElementId": "SPDXRef-Package-ignore-0.4.31"
    },
    {
      "relatedSpdxElement": "SPDXRef-Package-crossbeam-utils-0.8.22",
      "relationshipType": "DEPENDS_ON",
      "spdxElementId": "SPDXRef-Package-crossbeam-epoch-0.9.20"
    },
    {
      "relatedSpdxElement": "SPDXRef-Package-log-0.4.33",
      "relationshipType": "DEPENDS_ON",
      "spdxElementId": "SPDXRef-Package-ignore-0.4.31"
    },
    {
      "relatedSpdxElement": "SPDXRef-Package-gix-config-value-0.19.1",
      "relationshipType": "DEPENDS_ON",
      "spdxElementId": "SPDXRef-Package-gix-config-0.59.0"
    },
    {
      "relatedSpdxElement": "SPDXRef-Package-bitflags-2.13.1",
      "relationshipType": "DEPENDS_ON",
      "spdxElementId": "SPDXRef-Package-gix-sec-0.14.2"
    },
    {
      "relatedSpdxElement": "SPDXRef-Package-thiserror-2.0.20",
      "relationshipType": "DEPENDS_ON",
      "spdxElementId": "SPDXRef-Package-gix-config-value-0.19.1"
    },
    {
      "relatedSpdxElement": "SPDXRef-Package-equivalent-1.0.2",
      "relationshipType": "DEPENDS_ON",
      "spdxElementId": "SPDXRef-Package-hashbrown-0.16.1"
    },
    {
      "relatedSpdxElement": "SPDXRef-Package-generic-array-0.14.7",
      "relationshipType": "DEPENDS_ON",
      "spdxElementId": "SPDXRef-Package-block-buffer-0.10.4"
    },
    {
      "relatedSpdxElement": "SPDXRef-Package-gix-features-0.49.0",
      "relationshipType": "DEPENDS_ON",
      "spdxElementId": "SPDXRef-Package-gix-index-0.54.0"
    },
    {
      "relatedSpdxElement": "SPDXRef-Package-proc-macro2-1.0.107",
      "relationshipType": "DEPENDS_ON",
      "spdxElementId": "SPDXRef-Package-thiserror-impl-2.0.20"
    },
    {
      "relatedSpdxElement": "SPDXRef-Package-gix-revision-0.48.0",
      "relationshipType": "DEPENDS_ON",
      "spdxElementId": "SPDXRef-Package-gix-refspec-0.44.0"
    },
    {
      "relatedSpdxElement": "SPDXRef-Package-gix-validate-0.11.3",
      "relationshipType": "DEPENDS_ON",
      "spdxElementId": "SPDXRef-Package-gix-0.86.0"
    },
    {
      "relatedSpdxElement": "SPDXRef-Package-regex-1.13.1",
      "relationshipType": "DEPENDS_ON",
      "spdxElementId": "SPDXRef-Package-gix-0.86.0"
    },
    {
      "relatedSpdxElement": "SPDXRef-Package-quote-1.0.47",
      "relationshipType": "DEPENDS_ON",
      "spdxElementId": "SPDXRef-Package-wasm-bindgen-macro-support-0.2.120"
    },
    {
      "relatedSpdxElement": "SPDXRef-Package-windows--i686--gnullvm-0.52.6",
      "relationshipType": "DEPENDS_ON",
      "spdxElementId": "SPDXRef-Package-windows-targets-0.52.6"
    },
    {
      "relatedSpdxElement": "SPDXRef-Package-gix-worktree-0.55.0",
      "relationshipType": "DEPENDS_ON",
      "spdxElementId": "SPDXRef-Package-gix-diff-0.66.0"
    },
    {
      "relatedSpdxElement": "SPDXRef-Package-libc-0.2.189",
      "relationshipType": "DEPENDS_ON",
      "spdxElementId": "SPDXRef-Package-signal-hook-0.4.4"
    },
    {
      "relatedSpdxElement": "SPDXRef-Package-gix-validate-0.11.3",
      "relationshipType": "DEPENDS_ON",
      "spdxElementId": "SPDXRef-Package-gix-worktree-0.55.0"
    },
    {
      "relatedSpdxElement": "SPDXRef-Package-memmap2-0.9.11",
      "relationshipType": "DEPENDS_ON",
      "spdxElementId": "SPDXRef-Package-gix-pack-0.73.0"
    },
    {
      "relatedSpdxElement": "SPDXRef-Package-gix-submodule-0.33.0",
      "relationshipType": "DEPENDS_ON",
      "spdxElementId": "SPDXRef-Package-gix-0.86.0"
    },
    {
      "relatedSpdxElement": "SPDXRef-Package-gix-hashtable-0.16.0",
      "relationshipType": "DEPENDS_ON",
      "spdxElementId": "SPDXRef-Package-gix-revwalk-0.34.0"
    },
    {
      "relatedSpdxElement": "SPDXRef-Package-proc-macro2-1.0.107",
      "relationshipType": "DEPENDS_ON",
      "spdxElementId": "SPDXRef-Package-tokio-macros-2.7.0"
    },
    {
      "relatedSpdxElement": "SPDXRef-Package-gix-hash-0.26.0",
      "relationshipType": "DEPENDS_ON",
      "spdxElementId": "SPDXRef-Package-gix-0.86.0"
    },
    {
      "relatedSpdxElement": "SPDXRef-Package-gix-object-0.63.0",
      "relationshipType": "DEPENDS_ON",
      "spdxElementId": "SPDXRef-Package-gix-worktree-stream-0.35.0"
    },
    {
      "relatedSpdxElement": "SPDXRef-Package-regex-automata-0.4.16",
      "relationshipType": "DEPENDS_ON",
      "spdxElementId": "SPDXRef-Package-regex-1.13.1"
    },
    {
      "relatedSpdxElement": "SPDXRef-Package-gix-command-0.9.2",
      "relationshipType": "DEPENDS_ON",
      "spdxElementId": "SPDXRef-Package-gix-diff-0.66.0"
    },
    {
      "relatedSpdxElement": "SPDXRef-Package-gix-filter-0.33.0",
      "relationshipType": "DEPENDS_ON",
      "spdxElementId": "SPDXRef-Package-gix-0.86.0"
    },
    {
      "relatedSpdxElement": "SPDXRef-Package-gix-glob-0.27.0",
      "relationshipType": "DEPENDS_ON",
      "spdxElementId": "SPDXRef-Package-gix-config-0.59.0"
    },
    {
      "relatedSpdxElement": "SPDXRef-Package-windows--x86--64--gnu-0.53.1",
      "relationshipType": "DEPENDS_ON",
      "spdxElementId": "SPDXRef-Package-windows-targets-0.53.5"
    },
    {
      "relatedSpdxElement": "SPDXRef-Package-cfg-if-1.0.4",
      "relationshipType": "DEPENDS_ON",
      "spdxElementId": "SPDXRef-Package-dashmap-6.2.1"
    },
    {
      "relatedSpdxElement": "SPDXRef-Package-once--cell-1.21.4",
      "relationshipType": "DEPENDS_ON",
      "spdxElementId": "SPDXRef-Package-js-sys-0.3.97"
    },
    {
      "relatedSpdxElement": "SPDXRef-Package-libc-0.2.189",
      "relationshipType": "DEPENDS_ON",
      "spdxElementId": "SPDXRef-Package-cpufeatures-0.3.0"
    },
    {
      "relatedSpdxElement": "SPDXRef-Package-winx-0.36.4",
      "relationshipType": "DEPENDS_ON",
      "spdxElementId": "SPDXRef-Package-cap-primitives-4.0.2"
    },
    {
      "relatedSpdxElement": "SPDXRef-Package-repin-foundation-spike-0.1.0",
      "relationshipType": "GENERATED_FROM",
      "spdxElementId": "SPDXRef-File-repin-f4-spike"
    },
    {
      "relatedSpdxElement": "SPDXRef-Package-libc-0.2.189",
      "relationshipType": "DEPENDS_ON",
      "spdxElementId": "SPDXRef-Package-getrandom-0.4.3"
    },
    {
      "relatedSpdxElement": "SPDXRef-Package-thiserror-2.0.20",
      "relationshipType": "DEPENDS_ON",
      "spdxElementId": "SPDXRef-Package-gix-blame-0.16.0"
    },
    {
      "relatedSpdxElement": "SPDXRef-Package-gix-path-0.12.4",
      "relationshipType": "DEPENDS_ON",
      "spdxElementId": "SPDXRef-Package-gix-pack-0.73.0"
    },
    {
      "relatedSpdxElement": "SPDXRef-Package-rustix-linux-procfs-0.1.1",
      "relationshipType": "DEPENDS_ON",
      "spdxElementId": "SPDXRef-Package-cap-primitives-4.0.2"
    },
    {
      "relatedSpdxElement": "SPDXRef-Package-gix-shallow-0.13.0",
      "relationshipType": "DEPENDS_ON",
      "spdxElementId": "SPDXRef-Package-gix-0.86.0"
    },
    {
      "relatedSpdxElement": "SPDXRef-Package-gix-sec-0.14.2",
      "relationshipType": "DEPENDS_ON",
      "spdxElementId": "SPDXRef-Package-gix-transport-0.58.1"
    },
    {
      "relatedSpdxElement": "SPDXRef-Package-gix-hash-0.26.0",
      "relationshipType": "DEPENDS_ON",
      "spdxElementId": "SPDXRef-Package-gix-refspec-0.44.0"
    },
    {
      "relatedSpdxElement": "SPDXRef-Package-gix-validate-0.11.3",
      "relationshipType": "DEPENDS_ON",
      "spdxElementId": "SPDXRef-Package-gix-refspec-0.44.0"
    },
    {
      "relatedSpdxElement": "SPDXRef-Package-nonempty-0.12.0",
      "relationshipType": "DEPENDS_ON",
      "spdxElementId": "SPDXRef-Package-gix-revision-0.48.0"
    },
    {
      "relatedSpdxElement": "SPDXRef-Package-streaming-iterator-0.1.9",
      "relationshipType": "DEPENDS_ON",
      "spdxElementId": "SPDXRef-Package-tree-sitter-0.26.11"
    },
    {
      "relatedSpdxElement": "SPDXRef-Package-repin-foundation-spike-0.1.0",
      "relationshipType": "GENERATED_FROM",
      "spdxElementId": "SPDXRef-File-repin-foundation-spike"
    },
    {
      "relatedSpdxElement": "SPDXRef-Package-windows--x86--64--gnullvm-0.53.1",
      "relationshipType": "DEPENDS_ON",
      "spdxElementId": "SPDXRef-Package-windows-targets-0.53.5"
    },
    {
      "relatedSpdxElement": "SPDXRef-Package-windows-link-0.2.1",
      "relationshipType": "DEPENDS_ON",
      "spdxElementId": "SPDXRef-Package-jiff-0.2.35"
    },
    {
      "relatedSpdxElement": "SPDXRef-Package-gix-hash-0.26.0",
      "relationshipType": "DEPENDS_ON",
      "spdxElementId": "SPDXRef-Package-gix-index-0.54.0"
    },
    {
      "relatedSpdxElement": "SPDXRef-Package-windows-sys-0.61.2",
      "relationshipType": "DEPENDS_ON",
      "spdxElementId": "SPDXRef-Package-errno-0.3.14"
    },
    {
      "relatedSpdxElement": "SPDXRef-Package-linux-raw-sys-0.12.1",
      "relationshipType": "DEPENDS_ON",
      "spdxElementId": "SPDXRef-Package-rustix-1.1.4"
    },
    {
      "relatedSpdxElement": "SPDXRef-Package-getrandom-0.4.3",
      "relationshipType": "DEPENDS_ON",
      "spdxElementId": "SPDXRef-Package-gix-utils-0.3.5"
    },
    {
      "relatedSpdxElement": "SPDXRef-Package-windows--aarch64--msvc-0.52.6",
      "relationshipType": "DEPENDS_ON",
      "spdxElementId": "SPDXRef-Package-windows-targets-0.52.6"
    },
    {
      "relatedSpdxElement": "SPDXRef-Package-regex-syntax-0.8.11",
      "relationshipType": "DEPENDS_ON",
      "spdxElementId": "SPDXRef-Package-regex-automata-0.4.16"
    },
    {
      "relatedSpdxElement": "SPDXRef-Package-encoding--rs-0.8.35",
      "relationshipType": "DEPENDS_ON",
      "spdxElementId": "SPDXRef-Package-gix-filter-0.33.0"
    },
    {
      "relatedSpdxElement": "SPDXRef-Package-bstr-1.13.1",
      "relationshipType": "DEPENDS_ON",
      "spdxElementId": "SPDXRef-Package-gix-fs-0.22.0"
    },
    {
      "relatedSpdxElement": "SPDXRef-Package-rustix-1.1.4",
      "relationshipType": "DEPENDS_ON",
      "spdxElementId": "SPDXRef-Package-fs-set-times-0.20.3"
    },
    {
      "relatedSpdxElement": "SPDXRef-Package-gix-revwalk-0.34.0",
      "relationshipType": "DEPENDS_ON",
      "spdxElementId": "SPDXRef-Package-gix-blame-0.16.0"
    },
    {
      "relatedSpdxElement": "SPDXRef-Package-crossbeam-utils-0.8.22",
      "relationshipType": "DEPENDS_ON",
      "spdxElementId": "SPDXRef-Package-dashmap-6.2.1"
    },
    {
      "relatedSpdxElement": "SPDXRef-Package-gix-negotiate-0.34.0",
      "relationshipType": "DEPENDS_ON",
      "spdxElementId": "SPDXRef-Package-gix-0.86.0"
    },
    {
      "relatedSpdxElement": "SPDXRef-Package-gix-features-0.49.0",
      "relationshipType": "DEPENDS_ON",
      "spdxElementId": "SPDXRef-Package-gix-worktree-0.55.0"
    },
    {
      "relatedSpdxElement": "SPDXRef-Package-gix-command-0.9.2",
      "relationshipType": "DEPENDS_ON",
      "spdxElementId": "SPDXRef-Package-gix-prompt-0.16.0"
    },
    {
      "relatedSpdxElement": "SPDXRef-Package-cpufeatures-0.2.17",
      "relationshipType": "DEPENDS_ON",
      "spdxElementId": "SPDXRef-Package-sha1-0.10.7"
    },
    {
      "relatedSpdxElement": "SPDXRef-Package-bstr-1.13.1",
      "relationshipType": "DEPENDS_ON",
      "spdxElementId": "SPDXRef-Package-gix-utils-0.3.5"
    },
    {
      "relatedSpdxElement": "SPDXRef-Package-gix-object-0.63.0",
      "relationshipType": "DEPENDS_ON",
      "spdxElementId": "SPDXRef-Package-gix-worktree-0.55.0"
    },
    {
      "relatedSpdxElement": "SPDXRef-Package-io-lifetimes-3.0.1",
      "relationshipType": "DEPENDS_ON",
      "spdxElementId": "SPDXRef-Package-cap-fs-ext-4.0.2"
    },
    {
      "relatedSpdxElement": "SPDXRef-Package-nonempty-0.12.0",
      "relationshipType": "DEPENDS_ON",
      "spdxElementId": "SPDXRef-Package-gix-0.86.0"
    },
    {
      "relatedSpdxElement": "SPDXRef-Package-gix-refspec-0.44.0",
      "relationshipType": "DEPENDS_ON",
      "spdxElementId": "SPDXRef-Package-gix-0.86.0"
    },
    {
      "relatedSpdxElement": "SPDXRef-Package-gix-path-0.12.4",
      "relationshipType": "DEPENDS_ON",
      "spdxElementId": "SPDXRef-Package-gix-discover-0.54.0"
    },
    {
      "relatedSpdxElement": "SPDXRef-Package-smallvec-1.15.2",
      "relationshipType": "DEPENDS_ON",
      "spdxElementId": "SPDXRef-Package-gix-pack-0.73.0"
    },
    {
      "relatedSpdxElement": "SPDXRef-Package-thiserror-2.0.20",
      "relationshipType": "DEPENDS_ON",
      "spdxElementId": "SPDXRef-Package-gix-shallow-0.13.0"
    },
    {
      "relatedSpdxElement": "SPDXRef-Package-thiserror-2.0.20",
      "relationshipType": "DEPENDS_ON",
      "spdxElementId": "SPDXRef-Package-gix-transport-0.58.1"
    },
    {
      "relatedSpdxElement": "SPDXRef-Package-bstr-1.13.1",
      "relationshipType": "DEPENDS_ON",
      "spdxElementId": "SPDXRef-Package-gix-validate-0.11.3"
    },
    {
      "relatedSpdxElement": "SPDXRef-Package-memmap2-0.9.11",
      "relationshipType": "DEPENDS_ON",
      "spdxElementId": "SPDXRef-Package-gix-index-0.54.0"
    },
    {
      "relatedSpdxElement": "SPDXRef-Package-gix-revwalk-0.34.0",
      "relationshipType": "DEPENDS_ON",
      "spdxElementId": "SPDXRef-Package-gix-revision-0.48.0"
    },
    {
      "relatedSpdxElement": "SPDXRef-Package-gix-error-0.2.5",
      "relationshipType": "DEPENDS_ON",
      "spdxElementId": "SPDXRef-Package-gix-0.86.0"
    },
    {
      "relatedSpdxElement": "SPDXRef-Package-bytes-1.12.1",
      "relationshipType": "DEPENDS_ON",
      "spdxElementId": "SPDXRef-Package-tokio-1.53.1"
    },
    {
      "relatedSpdxElement": "SPDXRef-Package-gix-error-0.2.5",
      "relationshipType": "DEPENDS_ON",
      "spdxElementId": "SPDXRef-Package-gix-pack-0.73.0"
    },
    {
      "relatedSpdxElement": "SPDXRef-Package-gix-object-0.63.0",
      "relationshipType": "DEPENDS_ON",
      "spdxElementId": "SPDXRef-Package-gix-worktree-state-0.33.0"
    },
    {
      "relatedSpdxElement": "SPDXRef-Package-gix-commitgraph-0.38.0",
      "relationshipType": "DEPENDS_ON",
      "spdxElementId": "SPDXRef-Package-gix-blame-0.16.0"
    },
    {
      "relatedSpdxElement": "SPDXRef-Package-gix-pack-0.73.0",
      "relationshipType": "DEPENDS_ON",
      "spdxElementId": "SPDXRef-Package-gix-0.86.0"
    },
    {
      "relatedSpdxElement": "SPDXRef-Package-once--cell-1.21.4",
      "relationshipType": "DEPENDS_ON",
      "spdxElementId": "SPDXRef-Package-rustix-linux-procfs-0.1.1"
    },
    {
      "relatedSpdxElement": "SPDXRef-Package-gix-worktree-0.55.0",
      "relationshipType": "DEPENDS_ON",
      "spdxElementId": "SPDXRef-Package-gix-worktree-state-0.33.0"
    },
    {
      "relatedSpdxElement": "SPDXRef-Package-js-sys-0.3.97",
      "relationshipType": "DEPENDS_ON",
      "spdxElementId": "SPDXRef-Package-uuid-1.24.1"
    },
    {
      "relatedSpdxElement": "SPDXRef-Package-gix-hash-0.26.0",
      "relationshipType": "DEPENDS_ON",
      "spdxElementId": "SPDXRef-Package-gix-negotiate-0.34.0"
    },
    {
      "relatedSpdxElement": "SPDXRef-Package-tree-sitter-language-0.1.7",
      "relationshipType": "DEPENDS_ON",
      "spdxElementId": "SPDXRef-Package-tree-sitter-md-0.5.3"
    },
    {
      "relatedSpdxElement": "SPDXRef-Package-gix-zlib-0.1.0",
      "relationshipType": "DEPENDS_ON",
      "spdxElementId": "SPDXRef-Package-gix-0.86.0"
    },
    {
      "relatedSpdxElement": "SPDXRef-Package-libc-0.2.189",
      "relationshipType": "DEPENDS_ON",
      "spdxElementId": "SPDXRef-Package-io-close-0.3.7"
    },
    {
      "relatedSpdxElement": "SPDXRef-Package-quote-1.0.47",
      "relationshipType": "DEPENDS_ON",
      "spdxElementId": "SPDXRef-Package-syn-3.0.3"
    },
    {
      "relatedSpdxElement": "SPDXRef-Package-regex-automata-0.4.16",
      "relationshipType": "DEPENDS_ON",
      "spdxElementId": "SPDXRef-Package-repin-foundation-spike-0.1.0"
    },
    {
      "relatedSpdxElement": "SPDXRef-Package-gix-validate-0.11.3",
      "relationshipType": "DEPENDS_ON",
      "spdxElementId": "SPDXRef-Package-gix-index-0.54.0"
    },
    {
      "relatedSpdxElement": "SPDXRef-Package-gix-trace-0.1.21",
      "relationshipType": "DEPENDS_ON",
      "spdxElementId": "SPDXRef-Package-gix-revision-0.48.0"
    },
    {
      "relatedSpdxElement": "SPDXRef-Package-wasi-0.11.1-plus-wasi-snapshot-preview1",
      "relationshipType": "DEPENDS_ON",
      "spdxElementId": "SPDXRef-Package-mio-1.2.1"
    },
    {
      "relatedSpdxElement": "SPDXRef-Package-bitflags-2.13.1",
      "relationshipType": "DEPENDS_ON",
      "spdxElementId": "SPDXRef-Package-gix-config-value-0.19.1"
    },
    {
      "relatedSpdxElement": "SPDXRef-Package-thiserror-2.0.20",
      "relationshipType": "DEPENDS_ON",
      "spdxElementId": "SPDXRef-Package-gix-packetline-0.22.0"
    },
    {
      "relatedSpdxElement": "SPDXRef-Package-libc-0.2.189",
      "relationshipType": "DEPENDS_ON",
      "spdxElementId": "SPDXRef-Package-tokio-1.53.1"
    },
    {
      "relatedSpdxElement": "SPDXRef-Package-gix-glob-0.27.0",
      "relationshipType": "DEPENDS_ON",
      "spdxElementId": "SPDXRef-Package-gix-ignore-0.22.0"
    },
    {
      "relatedSpdxElement": "SPDXRef-Package-signal-hook-0.4.4",
      "relationshipType": "DEPENDS_ON",
      "spdxElementId": "SPDXRef-Package-gix-0.86.0"
    },
    {
      "relatedSpdxElement": "SPDXRef-Package-winapi-util-0.1.11",
      "relationshipType": "DEPENDS_ON",
      "spdxElementId": "SPDXRef-Package-ignore-0.4.31"
    },
    {
      "relatedSpdxElement": "SPDXRef-File-repin-foundation-spike",
      "relationshipType": "DESCRIBES",
      "spdxElementId": "SPDXRef-DOCUMENT"
    },
    {
      "relatedSpdxElement": "SPDXRef-Package-thiserror-2.0.20",
      "relationshipType": "DEPENDS_ON",
      "spdxElementId": "SPDXRef-Package-gix-ref-0.66.0"
    },
    {
      "relatedSpdxElement": "SPDXRef-Package-unicode-bom-2.0.3",
      "relationshipType": "DEPENDS_ON",
      "spdxElementId": "SPDXRef-Package-gix-config-0.59.0"
    },
    {
      "relatedSpdxElement": "SPDXRef-Package-serde--core-1.0.228",
      "relationshipType": "DEPENDS_ON",
      "spdxElementId": "SPDXRef-Package-jiff-0.2.35"
    },
    {
      "relatedSpdxElement": "SPDXRef-Package-gix-tempfile-24.0.0",
      "relationshipType": "DEPENDS_ON",
      "spdxElementId": "SPDXRef-Package-gix-diff-0.66.0"
    },
    {
      "relatedSpdxElement": "SPDXRef-Package-gix-hashtable-0.16.0",
      "relationshipType": "DEPENDS_ON",
      "spdxElementId": "SPDXRef-Package-gix-revision-0.48.0"
    },
    {
      "relatedSpdxElement": "SPDXRef-Package-syn-2.0.119",
      "relationshipType": "DEPENDS_ON",
      "spdxElementId": "SPDXRef-Package-tokio-macros-2.7.0"
    },
    {
      "relatedSpdxElement": "SPDXRef-Package-memmap2-0.9.11",
      "relationshipType": "DEPENDS_ON",
      "spdxElementId": "SPDXRef-Package-gix-odb-0.83.0"
    },
    {
      "relatedSpdxElement": "SPDXRef-Package-parking--lot-0.12.5",
      "relationshipType": "DEPENDS_ON",
      "spdxElementId": "SPDXRef-Package-prodash-31.0.0"
    },
    {
      "relatedSpdxElement": "SPDXRef-Package-quote-1.0.47",
      "relationshipType": "DEPENDS_ON",
      "spdxElementId": "SPDXRef-Package-tokio-macros-2.7.0"
    },
    {
      "relatedSpdxElement": "SPDXRef-Package-gix-utils-0.3.5",
      "relationshipType": "DEPENDS_ON",
      "spdxElementId": "SPDXRef-Package-gix-url-0.37.1"
    },
    {
      "relatedSpdxElement": "SPDXRef-Package-libc-0.2.189",
      "relationshipType": "DEPENDS_ON",
      "spdxElementId": "SPDXRef-Package-errno-0.3.14"
    },
    {
      "relatedSpdxElement": "SPDXRef-Package-gix-revwalk-0.34.0",
      "relationshipType": "DEPENDS_ON",
      "spdxElementId": "SPDXRef-Package-gix-0.86.0"
    },
    {
      "relatedSpdxElement": "SPDXRef-Package-arrayvec-0.7.8",
      "relationshipType": "DEPENDS_ON",
      "spdxElementId": "SPDXRef-Package-uluru-3.1.0"
    },
    {
      "relatedSpdxElement": "SPDXRef-Package-gix-utils-0.3.5",
      "relationshipType": "DEPENDS_ON",
      "spdxElementId": "SPDXRef-Package-gix-dir-0.28.0"
    },
    {
      "relatedSpdxElement": "SPDXRef-Package-gix-fs-0.22.0",
      "relationshipType": "DEPENDS_ON",
      "spdxElementId": "SPDXRef-Package-gix-discover-0.54.0"
    },
    {
      "relatedSpdxElement": "SPDXRef-Package-gix-ignore-0.22.0",
      "relationshipType": "DEPENDS_ON",
      "spdxElementId": "SPDXRef-Package-gix-0.86.0"
    },
    {
      "relatedSpdxElement": "SPDXRef-Package-gix-fs-0.22.0",
      "relationshipType": "DEPENDS_ON",
      "spdxElementId": "SPDXRef-Package-gix-0.86.0"
    },
    {
      "relatedSpdxElement": "SPDXRef-Package-libc-0.2.189",
      "relationshipType": "DEPENDS_ON",
      "spdxElementId": "SPDXRef-Package-mio-1.2.1"
    },
    {
      "relatedSpdxElement": "SPDXRef-Package-gix-features-0.49.0",
      "relationshipType": "DEPENDS_ON",
      "spdxElementId": "SPDXRef-Package-gix-object-0.63.0"
    },
    {
      "relatedSpdxElement": "SPDXRef-Package-gix-ignore-0.22.0",
      "relationshipType": "DEPENDS_ON",
      "spdxElementId": "SPDXRef-Package-gix-worktree-0.55.0"
    },
    {
      "relatedSpdxElement": "SPDXRef-Package-gix-features-0.49.0",
      "relationshipType": "DEPENDS_ON",
      "spdxElementId": "SPDXRef-Package-gix-odb-0.83.0"
    },
    {
      "relatedSpdxElement": "SPDXRef-Package-gix-path-0.12.4",
      "relationshipType": "DEPENDS_ON",
      "spdxElementId": "SPDXRef-Package-gix-status-0.33.0"
    },
    {
      "relatedSpdxElement": "SPDXRef-Package-gix-shallow-0.13.0",
      "relationshipType": "DEPENDS_ON",
      "spdxElementId": "SPDXRef-Package-gix-protocol-0.64.0"
    },
    {
      "relatedSpdxElement": "SPDXRef-Package-gix-quote-0.7.2",
      "relationshipType": "DEPENDS_ON",
      "spdxElementId": "SPDXRef-Package-gix-command-0.9.2"
    },
    {
      "relatedSpdxElement": "SPDXRef-Package-gix-fs-0.22.0",
      "relationshipType": "DEPENDS_ON",
      "spdxElementId": "SPDXRef-Package-gix-ref-0.66.0"
    },
    {
      "relatedSpdxElement": "SPDXRef-Package-ignore-0.4.31",
      "relationshipType": "DEPENDS_ON",
      "spdxElementId": "SPDXRef-Package-repin-foundation-spike-0.1.0"
    },
    {
      "relatedSpdxElement": "SPDXRef-Package-aho-corasick-1.1.5",
      "relationshipType": "DEPENDS_ON",
      "spdxElementId": "SPDXRef-Package-regex-automata-0.4.16"
    },
    {
      "relatedSpdxElement": "SPDXRef-Package-smallvec-1.15.2",
      "relationshipType": "DEPENDS_ON",
      "spdxElementId": "SPDXRef-Package-parking--lot--core-0.9.12"
    },
    {
      "relatedSpdxElement": "SPDXRef-Package-windows-sys-0.60.2",
      "relationshipType": "DEPENDS_ON",
      "spdxElementId": "SPDXRef-Package-io-extras-0.19.0"
    },
    {
      "relatedSpdxElement": "SPDXRef-Package-gix-ref-0.66.0",
      "relationshipType": "DEPENDS_ON",
      "spdxElementId": "SPDXRef-Package-gix-config-0.59.0"
    },
    {
      "relatedSpdxElement": "SPDXRef-Package-memchr-2.8.3",
      "relationshipType": "DEPENDS_ON",
      "spdxElementId": "SPDXRef-Package-aho-corasick-1.1.5"
    },
    {
      "relatedSpdxElement": "SPDXRef-Package-gix-commitgraph-0.38.0",
      "relationshipType": "DEPENDS_ON",
      "spdxElementId": "SPDXRef-Package-gix-negotiate-0.34.0"
    },
    {
      "relatedSpdxElement": "SPDXRef-Package-parking--lot-0.12.5",
      "relationshipType": "DEPENDS_ON",
      "spdxElementId": "SPDXRef-Package-gix-odb-0.83.0"
    },
    {
      "relatedSpdxElement": "SPDXRef-Package-cfg-if-1.0.4",
      "relationshipType": "DEPENDS_ON",
      "spdxElementId": "SPDXRef-Package-sha2-0.10.9"
    },
    {
      "relatedSpdxElement": "SPDXRef-Package-nonempty-0.12.0",
      "relationshipType": "DEPENDS_ON",
      "spdxElementId": "SPDXRef-Package-gix-protocol-0.64.0"
    },
    {
      "relatedSpdxElement": "SPDXRef-Package-gix-object-0.63.0",
      "relationshipType": "DEPENDS_ON",
      "spdxElementId": "SPDXRef-Package-gix-archive-0.35.0"
    },
    {
      "relatedSpdxElement": "SPDXRef-Package-libc-0.2.189",
      "relationshipType": "DEPENDS_ON",
      "spdxElementId": "SPDXRef-Package-cpufeatures-0.2.17"
    },
    {
      "relatedSpdxElement": "SPDXRef-Package-hashbrown-0.14.5",
      "relationshipType": "DEPENDS_ON",
      "spdxElementId": "SPDXRef-Package-dashmap-6.2.1"
    },
    {
      "relatedSpdxElement": "SPDXRef-Package-syn-2.0.119",
      "relationshipType": "DEPENDS_ON",
      "spdxElementId": "SPDXRef-Package-serde--derive-1.0.228"
    },
    {
      "relatedSpdxElement": "SPDXRef-Package-walkdir-2.5.0",
      "relationshipType": "DEPENDS_ON",
      "spdxElementId": "SPDXRef-Package-gix-features-0.49.0"
    },
    {
      "relatedSpdxElement": "SPDXRef-Package-gix-fs-0.22.0",
      "relationshipType": "DEPENDS_ON",
      "spdxElementId": "SPDXRef-Package-gix-worktree-stream-0.35.0"
    },
    {
      "relatedSpdxElement": "SPDXRef-Package-gix-hash-0.26.0",
      "relationshipType": "DEPENDS_ON",
      "spdxElementId": "SPDXRef-Package-gix-object-0.63.0"
    },
    {
      "relatedSpdxElement": "SPDXRef-Package-percent-encoding-2.3.2",
      "relationshipType": "DEPENDS_ON",
      "spdxElementId": "SPDXRef-Package-gix-url-0.37.1"
    },
    {
      "relatedSpdxElement": "SPDXRef-Package-bstr-1.13.1",
      "relationshipType": "DEPENDS_ON",
      "spdxElementId": "SPDXRef-Package-gix-shallow-0.13.0"
    },
    {
      "relatedSpdxElement": "SPDXRef-Package-tempfile-3.27.0",
      "relationshipType": "DEPENDS_ON",
      "spdxElementId": "SPDXRef-Package-gix-tempfile-24.0.0"
    },
    {
      "relatedSpdxElement": "SPDXRef-Package-proc-macro2-1.0.107",
      "relationshipType": "DEPENDS_ON",
      "spdxElementId": "SPDXRef-Package-jiff-static-0.2.35"
    },
    {
      "relatedSpdxElement": "SPDXRef-Package-bstr-1.13.1",
      "relationshipType": "DEPENDS_ON",
      "spdxElementId": "SPDXRef-Package-gix-object-0.63.0"
    },
    {
      "relatedSpdxElement": "SPDXRef-Package-rustix-1.1.4",
      "relationshipType": "DEPENDS_ON",
      "spdxElementId": "SPDXRef-Package-cap-primitives-4.0.2"
    },
    {
      "relatedSpdxElement": "SPDXRef-Package-serde-1.0.228",
      "relationshipType": "DEPENDS_ON",
      "spdxElementId": "SPDXRef-Package-faster-hex-0.10.0"
    },
    {
      "relatedSpdxElement": "SPDXRef-Package-gix-error-0.2.5",
      "relationshipType": "DEPENDS_ON",
      "spdxElementId": "SPDXRef-Package-gix-blame-0.16.0"
    },
    {
      "relatedSpdxElement": "SPDXRef-Package-r-efi-6.0.0",
      "relationshipType": "DEPENDS_ON",
      "spdxElementId": "SPDXRef-Package-getrandom-0.4.3"
    },
    {
      "relatedSpdxElement": "SPDXRef-Package-gix-hash-0.26.0",
      "relationshipType": "DEPENDS_ON",
      "spdxElementId": "SPDXRef-Package-gix-diff-0.66.0"
    },
    {
      "relatedSpdxElement": "SPDXRef-Package-libc-0.2.189",
      "relationshipType": "DEPENDS_ON",
      "spdxElementId": "SPDXRef-Package-gix-sec-0.14.2"
    },
    {
      "relatedSpdxElement": "SPDXRef-Package-rustix-1.1.4",
      "relationshipType": "DEPENDS_ON",
      "spdxElementId": "SPDXRef-Package-gix-prompt-0.16.0"
    },
    {
      "relatedSpdxElement": "SPDXRef-Package-bstr-1.13.1",
      "relationshipType": "DEPENDS_ON",
      "spdxElementId": "SPDXRef-Package-gix-protocol-0.64.0"
    },
    {
      "relatedSpdxElement": "SPDXRef-Package-gix-hash-0.26.0",
      "relationshipType": "DEPENDS_ON",
      "spdxElementId": "SPDXRef-Package-gix-status-0.33.0"
    },
    {
      "relatedSpdxElement": "SPDXRef-Package-typenum-1.20.1",
      "relationshipType": "DEPENDS_ON",
      "spdxElementId": "SPDXRef-Package-generic-array-0.14.7"
    },
    {
      "relatedSpdxElement": "SPDXRef-Package-bstr-1.13.1",
      "relationshipType": "DEPENDS_ON",
      "spdxElementId": "SPDXRef-Package-gix-quote-0.7.2"
    },
    {
      "relatedSpdxElement": "SPDXRef-Package-unicode-ident-1.0.24",
      "relationshipType": "DEPENDS_ON",
      "spdxElementId": "SPDXRef-Package-syn-3.0.3"
    },
    {
      "relatedSpdxElement": "SPDXRef-Package-signal-hook-registry-1.4.8",
      "relationshipType": "DEPENDS_ON",
      "spdxElementId": "SPDXRef-Package-gix-tempfile-24.0.0"
    },
    {
      "relatedSpdxElement": "SPDXRef-Package-gix-date-0.15.6",
      "relationshipType": "DEPENDS_ON",
      "spdxElementId": "SPDXRef-Package-gix-revision-0.48.0"
    },
    {
      "relatedSpdxElement": "SPDXRef-Package-gix-features-0.49.0",
      "relationshipType": "DEPENDS_ON",
      "spdxElementId": "SPDXRef-Package-gix-config-0.59.0"
    },
    {
      "relatedSpdxElement": "SPDXRef-Package-gix-hashtable-0.16.0",
      "relationshipType": "DEPENDS_ON",
      "spdxElementId": "SPDXRef-Package-gix-odb-0.83.0"
    },
    {
      "relatedSpdxElement": "SPDXRef-Package-wasm-bindgen-0.2.120",
      "relationshipType": "DEPENDS_ON",
      "spdxElementId": "SPDXRef-Package-js-sys-0.3.97"
    },
    {
      "relatedSpdxElement": "SPDXRef-Package-gix-diff-0.66.0",
      "relationshipType": "DEPENDS_ON",
      "spdxElementId": "SPDXRef-Package-gix-0.86.0"
    },
    {
      "relatedSpdxElement": "SPDXRef-Package-gix-hash-0.26.0",
      "relationshipType": "DEPENDS_ON",
      "spdxElementId": "SPDXRef-Package-gix-revwalk-0.34.0"
    },
    {
      "relatedSpdxElement": "SPDXRef-Package-gix-path-0.12.4",
      "relationshipType": "DEPENDS_ON",
      "spdxElementId": "SPDXRef-Package-gix-ref-0.66.0"
    },
    {
      "relatedSpdxElement": "SPDXRef-Package-errno-0.3.14",
      "relationshipType": "DEPENDS_ON",
      "spdxElementId": "SPDXRef-Package-signal-hook-registry-1.4.8"
    },
    {
      "relatedSpdxElement": "SPDXRef-Package-thiserror-2.0.20",
      "relationshipType": "DEPENDS_ON",
      "spdxElementId": "SPDXRef-Package-gix-fs-0.22.0"
    },
    {
      "relatedSpdxElement": "SPDXRef-Package-gix-commitgraph-0.38.0",
      "relationshipType": "DEPENDS_ON",
      "spdxElementId": "SPDXRef-Package-gix-0.86.0"
    },
    {
      "relatedSpdxElement": "SPDXRef-Package-tokio-1.53.1",
      "relationshipType": "DEPENDS_ON",
      "spdxElementId": "SPDXRef-Package-repin-foundation-spike-0.1.0"
    },
    {
      "relatedSpdxElement": "SPDXRef-Package-gix-date-0.15.6",
      "relationshipType": "DEPENDS_ON",
      "spdxElementId": "SPDXRef-Package-gix-traverse-0.60.0"
    },
    {
      "relatedSpdxElement": "SPDXRef-Package-cfg-if-1.0.4",
      "relationshipType": "DEPENDS_ON",
      "spdxElementId": "SPDXRef-Package-filetime-0.2.29"
    },
    {
      "relatedSpdxElement": "SPDXRef-Package-thiserror-2.0.20",
      "relationshipType": "DEPENDS_ON",
      "spdxElementId": "SPDXRef-Package-gix-config-0.59.0"
    },
    {
      "relatedSpdxElement": "SPDXRef-Package-gix-chunk-0.7.3",
      "relationshipType": "DEPENDS_ON",
      "spdxElementId": "SPDXRef-Package-gix-pack-0.73.0"
    },
    {
      "relatedSpdxElement": "SPDXRef-Package-bitflags-2.13.1",
      "relationshipType": "DEPENDS_ON",
      "spdxElementId": "SPDXRef-Package-gix-revision-0.48.0"
    },
    {
      "relatedSpdxElement": "SPDXRef-Package-lock--api-0.4.14",
      "relationshipType": "DEPENDS_ON",
      "spdxElementId": "SPDXRef-Package-parking--lot-0.12.5"
    },
    {
      "relatedSpdxElement": "SPDXRef-Package-gix-discover-0.54.0",
      "relationshipType": "DEPENDS_ON",
      "spdxElementId": "SPDXRef-Package-gix-dir-0.28.0"
    },
    {
      "relatedSpdxElement": "SPDXRef-Package-cpufeatures-0.2.17",
      "relationshipType": "DEPENDS_ON",
      "spdxElementId": "SPDXRef-Package-sha2-0.10.9"
    },
    {
      "relatedSpdxElement": "SPDXRef-Package-tree-sitter-language-0.1.7",
      "relationshipType": "DEPENDS_ON",
      "spdxElementId": "SPDXRef-Package-tree-sitter-javascript-0.25.0"
    },
    {
      "relatedSpdxElement": "SPDXRef-Package-digest-0.10.7",
      "relationshipType": "DEPENDS_ON",
      "spdxElementId": "SPDXRef-Package-sha1-checked-0.10.0"
    },
    {
      "relatedSpdxElement": "SPDXRef-Package-gix-object-0.63.0",
      "relationshipType": "DEPENDS_ON",
      "spdxElementId": "SPDXRef-Package-gix-0.86.0"
    },
    {
      "relatedSpdxElement": "SPDXRef-Package-gix-pathspec-0.19.0",
      "relationshipType": "DEPENDS_ON",
      "spdxElementId": "SPDXRef-Package-gix-diff-0.66.0"
    },
    {
      "relatedSpdxElement": "SPDXRef-Package-gix-features-0.49.0",
      "relationshipType": "DEPENDS_ON",
      "spdxElementId": "SPDXRef-Package-gix-hash-0.26.0"
    },
    {
      "relatedSpdxElement": "SPDXRef-Package-constant--time--eq-0.4.2",
      "relationshipType": "DEPENDS_ON",
      "spdxElementId": "SPDXRef-Package-blake3-1.8.5"
    },
    {
      "relatedSpdxElement": "SPDXRef-Package-smallvec-1.15.2",
      "relationshipType": "DEPENDS_ON",
      "spdxElementId": "SPDXRef-Package-gix-index-0.54.0"
    },
    {
      "relatedSpdxElement": "SPDXRef-Package-gix-object-0.63.0",
      "relationshipType": "DEPENDS_ON",
      "spdxElementId": "SPDXRef-Package-gix-revision-0.48.0"
    },
    {
      "relatedSpdxElement": "SPDXRef-Package-gix-fs-0.22.0",
      "relationshipType": "DEPENDS_ON",
      "spdxElementId": "SPDXRef-Package-gix-worktree-0.55.0"
    },
    {
      "relatedSpdxElement": "SPDXRef-Package-wasm-bindgen-shared-0.2.120",
      "relationshipType": "DEPENDS_ON",
      "spdxElementId": "SPDXRef-Package-wasm-bindgen-0.2.120"
    },
    {
      "relatedSpdxElement": "SPDXRef-Package-gix-attributes-0.34.0",
      "relationshipType": "DEPENDS_ON",
      "spdxElementId": "SPDXRef-Package-gix-diff-0.66.0"
    },
    {
      "relatedSpdxElement": "SPDXRef-Package-libc-0.2.189",
      "relationshipType": "DEPENDS_ON",
      "spdxElementId": "SPDXRef-Package-gix-features-0.49.0"
    },
    {
      "relatedSpdxElement": "SPDXRef-Package-gix-features-0.49.0",
      "relationshipType": "DEPENDS_ON",
      "spdxElementId": "SPDXRef-Package-gix-glob-0.27.0"
    },
    {
      "relatedSpdxElement": "SPDXRef-Package-unicode-normalization-0.1.25",
      "relationshipType": "DEPENDS_ON",
      "spdxElementId": "SPDXRef-Package-gix-utils-0.3.5"
    },
    {
      "relatedSpdxElement": "SPDXRef-Package-foldhash-0.2.0",
      "relationshipType": "DEPENDS_ON",
      "spdxElementId": "SPDXRef-Package-hashbrown-0.17.1"
    },
    {
      "relatedSpdxElement": "SPDXRef-Package-bitflags-2.13.1",
      "relationshipType": "DEPENDS_ON",
      "spdxElementId": "SPDXRef-Package-winx-0.36.4"
    },
    {
      "relatedSpdxElement": "SPDXRef-Package-cfg-if-1.0.4",
      "relationshipType": "DEPENDS_ON",
      "spdxElementId": "SPDXRef-Package-parking--lot--core-0.9.12"
    },
    {
      "relatedSpdxElement": "SPDXRef-Package-gix-filter-0.33.0",
      "relationshipType": "DEPENDS_ON",
      "spdxElementId": "SPDXRef-Package-gix-worktree-stream-0.35.0"
    },
    {
      "relatedSpdxElement": "SPDXRef-Package-gix-hashtable-0.16.0",
      "relationshipType": "DEPENDS_ON",
      "spdxElementId": "SPDXRef-Package-gix-traverse-0.60.0"
    },
    {
      "relatedSpdxElement": "SPDXRef-Package-serde-1.0.228",
      "relationshipType": "DEPENDS_ON",
      "spdxElementId": "SPDXRef-Package-repin-foundation-spike-0.1.0"
    },
    {
      "relatedSpdxElement": "SPDXRef-Package-gix-path-0.12.4",
      "relationshipType": "DEPENDS_ON",
      "spdxElementId": "SPDXRef-Package-gix-fs-0.22.0"
    },
    {
      "relatedSpdxElement": "SPDXRef-Package-gix-imara-diff-0.2.4",
      "relationshipType": "DEPENDS_ON",
      "spdxElementId": "SPDXRef-Package-gix-diff-0.66.0"
    },
    {
      "relatedSpdxElement": "SPDXRef-Package-gix-status-0.33.0",
      "relationshipType": "DEPENDS_ON",
      "spdxElementId": "SPDXRef-Package-gix-0.86.0"
    },
    {
      "relatedSpdxElement": "SPDXRef-Package-gix-traverse-0.60.0",
      "relationshipType": "DEPENDS_ON",
      "spdxElementId": "SPDXRef-Package-gix-diff-0.66.0"
    },
    {
      "relatedSpdxElement": "SPDXRef-Package-getrandom-0.4.3",
      "relationshipType": "DEPENDS_ON",
      "spdxElementId": "SPDXRef-Package-tempfile-3.27.0"
    },
    {
      "relatedSpdxElement": "SPDXRef-Package-clru-0.6.3",
      "relationshipType": "DEPENDS_ON",
      "spdxElementId": "SPDXRef-Package-gix-pack-0.73.0"
    },
    {
      "relatedSpdxElement": "SPDXRef-Package-parking--lot--core-0.9.12",
      "relationshipType": "DEPENDS_ON",
      "spdxElementId": "SPDXRef-Package-parking--lot-0.12.5"
    },
    {
      "relatedSpdxElement": "SPDXRef-Package-quote-1.0.47",
      "relationshipType": "DEPENDS_ON",
      "spdxElementId": "SPDXRef-Package-defmt-macros-1.1.1"
    },
    {
      "relatedSpdxElement": "SPDXRef-Package-gix-utils-0.3.5",
      "relationshipType": "DEPENDS_ON",
      "spdxElementId": "SPDXRef-Package-gix-index-0.54.0"
    },
    {
      "relatedSpdxElement": "SPDXRef-Package-gix-config-value-0.19.1",
      "relationshipType": "DEPENDS_ON",
      "spdxElementId": "SPDXRef-Package-gix-credentials-0.39.1"
    },
    {
      "relatedSpdxElement": "SPDXRef-Package-gix-date-0.15.6",
      "relationshipType": "DEPENDS_ON",
      "spdxElementId": "SPDXRef-Package-gix-protocol-0.64.0"
    },
    {
      "relatedSpdxElement": "SPDXRef-Package-gix-glob-0.27.0",
      "relationshipType": "DEPENDS_ON",
      "spdxElementId": "SPDXRef-Package-gix-refspec-0.44.0"
    },
    {
      "relatedSpdxElement": "SPDXRef-Package-windows--i686--gnu-0.53.1",
      "relationshipType": "DEPENDS_ON",
      "spdxElementId": "SPDXRef-Package-windows-targets-0.53.5"
    },
    {
      "relatedSpdxElement": "SPDXRef-Package-jiff-tzdb-0.1.8",
      "relationshipType": "DEPENDS_ON",
      "spdxElementId": "SPDXRef-Package-jiff-tzdb-platform-0.1.3"
    },
    {
      "relatedSpdxElement": "SPDXRef-Package-windows-link-0.2.1",
      "relationshipType": "DEPENDS_ON",
      "spdxElementId": "SPDXRef-Package-windows-targets-0.53.5"
    },
    {
      "relatedSpdxElement": "SPDXRef-Package-aho-corasick-1.1.5",
      "relationshipType": "DEPENDS_ON",
      "spdxElementId": "SPDXRef-Package-regex-1.13.1"
    },
    {
      "relatedSpdxElement": "SPDXRef-Package-wasm-bindgen-shared-0.2.120",
      "relationshipType": "DEPENDS_ON",
      "spdxElementId": "SPDXRef-Package-wasm-bindgen-macro-support-0.2.120"
    },
    {
      "relatedSpdxElement": "SPDXRef-Package-proc-macro2-1.0.107",
      "relationshipType": "DEPENDS_ON",
      "spdxElementId": "SPDXRef-Package-wasm-bindgen-macro-support-0.2.120"
    },
    {
      "relatedSpdxElement": "SPDXRef-Package-windows-sys-0.61.2",
      "relationshipType": "DEPENDS_ON",
      "spdxElementId": "SPDXRef-Package-gix-sec-0.14.2"
    },
    {
      "relatedSpdxElement": "SPDXRef-Package-bitflags-2.13.1",
      "relationshipType": "DEPENDS_ON",
      "spdxElementId": "SPDXRef-Package-gix-traverse-0.60.0"
    },
    {
      "relatedSpdxElement": "SPDXRef-Package-windows--i686--gnullvm-0.53.1",
      "relationshipType": "DEPENDS_ON",
      "spdxElementId": "SPDXRef-Package-windows-targets-0.53.5"
    },
    {
      "relatedSpdxElement": "SPDXRef-Package-gix-config-value-0.19.1",
      "relationshipType": "DEPENDS_ON",
      "spdxElementId": "SPDXRef-Package-gix-pathspec-0.19.0"
    },
    {
      "relatedSpdxElement": "SPDXRef-Package-windows-sys-0.61.2",
      "relationshipType": "DEPENDS_ON",
      "spdxElementId": "SPDXRef-Package-tokio-1.53.1"
    },
    {
      "relatedSpdxElement": "SPDXRef-Package-gix-ref-0.66.0",
      "relationshipType": "DEPENDS_ON",
      "spdxElementId": "SPDXRef-Package-gix-discover-0.54.0"
    },
    {
      "relatedSpdxElement": "SPDXRef-Package-rustix-1.1.4",
      "relationshipType": "DEPENDS_ON",
      "spdxElementId": "SPDXRef-Package-tempfile-3.27.0"
    },
    {
      "relatedSpdxElement": "SPDXRef-Package-gix-trace-0.1.21",
      "relationshipType": "DEPENDS_ON",
      "spdxElementId": "SPDXRef-Package-gix-ignore-0.22.0"
    },
    {
      "relatedSpdxElement": "SPDXRef-Package-gix-hashtable-0.16.0",
      "relationshipType": "DEPENDS_ON",
      "spdxElementId": "SPDXRef-Package-gix-pack-0.73.0"
    },
    {
      "relatedSpdxElement": "SPDXRef-Package-io-extras-0.19.0",
      "relationshipType": "DEPENDS_ON",
      "spdxElementId": "SPDXRef-Package-cap-std-4.0.2"
    },
    {
      "relatedSpdxElement": "SPDXRef-Package-gix-quote-0.7.2",
      "relationshipType": "DEPENDS_ON",
      "spdxElementId": "SPDXRef-Package-gix-credentials-0.39.1"
    },
    {
      "relatedSpdxElement": "SPDXRef-Package-winapi-i686-pc-windows-gnu-0.4.0",
      "relationshipType": "DEPENDS_ON",
      "spdxElementId": "SPDXRef-Package-winapi-0.3.9"
    },
    {
      "relatedSpdxElement": "SPDXRef-Package-gix-index-0.54.0",
      "relationshipType": "DEPENDS_ON",
      "spdxElementId": "SPDXRef-Package-gix-diff-0.66.0"
    },
    {
      "relatedSpdxElement": "SPDXRef-Package-winapi-util-0.1.11",
      "relationshipType": "DEPENDS_ON",
      "spdxElementId": "SPDXRef-Package-same-file-1.0.6"
    },
    {
      "relatedSpdxElement": "SPDXRef-Package-dashmap-6.2.1",
      "relationshipType": "DEPENDS_ON",
      "spdxElementId": "SPDXRef-Package-gix-tempfile-24.0.0"
    },
    {
      "relatedSpdxElement": "SPDXRef-Package-tempfile-3.27.0",
      "relationshipType": "DEPENDS_ON",
      "spdxElementId": "SPDXRef-Package-repin-foundation-spike-0.1.0"
    },
    {
      "relatedSpdxElement": "SPDXRef-Package-gix-quote-0.7.2",
      "relationshipType": "DEPENDS_ON",
      "spdxElementId": "SPDXRef-Package-gix-filter-0.33.0"
    },
    {
      "relatedSpdxElement": "SPDXRef-Package-bstr-1.13.1",
      "relationshipType": "DEPENDS_ON",
      "spdxElementId": "SPDXRef-Package-gix-worktree-0.55.0"
    },
    {
      "relatedSpdxElement": "SPDXRef-Package-gix-features-0.49.0",
      "relationshipType": "DEPENDS_ON",
      "spdxElementId": "SPDXRef-Package-gix-attributes-0.34.0"
    },
    {
      "relatedSpdxElement": "SPDXRef-Package-bstr-1.13.1",
      "relationshipType": "DEPENDS_ON",
      "spdxElementId": "SPDXRef-Package-gix-transport-0.58.1"
    },
    {
      "relatedSpdxElement": "SPDXRef-Package-thiserror-2.0.20",
      "relationshipType": "DEPENDS_ON",
      "spdxElementId": "SPDXRef-Package-gix-0.86.0"
    },
    {
      "relatedSpdxElement": "SPDXRef-Package-arrayref-0.3.9",
      "relationshipType": "DEPENDS_ON",
      "spdxElementId": "SPDXRef-Package-blake3-1.8.5"
    },
    {
      "relatedSpdxElement": "SPDXRef-Package-gix-trace-0.1.21",
      "relationshipType": "DEPENDS_ON",
      "spdxElementId": "SPDXRef-Package-gix-filter-0.33.0"
    },
    {
      "relatedSpdxElement": "SPDXRef-Package-cap-primitives-4.0.2",
      "relationshipType": "DEPENDS_ON",
      "spdxElementId": "SPDXRef-Package-cap-std-4.0.2"
    }
  ],
  "spdxVersion": "SPDX-2.3"
}
